i,j,ux,uy,phase
0,0,7.05447e-15,-3.47511e-16,-1
0,1,7.06142e-15,-1.33869e-09,-1
0,2,7.14482e-15,-1.28319e-08,-1
0,3,7.29773e-15,-4.41697e-08,-1
0,4,7.46453e-15,-1.04132e-07,-1
0,5,7.65914e-15,-2.00179e-07,-1
0,6,7.77729e-15,-3.38097e-07,-1
0,7,7.9024e-15,-5.21718e-07,-1
0,8,8.10395e-15,-7.52735e-07,-1
0,9,8.29161e-15,-1.03062e-06,-1
0,10,8.42366e-15,-1.35264e-06,-1
0,11,8.53487e-15,-1.71405e-06,-1
0,12,8.65302e-15,-2.10833e-06,-1
0,13,8.64607e-15,-2.52752e-06,-1
0,14,8.59047e-15,-2.96271e-06,-1
0,15,8.51401e-15,-3.40445e-06,-1
0,16,8.36806e-15,-3.84326e-06,-1
0,17,8.24991e-15,-4.27002e-06,-1
0,18,7.97885e-15,-4.67639e-06,-1
0,19,7.66609e-15,-5.05507e-06,-1
0,20,7.31858e-15,-5.39997e-06,-1
0,21,6.88071e-15,-5.70635e-06,-1
0,22,6.5193e-15,-5.97079e-06,-1
0,23,6.20654e-15,-6.19114e-06,-1
0,24,5.86598e-15,-6.36639e-06,-1
0,25,5.46982e-15,-6.49656e-06,-1
0,26,4.99025e-15,-6.58247e-06,-1
0,27,4.61494e-15,-6.62562e-06,-1
0,28,4.13538e-15,-6.62798e-06,-1
0,29,3.58631e-15,-6.59182e-06,-1
0,30,3.07895e-15,-6.51959e-06,-1
0,31,2.56463e-15,-6.41374e-06,-1
0,32,2.00166e-15,-6.27662e-06,-1
0,33,1.44564e-15,-6.11041e-06,-1
0,34,8.27076e-16,-5.91702e-06,-1
0,35,2.91909e-16,-5.69807e-06,-1
0,36,-2.57158e-16,-5.45489e-06,-1
0,37,-9.45229e-16,-5.18849e-06,-1
0,38,-1.69585e-15,-4.89967e-06,-1
0,39,-2.39087e-15,-4.58905e-06,-1
0,40,-3.1415e-15,-4.25714e-06,-1
0,41,-3.94772e-15,-3.90446e-06,-1
0,42,-4.75395e-15,-3.53165e-06,-1
0,43,-5.46982e-15,-3.13955e-06,-1
0,44,-6.10924e-15,-2.72933e-06,-1
0,45,-6.82511e-15,-2.30249e-06,-1
0,46,-7.43673e-15,-1.86097e-06,-1
0,47,-7.97884e-15,-1.4071e-06,-1
0,48,-8.28465e-15,-9.43598e-07,-1
0,49,-8.67386e-15,-4.73481e-07,-1
0,50,-8.93102e-15,-1.2983e-14,-1
0,51,-9.09088e-15,4.7348e-07,-1
0,52,-9.06308e-15,9.43598e-07,-1
0,53,-8.97272e-15,1.4071e-06,-1
0,54,-8.74337e-15,1.86097e-06,-1
0,55,-8.40976e-15,2.30249e-06,-1
0,56,-8.04835e-15,2.72933e-06,-1
0,57,-7.53403e-15,3.13955e-06,-1
0,58,-7.03362e-15,3.53165e-06,-1
0,59,-6.4498e-15,3.90446e-06,-1
0,60,-5.83818e-15,4.25714e-06,-1
0,61,-5.13621e-15,4.58905e-06,-1
0,62,-4.47594e-15,4.89967e-06,-1
0,63,-3.84347e-15,5.18849e-06,-1
0,64,-3.2249e-15,5.45489e-06,-1
0,65,-2.55073e-15,5.69807e-06,-1
0,66,-1.93911e-15,5.91702e-06,-1
0,67,-1.36224e-15,6.11041e-06,-1
0,68,-7.57573e-16,6.27662e-06,-1
0,69,-2.71058e-16,6.41374e-06,-1
0,70,2.64108e-16,6.51959e-06,-1
0,71,7.92324e-16,6.59182e-06,-1
0,72,1.15374e-15,6.62798e-06,-1
0,73,1.51515e-15,6.62562e-06,-1
0,74,1.98776e-15,6.58247e-06,-1
0,75,2.27272e-15,6.49656e-06,-1
0,76,2.58548e-15,6.36639e-06,-1
0,77,2.94689e-15,6.19114e-06,-1
0,78,3.20405e-15,5.97079e-06,-1
0,79,3.42646e-15,5.70635e-06,-1
0,80,3.57241e-15,5.39997e-06,-1
0,81,3.85042e-15,5.05507e-06,-1
0,82,4.12843e-15,4.67639e-06,-1
0,83,4.38559e-15,4.27002e-06,-1
0,84,4.65664e-15,3.84326e-06,-1
0,85,4.89295e-15,3.40445e-06,-1
0,86,5.21266e-15,2.96271e-06,-1
0,87,5.44202e-15,2.52752e-06,-1
0,88,5.76868e-15,2.10833e-06,-1
0,89,6.00499e-15,1.71405e-06,-1
0,90,6.14399e-15,1.35264e-06,-1
0,91,6.3247e-15,1.03062e-06,-1
0,92,6.55406e-15,7.52735e-07,-1
0,93,6.73476e-15,5.21718e-07,-1
0,94,6.79036e-15,3.38097e-07,-1
0,95,6.87377e-15,2.00179e-07,-1
0,96,6.97802e-15,1.04132e-07,-1
0,97,6.95022e-15,4.41697e-08,-1
0,98,6.99192e-15,1.28319e-08,-1
0,99,7.06142e-15,1.33869e-09,-1
1,0,-1.33868e-09,-1.12594e-15,-1
1,1,3.76913e-09,3.76912e-09,-1
1,2,1.88606e-08,-2.61763e-09,-1
1,3,4.32488e-08,-2.88622e-08,-1
1,4,7.58186e-08,-8.37755e-08,-1
1,5,1.15072e-07,-1.74874e-07,-1
1,6,1.59191e-07,-3.0803e-07,-1
1,7,2.06123e-07,-4.87188e-07,-1
1,8,2.53676e-07,-7.14172e-07,-1
1,9,2.99627e-07,-9.88595e-07,-1
1,10,3.41849e-07,-1.30788e-06,-1
1,11,3.78417e-07,-1.66739e-06,-1
1,12,4.07716e-07,-2.0607e-06,-1
1,13,4.28529e-07,-2.47991e-06,-1
1,14,4.40089e-07,-2.91609e-06,-1
1,15,4.42101e-07,-3.35975e-06,-1
1,16,4.34729e-07,-3.80129e-06,-1
1,17,4.18544e-07,-4.23145e-06,-1
1,18,3.94454e-07,-4.64172e-06,-1
1,19,3.63605e-07,-5.0246e-06,-1
1,20,3.27289e-07,-5.37381e-06,-1
1,21,2.86849e-07,-5.68444e-06,-1
1,22,2.43597e-07,-5.9529e-06,-1
1,23,1.98757e-07,-6.17692e-06,-1
1,24,1.53414e-07,-6.35537e-06,-1
1,25,1.08494e-07,-6.48819e-06,-1
1,26,6.47458e-08,-6.57613e-06,-1
1,27,2.27402e-08,-6.62065e-06,-1
1,28,-1.71248e-08,-6.62368e-06,-1
1,29,-5.46137e-08,-6.58749e-06,-1
1,30,-8.96379e-08,-6.51452e-06,-1
1,31,-1.22236e-07,-6.40724e-06,-1
1,32,-1.5255e-07,-6.26804e-06,-1
1,33,-1.808e-07,-6.09913e-06,-1
1,34,-2.07259e-07,-5.90251e-06,-1
1,35,-2.3222e-07,-5.67987e-06,-1
1,36,-2.55973e-07,-5.43268e-06,-1
1,37,-2.78778e-07,-5.1621e-06,-1
1,38,-3.00838e-07,-4.86914e-06,-1
1,39,-3.22282e-07,-4.55461e-06,-1
1,40,-3.43148e-07,-4.21931e-06,-1
1,41,-3.63373e-07,-3.86403e-06,-1
1,42,-3.82795e-07,-3.4897e-06,-1
1,43,-4.01165e-07,-3.09745e-06,-1
1,44,-4.18157e-07,-2.68863e-06,-1
1,45,-4.33407e-07,-2.26491e-06,-1
1,46,-4.46532e-07,-1.82825e-06,-1
1,47,-4.57172e-07,-1.38088e-06,-1
1,48,-4.65015e-07,-9.2526e-07,-1
1,49,-4.69821e-07,-4.64045e-07,-1
1,50,-4.7144e-07,-1.29482e-14,-1
1,51,-4.69821e-07,4.64045e-07,-1
1,52,-4.65015e-07,9.2526e-07,-1
1,53,-4.57172e-07,1.38088e-06,-1
1,54,-4.46532e-07,1.82825e-06,-1
1,55,-4.33407e-07,2.26491e-06,-1
1,56,-4.18157e-07,2.68863e-06,-1
1,57,-4.01165e-07,3.09745e-06,-1
1,58,-3.82795e-07,3.4897e-06,-1
1,59,-3.63373e-07,3.86403e-06,-1
1,60,-3.43148e-07,4.21931e-06,-1
1,61,-3.22282e-07,4.55461e-06,-1
1,62,-3.00838e-07,4.86914e-06,-1
1,63,-2.78778e-07,5.1621e-06,-1
1,64,-2.55973e-07,5.43268e-06,-1
1,65,-2.3222e-07,5.67987e-06,-1
1,66,-2.07259e-07,5.90251e-06,-1
1,67,-1.808e-07,6.09913e-06,-1
1,68,-1.5255e-07,6.26804e-06,-1
1,69,-1.22236e-07,6.40724e-06,-1
1,70,-8.96379e-08,6.51452e-06,-1
1,71,-5.46137e-08,6.58749e-06,-1
1,72,-1.71248e-08,6.62368e-06,-1
1,73,2.27402e-08,6.62065e-06,-1
1,74,6.47458e-08,6.57613e-06,-1
1,75,1.08494e-07,6.48819e-06,-1
1,76,1.53414e-07,6.35537e-06,-1
1,77,1.98757e-07,6.17692e-06,-1
1,78,2.43597e-07,5.9529e-06,-1
1,79,2.86849e-07,5.68444e-06,-1
1,80,3.27289e-07,5.37381e-06,-1
1,81,3.63605e-07,5.0246e-06,-1
1,82,3.94454e-07,4.64172e-06,-1
1,83,4.18544e-07,4.23145e-06,-1
1,84,4.34729e-07,3.80129e-06,-1
1,85,4.42101e-07,3.35975e-06,-1
1,86,4.40089e-07,2.91609e-06,-1
1,87,4.28529e-07,2.47991e-06,-1
1,88,4.07716e-07,2.0607e-06,-1
1,89,3.78417e-07,1.66739e-06,-1
1,90,3.41849e-07,1.30788e-06,-1
1,91,2.99627e-07,9.88595e-07,-1
1,92,2.53676e-07,7.14172e-07,-1
1,93,2.06123e-07,4.87188e-07,-1
1,94,1.59191e-07,3.0803e-07,-1
1,95,1.15072e-07,1.74874e-07,-1
1,96,7.58186e-08,8.37755e-08,-1
1,97,4.32488e-08,2.88622e-08,-1
1,98,1.88606e-08,2.61763e-09,-1
1,99,3.76913e-09,-3.76912e-09,-1
2,0,-1.28319e-08,-1.90436e-15,-1
2,1,-2.61762e-09,1.88606e-08,-1
2,2,2.75717e-08,2.75717e-08,-1
2,3,7.63925e-08,1.64067e-08,-1
2,4,1.4166e-07,-2.35282e-08,-1
2,5,2.20435e-07,-9.99103e-08,-1
2,6,3.09138e-07,-2.18858e-07,-1
2,7,4.03712e-07,-3.84646e-07,-1
2,8,4.99805e-07,-5.99494e-07,-1
2,9,5.92988e-07,-8.63448e-07,-1
2,10,6.78982e-07,-1.17436e-06,-1
2,11,7.5389e-07,-1.52797e-06,-1
2,12,8.14411e-07,-1.91815e-06,-1
2,13,8.58013e-07,-2.33717e-06,-1
2,14,8.83054e-07,-2.77611e-06,-1
2,15,8.88839e-07,-3.22531e-06,-1
2,16,8.75602e-07,-3.67489e-06,-1
2,17,8.44414e-07,-4.11515e-06,-1
2,18,7.97044e-07,-4.53705e-06,-1
2,19,7.35773e-07,-4.9325e-06,-1
2,20,6.63194e-07,-5.29468e-06,-1
2,21,5.82025e-07,-5.61811e-06,-1
2,22,4.94939e-07,-5.89873e-06,-1
2,23,4.0443e-07,-6.13383e-06,-1
2,24,3.1272e-07,-6.32199e-06,-1
2,25,2.21705e-07,-6.46284e-06,-1
2,26,1.32923e-07,-6.55697e-06,-1
2,27,4.75504e-08,-6.60568e-06,-1
2,28,-3.35845e-08,-6.61082e-06,-1
2,29,-1.09981e-07,-6.57461e-06,-1
2,30,-1.81433e-07,-6.49948e-06,-1
2,31,-2.47987e-07,-6.38796e-06,-1
2,32,-3.09893e-07,-6.24253e-06,-1
2,33,-3.67555e-07,-6.06554e-06,-1
2,34,-4.21471e-07,-5.85919e-06,-1
2,35,-4.72177e-07,-5.62547e-06,-1
2,36,-5.2019e-07,-5.36621e-06,-1
2,37,-5.65958e-07,-5.08304e-06,-1
2,38,-6.09817e-07,-4.77753e-06,-1
2,39,-6.51953e-07,-4.45121e-06,-1
2,40,-6.92384e-07,-4.10564e-06,-1
2,41,-7.30956e-07,-3.74247e-06,-1
2,42,-7.67358e-07,-3.36351e-06,-1
2,43,-8.01151e-07,-2.9707e-06,-1
2,44,-8.31819e-07,-2.56606e-06,-1
2,45,-8.58822e-07,-2.1517e-06,-1
2,46,-8.81648e-07,-1.72965e-06,-1
2,47,-8.99855e-07,-1.30184e-06,-1
2,48,-9.13097e-07,-8.69987e-07,-1
2,49,-9.21135e-07,-4.356e-07,-1
2,50,-9.23829e-07,-1.2705e-14,-1
2,51,-9.21135e-07,4.356e-07,-1
2,52,-9.13097e-07,8.69987e-07,-1
2,53,-8.99855e-07,1.30184e-06,-1
2,54,-8.81648e-07,1.72965e-06,-1
2,55,-8.58822e-07,2.1517e-06,-1
2,56,-8.31819e-07,2.56606e-06,-1
2,57,-8.01151e-07,2.9707e-06,-1
2,58,-7.67358e-07,3.36351e-06,-1
2,59,-7.30956e-07,3.74247e-06,-1
2,60,-6.92384e-07,4.10564e-06,-1
2,61,-6.51953e-07,4.45121e-06,-1
2,62,-6.09817e-07,4.77753e-06,-1
2,63,-5.65958e-07,5.08304e-06,-1
2,64,-5.2019e-07,5.36621e-06,-1
2,65,-4.72177e-07,5.62547e-06,-1
2,66,-4.21471e-07,5.85919e-06,-1
2,67,-3.67555e-07,6.06554e-06,-1
2,68,-3.09893e-07,6.24253e-06,-1
2,69,-2.47987e-07,6.38796e-06,-1
2,70,-1.81433e-07,6.49948e-06,-1
2,71,-1.09981e-07,6.57461e-06,-1
2,72,-3.35846e-08,6.61082e-06,-1
2,73,4.75504e-08,6.60568e-06,-1
2,74,1.32923e-07,6.55697e-06,-1
2,75,2.21705e-07,6.46284e-06,-1
2,76,3.1272e-07,6.32199e-06,-1
2,77,4.0443e-07,6.13383e-06,-1
2,78,4.94939e-07,5.89873e-06,-1
2,79,5.82025e-07,5.61811e-06,-1
2,80,6.63194e-07,5.29468e-06,-1
2,81,7.35773e-07,4.9325e-06,-1
2,82,7.97044e-07,4.53705e-06,-1
2,83,8.44414e-07,4.11515e-06,-1
2,84,8.75602e-07,3.67489e-06,-1
2,85,8.88839e-07,3.22531e-06,-1
2,86,8.83054e-07,2.77611e-06,-1
2,87,8.58013e-07,2.33717e-06,-1
2,88,8.14411e-07,1.91815e-06,-1
2,89,7.5389e-07,1.52797e-06,-1
2,90,6.78982e-07,1.17436e-06,-1
2,91,5.92988e-07,8.63448e-07,-1
2,92,4.99805e-07,5.99494e-07,-1
2,93,4.03712e-07,3.84646e-07,-1
2,94,3.09138e-07,2.18858e-07,-1
2,95,2.20435e-07,9.99103e-08,-1
2,96,1.4166e-07,2.35282e-08,-1
2,97,7.63925e-08,-1.64067e-08,-1
2,98,2.75717e-08,-2.75717e-08,-1
2,99,-2.61762e-09,-1.88606e-08,-1
3,0,-4.41697e-08,-2.66888e-15,-1
3,1,-2.88622e-08,4.32488e-08,-1
3,2,1.64067e-08,7.63925e-08,-1
3,3,8.96971e-08,8.96971e-08,-1
3,4,1.87848e-07,7.41643e-08,-1
3,5,3.06588e-07,2.18814e-08,-1
3,6,4.40697e-07,-7.3653e-08,-1
3,7,5.84217e-07,-2.17241e-07,-1
3,8,7.3071e-07,-4.11749e-07,-1
3,9,8.73567e-07,-6.57941e-07,-1
3,10,1.00633e-06,-9.544e-07,-1
3,11,1.12306e-06,-1.29755e-06,-1
3,12,1.2186e-06,-1.68178e-06,-1
3,13,1.28894e-06,-2.09969e-06,-1
3,14,1.33133e-06,-2.54245e-06,-1
3,15,1.34448e-06,-3.00021e-06,-1
3,16,1.32848e-06,-3.46263e-06,-1
3,17,1.28475e-06,-3.91931e-06,-1
3,18,1.21583e-06,-4.36035e-06,-1
3,19,1.12508e-06,-4.77672e-06,-1
3,20,1.01642e-06,-5.16058e-06,-1
3,21,8.94001e-07,-5.50554e-06,-1
3,22,7.6195e-07,-5.80669e-06,-1
3,23,6.24133e-07,-6.0606e-06,-1
3,24,4.84013e-07,-6.26526e-06,-1
3,25,3.44548e-07,-6.41985e-06,-1
3,26,2.08149e-07,-6.52462e-06,-1
3,27,7.66709e-08,-6.58061e-06,-1
3,28,-4.85646e-08,-6.58952e-06,-1
3,29,-1.66732e-07,-6.5535e-06,-1
3,30,-2.77447e-07,-6.47497e-06,-1
3,31,-3.80702e-07,-6.35651e-06,-1
3,32,-4.76792e-07,-6.20077e-06,-1
3,33,-5.66224e-07,-6.01033e-06,-1
3,34,-6.49633e-07,-5.78774e-06,-1
3,35,-7.27688e-07,-5.53545e-06,-1
3,36,-8.01008e-07,-5.2559e-06,-1
3,37,-8.7009e-07,-4.95153e-06,-1
3,38,-9.3525e-07,-4.62486e-06,-1
3,39,-9.96588e-07,-4.27858e-06,-1
3,40,-1.05399e-06,-3.91558e-06,-1
3,41,-1.10714e-06,-3.53898e-06,-1
3,42,-1.1556e-06,-3.15204e-06,-1
3,43,-1.19888e-06,-2.7581e-06,-1
3,44,-1.23652e-06,-2.36034e-06,-1
3,45,-1.26822e-06,-1.96157e-06,-1
3,46,-1.29382e-06,-1.56401e-06,-1
3,47,-1.31339e-06,-1.16903e-06,-1
3,48,-1.32709e-06,-7.77095e-07,-1
3,49,-1.33518e-06,-3.87793e-07,-1
3,50,-1.33785e-06,-1.23366e-14,-1
3,51,-1.33518e-06,3.87793e-07,-1
3,52,-1.32709e-06,7.77095e-07,-1
3,53,-1.31339e-06,1.16903e-06,-1
3,54,-1.29382e-06,1.56401e-06,-1
3,55,-1.26822e-06,1.96157e-06,-1
3,56,-1.23652e-06,2.36034e-06,-1
3,57,-1.19888e-06,2.7581e-06,-1
3,58,-1.1556e-06,3.15204e-06,-1
3,59,-1.10714e-06,3.53898e-06,-1
3,60,-1.05399e-06,3.91558e-06,-1
3,61,-9.96588e-07,4.27858e-06,-1
3,62,-9.3525e-07,4.62486e-06,-1
3,63,-8.7009e-07,4.95153e-06,-1
3,64,-8.01008e-07,5.2559e-06,-1
3,65,-7.27688e-07,5.53545e-06,-1
3,66,-6.49633e-07,5.78774e-06,-1
3,67,-5.66224e-07,6.01033e-06,-1
3,68,-4.76792e-07,6.20077e-06,-1
3,69,-3.80702e-07,6.35651e-06,-1
3,70,-2.77447e-07,6.47497e-06,-1
3,71,-1.66732e-07,6.5535e-06,-1
3,72,-4.85646e-08,6.58952e-06,-1
3,73,7.66709e-08,6.58061e-06,-1
3,74,2.08149e-07,6.52462e-06,-1
3,75,3.44548e-07,6.41985e-06,-1
3,76,4.84013e-07,6.26526e-06,-1
3,77,6.24133e-07,6.0606e-06,-1
3,78,7.6195e-07,5.80669e-06,-1
3,79,8.94001e-07,5.50554e-06,-1
3,80,1.01642e-06,5.16058e-06,-1
3,81,1.12508e-06,4.77672e-06,-1
3,82,1.21583e-06,4.36035e-06,-1
3,83,1.28475e-06,3.91931e-06,-1
3,84,1.32848e-06,3.46263e-06,-1
3,85,1.34448e-06,3.00021e-06,-1
3,86,1.33133e-06,2.54245e-06,-1
3,87,1.28894e-06,2.09969e-06,-1
3,88,1.2186e-06,1.68178e-06,-1
3,89,1.12306e-06,1.29755e-06,-1
3,90,1.00633e-06,9.544e-07,-1
3,91,8.73567e-07,6.57941e-07,-1
3,92,7.3071e-07,4.11749e-07,-1
3,93,5.84217e-07,2.17241e-07,-1
3,94,4.40697e-07,7.3653e-08,-1
3,95,3.06588e-07,-2.18814e-08,-1
3,96,1.87848e-07,-7.41643e-08,-1
3,97,8.96971e-08,-8.96971e-08,-1
3,98,1.64067e-08,-7.63925e-08,-1
3,99,-2.88622e-08,-4.32488e-08,-1
4,0,-1.04132e-07,-3.50986e-15,-1
4,1,-8.37755e-08,7.58185e-08,-1
4,2,-2.35282e-08,1.4166e-07,-1
4,3,7.41643e-08,1.87848e-07,-1
4,4,2.05304e-07,2.05304e-07,-1
4,5,3.6446e-07,1.85851e-07,-1
4,6,5.44952e-07,1.22512e-07,-1
4,7,7.39088e-07,9.79426e-09,-1
4,8,9.38474e-07,-1.56043e-07,-1
4,9,1.13438e-06,-3.76768e-07,-1
4,10,1.31818e-06,-6.52014e-07,-1
4,11,1.48173e-06,-9.79202e-07,-1
4,12,1.61789e-06,-1.35356e-06,-1
4,13,1.72085e-06,-1.76828e-06,-1
4,14,1.78647e-06,-2.21476e-06,-1
4,15,1.81251e-06,-2.68303e-06,-1
4,16,1.79861e-06,-3.16218e-06,-1
4,17,1.74629e-06,-3.64096e-06,-1
4,18,1.65866e-06,-4.10826e-06,-1
4,19,1.54009e-06,-4.55373e-06,-1
4,20,1.39582e-06,-4.9681e-06,-1
4,21,1.23153e-06,-5.3436e-06,-1
4,22,1.05292e-06,-5.67406e-06,-1
4,23,8.65383e-07,-5.95499e-06,-1
4,24,6.738e-07,-6.18347e-06,-1
4,25,4.82341e-07,-6.35802e-06,-1
4,26,2.94421e-07,-6.47836e-06,-1
4,27,1.12686e-07,-6.54519e-06,-1
4,28,-6.09497e-08,-6.55996e-06,-1
4,29,-2.25245e-07,-6.52468e-06,-1
4,30,-3.79549e-07,-6.44177e-06,-1
4,31,-5.23708e-07,-6.31388e-06,-1
4,32,-6.57955e-07,-6.14385e-06,-1
4,33,-7.82785e-07,-5.93461e-06,-1
4,34,-8.98832e-07,-5.68917e-06,-1
4,35,-1.00673e-06,-5.41066e-06,-1
4,36,-1.10702e-06,-5.10237e-06,-1
4,37,-1.20001e-06,-4.76784e-06,-1
4,38,-1.28578e-06,-4.411e-06,-1
4,39,-1.36411e-06,-4.03619e-06,-1
4,40,-1.43458e-06,-3.64821e-06,-1
4,41,-1.49661e-06,-3.25224e-06,-1
4,42,-1.54967e-06,-2.8537e-06,-1
4,43,-1.5934e-06,-2.4579e-06,-1
4,44,-1.62783e-06,-2.06967e-06,-1
4,45,-1.65347e-06,-1.69286e-06,-1
4,46,-1.67133e-06,-1.32986e-06,-1
4,47,-1.68281e-06,-9.81279e-07,-1
4,48,-1.68949e-06,-6.45786e-07,-1
4,49,-1.69281e-06,-3.20219e-07,-1
4,50,-1.69379e-06,-1.19474e-14,-1
4,51,-1.69281e-06,3.20219e-07,-1
4,52,-1.68949e-06,6.45786e-07,-1
4,53,-1.68281e-06,9.81279e-07,-1
4,54,-1.67133e-06,1.32986e-06,-1
4,55,-1.65347e-06,1.69286e-06,-1
4,56,-1.62783e-06,2.06967e-06,-1
4,57,-1.5934e-06,2.4579e-06,-1
4,58,-1.54967e-06,2.8537e-06,-1
4,59,-1.49661e-06,3.25224e-06,-1
4,60,-1.43458e-06,3.6482e-06,-1
4,61,-1.36411e-06,4.03619e-06,-1
4,62,-1.28578e-06,4.411e-06,-1
4,63,-1.20001e-06,4.76784e-06,-1
4,64,-1.10702e-06,5.10237e-06,-1
4,65,-1.00673e-06,5.41066e-06,-1
4,66,-8.98832e-07,5.68917e-06,-1
4,67,-7.82785e-07,5.93461e-06,-1
4,68,-6.57955e-07,6.14385e-06,-1
4,69,-5.23708e-07,6.31388e-06,-1
4,70,-3.79549e-07,6.44177e-06,-1
4,71,-2.25245e-07,6.52468e-06,-1
4,72,-6.09497e-08,6.55996e-06,-1
4,73,1.12686e-07,6.54519e-06,-1
4,74,2.94421e-07,6.47836e-06,-1
4,75,4.82341e-07,6.35802e-06,-1
4,76,6.738e-07,6.18347e-06,-1
4,77,8.65383e-07,5.95498e-06,-1
4,78,1.05292e-06,5.67406e-06,-1
4,79,1.23153e-06,5.3436e-06,-1
4,80,1.39582e-06,4.9681e-06,-1
4,81,1.54009e-06,4.55373e-06,-1
4,82,1.65866e-06,4.10826e-06,-1
4,83,1.74629e-06,3.64096e-06,-1
4,84,1.79861e-06,3.16218e-06,-1
4,85,1.81251e-06,2.68303e-06,-1
4,86,1.78647e-06,2.21476e-06,-1
4,87,1.72085e-06,1.76828e-06,-1
4,88,1.61789e-06,1.35356e-06,-1
4,89,1.48173e-06,9.79202e-07,-1
4,90,1.31818e-06,6.52014e-07,-1
4,91,1.13438e-06,3.76768e-07,-1
4,92,9.38474e-07,1.56043e-07,-1
4,93,7.39088e-07,-9.79426e-09,-1
4,94,5.44952e-07,-1.22512e-07,-1
4,95,3.6446e-07,-1.85851e-07,-1
4,96,2.05304e-07,-2.05304e-07,-1
4,97,7.41643e-08,-1.87848e-07,-1
4,98,-2.35282e-08,-1.4166e-07,-1
4,99,-8.37755e-08,-7.58185e-08,-1
5,0,-2.00179e-07,-4.28828e-15,-1
5,1,-1.74874e-07,1.15072e-07,-1
5,2,-9.99103e-08,2.20435e-07,-1
5,3,2.18814e-08,3.06588e-07,-1
5,4,1.85851e-07,3.6446e-07,-1
5,5,3.85642e-07,3.85642e-07,-1
5,6,6.13362e-07,3.62643e-07,-1
5,7,8.5983e-07,2.89172e-07,-1
5,8,1.11489e-06,1.60422e-07,-1
5,9,1.36783e-06,-2.66464e-08,-1
5,10,1.60784e-06,-2.73048e-07,-1
5,11,1.82453e-06,-5.77572e-07,-1
5,12,2.0085e-06,-9.36672e-07,-1
5,13,2.15185e-06,-1.34447e-06,-1
5,14,2.24864e-06,-1.79291e-06,-1
5,15,2.29519e-06,-2.27205e-06,-1
5,16,2.29028e-06,-2.77049e-06,-1
5,17,2.2351e-06,-3.27599e-06,-1
5,18,2.13305e-06,-3.77603e-06,-1
5,19,1.98934e-06,-4.2585e-06,-1
5,20,1.8105e-06,-4.71228e-06,-1
5,21,1.60379e-06,-5.12769e-06,-1
5,22,1.37668e-06,-5.49683e-06,-1
5,23,1.13632e-06,-5.81367e-06,-1
5,24,8.89229e-07,-6.07407e-06,-1
5,25,6.41023e-07,-6.27555e-06,-1
5,26,3.96315e-07,-6.41713e-06,-1
5,27,1.58702e-07,-6.49899e-06,-1
5,28,-6.91718e-08,-6.52227e-06,-1
5,29,-2.85528e-07,-6.48878e-06,-1
5,30,-4.89331e-07,-6.40088e-06,-1
5,31,-6.80153e-07,-6.26132e-06,-1
5,32,-8.58023e-07,-6.07318e-06,-1
5,33,-1.02326e-06,-5.83978e-06,-1
5,34,-1.17632e-06,-5.56476e-06,-1
5,35,-1.31756e-06,-5.25208e-06,-1
5,36,-1.44717e-06,-4.90619e-06,-1
5,37,-1.56499e-06,-4.53211e-06,-1
5,38,-1.67052e-06,-4.13557e-06,-1
5,39,-1.76293e-06,-3.72313e-06,-1
5,40,-1.8412e-06,-3.30213e-06,-1
5,41,-1.90438e-06,-2.88054e-06,-1
5,42,-1.95188e-06,-2.46658e-06,-1
5,43,-1.98378e-06,-2.06821e-06,-1
5,44,-2.00116e-06,-1.69235e-06,-1
5,45,-2.0062e-06,-1.34414e-06,-1
5,46,-2.0021e-06,-1.02616e-06,-1
5,47,-1.99281e-06,-7.37916e-07,-1
5,48,-1.98242e-06,-4.75676e-07,-1
5,49,-1.97452e-06,-2.32709e-07,-1
5,50,-1.9716e-06,-1.13358e-14,-1
5,51,-1.97452e-06,2.32709e-07,-1
5,52,-1.98242e-06,4.75676e-07,-1
5,53,-1.99281e-06,7.37916e-07,-1
5,54,-2.0021e-06,1.02616e-06,-1
5,55,-2.0062e-06,1.34414e-06,-1
5,56,-2.00116e-06,1.69235e-06,-1
5,57,-1.98378e-06,2.06821e-06,-1
5,58,-1.95188e-06,2.46658e-06,-1
5,59,-1.90438e-06,2.88054e-06,-1
5,60,-1.8412e-06,3.30213e-06,-1
5,61,-1.76293e-06,3.72313e-06,-1
5,62,-1.67052e-06,4.13557e-06,-1
5,63,-1.56499e-06,4.53211e-06,-1
5,64,-1.44717e-06,4.90619e-06,-1
5,65,-1.31756e-06,5.25208e-06,-1
5,66,-1.17632e-06,5.56476e-06,-1
5,67,-1.02326e-06,5.83978e-06,-1
5,68,-8.58023e-07,6.07318e-06,-1
5,69,-6.80153e-07,6.26132e-06,-1
5,70,-4.89331e-07,6.40088e-06,-1
5,71,-2.85528e-07,6.48878e-06,-1
5,72,-6.91718e-08,6.52227e-06,-1
5,73,1.58702e-07,6.49899e-06,-1
5,74,3.96315e-07,6.41713e-06,-1
5,75,6.41023e-07,6.27555e-06,-1
5,76,8.89229e-07,6.07407e-06,-1
5,77,1.13632e-06,5.81367e-06,-1
5,78,1.37668e-06,5.49683e-06,-1
5,79,1.60379e-06,5.12769e-06,-1
5,80,1.8105e-06,4.71228e-06,-1
5,81,1.98934e-06,4.2585e-06,-1
5,82,2.13305e-06,3.77603e-06,-1
5,83,2.2351e-06,3.27599e-06,-1
5,84,2.29028e-06,2.77049e-06,-1
5,85,2.29519e-06,2.27205e-06,-1
5,86,2.24864e-06,1.79291e-06,-1
5,87,2.15185e-06,1.34447e-06,-1
5,88,2.0085e-06,9.36672e-07,-1
5,89,1.82453e-06,5.77572e-07,-1
5,90,1.60784e-06,2.73048e-07,-1
5,91,1.36783e-06,2.66464e-08,-1
5,92,1.11489e-06,-1.60422e-07,-1
5,93,8.5983e-07,-2.89172e-07,-1
5,94,6.13362e-07,-3.62643e-07,-1
5,95,3.85642e-07,-3.85642e-07,-1
5,96,1.85851e-07,-3.6446e-07,-1
5,97,2.18814e-08,-3.06588e-07,-1
5,98,-9.99103e-08,-2.20435e-07,-1
5,99,-1.74874e-07,-1.15072e-07,-1
6,0,-3.38097e-07,-4.96941e-15,-1
6,1,-3.0803e-07,1.59191e-07,-1
6,2,-2.18858e-07,3.09138e-07,-1
6,3,-7.3653e-08,4.40697e-07,-1
6,4,1.22512e-07,5.44952e-07,-1
6,5,3.62643e-07,6.13362e-07,-1
6,6,6.37965e-07,6.37965e-07,-1
6,7,9.38128e-07,6.11626e-07,-1
6,8,1.25151e-06,5.28341e-07,-1
6,9,1.5656e-06,3.8357e-07,-1
6,10,1.86751e-06,1.74593e-07,-1
6,11,2.14456e-06,-9.91557e-08,-1
6,12,2.3849e-06,-4.3581e-07,-1
6,13,2.57816e-06,-8.30905e-07,-1
6,14,2.7161e-06,-1.27735e-06,-1
6,15,2.79305e-06,-1.7656e-06,-1
6,16,2.80631e-06,-2.284e-06,-1
6,17,2.75618e-06,-2.81933e-06,-1
6,18,2.6459e-06,-3.35751e-06,-1
6,19,2.4812e-06,-3.88438e-06,-1
6,20,2.26976e-06,-4.38643e-06,-1
6,21,2.0205e-06,-4.85155e-06,-1
6,22,1.74282e-06,-5.26946e-06,-1
6,23,1.44594e-06,-5.63207e-06,-1
6,24,1.13834e-06,-5.93347e-06,-1
6,25,8.27399e-07,-6.16989e-06,-1
6,26,5.19206e-07,-6.33933e-06,-1
6,27,2.18538e-07,-6.4413e-06,-1
6,28,-7.10534e-08,-6.47648e-06,-1
6,29,-3.47097e-07,-6.44645e-06,-1
6,30,-6.08023e-07,-6.35344e-06,-1
6,31,-8.52969e-07,-6.20029e-06,-1
6,32,-1.08158e-06,-5.99033e-06,-1
6,33,-1.2938e-06,-5.72736e-06,-1
6,34,-1.4896e-06,-5.41577e-06,-1
6,35,-1.66882e-06,-5.0606e-06,-1
6,36,-1.83092e-06,-4.66771e-06,-1
6,37,-1.97487e-06,-4.24402e-06,-1
6,38,-2.09916e-06,-3.79761e-06,-1
6,39,-2.20192e-06,-3.33789e-06,-1
6,40,-2.28125e-06,-2.87546e-06,-1
6,41,-2.33562e-06,-2.42183e-06,-1
6,42,-2.3645e-06,-1.9888e-06,-1
6,43,-2.36883e-06,-1.58756e-06,-1
6,44,-2.35152e-06,-1.22754e-06,-1
6,45,-2.31754e-06,-9.15273e-07,-1
6,46,-2.27367e-06,-6.53343e-07,-1
6,47,-2.22781e-06,-4.39698e-07,-1
6,48,-2.18793e-06,-2.67526e-07,-1
6,49,-2.16089e-06,-1.25735e-07,-1
6,50,-2.15134e-06,-1.07033e-14,-1
6,51,-2.16089e-06,1.25735e-07,-1
6,52,-2.18793e-06,2.67526e-07,-1
6,53,-2.22781e-06,4.39698e-07,-1
6,54,-2.27367e-06,6.53343e-07,-1
6,55,-2.31754e-06,9.15273e-07,-1
6,56,-2.35152e-06,1.22754e-06,-1
6,57,-2.36883e-06,1.58756e-06,-1
6,58,-2.3645e-06,1.9888e-06,-1
6,59,-2.33562e-06,2.42183e-06,-1
6,60,-2.28125e-06,2.87546e-06,-1
6,61,-2.20192e-06,3.33789e-06,-1
6,62,-2.09916e-06,3.79761e-06,-1
6,63,-1.97487e-06,4.24402e-06,-1
6,64,-1.83092e-06,4.66771e-06,-1
6,65,-1.66882e-06,5.0606e-06,-1
6,66,-1.4896e-06,5.41577e-06,-1
6,67,-1.2938e-06,5.72736e-06,-1
6,68,-1.08158e-06,5.99033e-06,-1
6,69,-8.52969e-07,6.20029e-06,-1
6,70,-6.08023e-07,6.35344e-06,-1
6,71,-3.47097e-07,6.44645e-06,-1
6,72,-7.10534e-08,6.47648e-06,-1
6,73,2.18538e-07,6.4413e-06,-1
6,74,5.19206e-07,6.33933e-06,-1
6,75,8.27399e-07,6.16989e-06,-1
6,76,1.13834e-06,5.93347e-06,-1
6,77,1.44594e-06,5.63207e-06,-1
6,78,1.74282e-06,5.26946e-06,-1
6,79,2.0205e-06,4.85155e-06,-1
6,80,2.26976e-06,4.38643e-06,-1
6,81,2.4812e-06,3.88438e-06,-1
6,82,2.6459e-06,3.35751e-06,-1
6,83,2.75618e-06,2.81933e-06,-1
6,84,2.80631e-06,2.284e-06,-1
6,85,2.79305e-06,1.7656e-06,-1
6,86,2.7161e-06,1.27735e-06,-1
6,87,2.57816e-06,8.30905e-07,-1
6,88,2.3849e-06,4.3581e-07,-1
6,89,2.14456e-06,9.91557e-08,-1
6,90,1.86751e-06,-1.74593e-07,-1
6,91,1.5656e-06,-3.8357e-07,-1
6,92,1.25151e-06,-5.28341e-07,-1
6,93,9.38128e-07,-6.11626e-07,-1
6,94,6.37965e-07,-6.37965e-07,-1
6,95,3.62643e-07,-6.13362e-07,-1
6,96,1.22512e-07,-5.44952e-07,-1
6,97,-7.3653e-08,-4.40697e-07,-1
6,98,-2.18858e-07,-3.09138e-07,-1
6,99,-3.0803e-07,-1.59191e-07,-1
7,0,-5.21718e-07,-5.61578e-15,-1
7,1,-4.87188e-07,2.06123e-07,-1
7,2,-3.84646e-07,4.03712e-07,-1
7,3,-2.17241e-07,5.84217e-07,-1
7,4,9.79426e-09,7.39088e-07,-1
7,5,2.89172e-07,8.5983e-07,-1
7,6,6.11626e-07,9.38128e-07,-1
7,7,9.66052e-07,9.66052e-07,-1
7,8,1.33974e-06,9.36347e-07,-1
7,9,1.71871e-06,8.42809e-07,-1
7,10,2.0882e-06,6.80726e-07,-1
7,11,2.43327e-06,4.47346e-07,-1
7,12,2.73946e-06,1.42335e-07,-1
7,13,2.99361e-06,-2.3184e-07,-1
7,14,3.18466e-06,-6.69671e-07,-1
7,15,3.30427e-06,-1.16256e-06,-1
7,16,3.34748e-06,-1.69902e-06,-1
7,17,3.31296e-06,-2.26514e-06,-1
7,18,3.20309e-06,-2.84529e-06,-1
7,19,3.02361e-06,-3.423e-06,-1
7,20,2.78307e-06,-3.98196e-06,-1
7,21,2.49199e-06,-4.50693e-06,-1
7,22,2.16188e-06,-4.98458e-06,-1
7,23,1.80438e-06,-5.40397e-06,-1
7,24,1.43037e-06,-5.75684e-06,-1
7,25,1.04943e-06,-6.03753e-06,-1
7,26,6.69521e-07,-6.24272e-06,-1
7,27,2.9693e-07,-6.37098e-06,-1
7,28,-6.36476e-08,-6.42243e-06,-1
7,29,-4.08858e-07,-6.39826e-06,-1
7,30,-7.36423e-07,-6.30059e-06,-1
7,31,-1.04486e-06,-6.13228e-06,-1
7,32,-1.3332e-06,-5.89689e-06,-1
7,33,-1.60071e-06,-5.59881e-06,-1
7,34,-1.84661e-06,-5.24328e-06,-1
7,35,-2.06975e-06,-4.83665e-06,-1
7,36,-2.26842e-06,-4.38663e-06,-1
7,37,-2.4402e-06,-3.90247e-06,-1
7,38,-2.58201e-06,-3.3953e-06,-1
7,39,-2.69044e-06,-2.87812e-06,-1
7,40,-2.76226e-06,-2.36568e-06,-1
7,41,-2.79527e-06,-1.87392e-06,-1
7,42,-2.78917e-06,-1.41896e-06,-1
7,43,-2.74645e-06,-1.01574e-06,-1
7,44,-2.67291e-06,-6.76407e-07,-1
7,45,-2.57779e-06,-4.08701e-07,-1
7,46,-2.47305e-06,-2.14687e-07,-1
7,47,-2.37221e-06,-9.00563e-08,-1
7,48,-2.28857e-06,-2.41785e-08,-1
7,49,-2.23336e-06,-9.00589e-10,-1
7,50,-2.21408e-06,-1.01334e-14,-1
7,51,-2.23336e-06,9.00569e-10,-1
7,52,-2.28857e-06,2.41785e-08,-1
7,53,-2.37221e-06,9.00563e-08,-1
7,54,-2.47305e-06,2.14687e-07,-1
7,55,-2.57779e-06,4.08701e-07,-1
7,56,-2.67291e-06,6.76407e-07,-1
7,57,-2.74645e-06,1.01574e-06,-1
7,58,-2.78917e-06,1.41896e-06,-1
7,59,-2.79527e-06,1.87392e-06,-1
7,60,-2.76226e-06,2.36568e-06,-1
7,61,-2.69044e-06,2.87812e-06,-1
7,62,-2.58201e-06,3.3953e-06,-1
7,63,-2.4402e-06,3.90247e-06,-1
7,64,-2.26842e-06,4.38663e-06,-1
7,65,-2.06975e-06,4.83665e-06,-1
7,66,-1.84661e-06,5.24328e-06,-1
7,67,-1.60071e-06,5.59881e-06,-1
7,68,-1.3332e-06,5.89689e-06,-1
7,69,-1.04486e-06,6.13228e-06,-1
7,70,-7.36423e-07,6.30059e-06,-1
7,71,-4.08858e-07,6.39826e-06,-1
7,72,-6.36476e-08,6.42243e-06,-1
7,73,2.9693e-07,6.37098e-06,-1
7,74,6.69521e-07,6.24272e-06,-1
7,75,1.04943e-06,6.03753e-06,-1
7,76,1.43037e-06,5.75684e-06,-1
7,77,1.80438e-06,5.40397e-06,-1
7,78,2.16188e-06,4.98458e-06,-1
7,79,2.49199e-06,4.50693e-06,-1
7,80,2.78307e-06,3.98196e-06,-1
7,81,3.02361e-06,3.423e-06,-1
7,82,3.20309e-06,2.84529e-06,-1
7,83,3.31296e-06,2.26514e-06,-1
7,84,3.34748e-06,1.69902e-06,-1
7,85,3.30427e-06,1.16256e-06,-1
7,86,3.18466e-06,6.69671e-07,-1
7,87,2.99361e-06,2.3184e-07,-1
7,88,2.73946e-06,-1.42335e-07,-1
7,89,2.43327e-06,-4.47346e-07,-1
7,90,2.0882e-06,-6.80726e-07,-1
7,91,1.71871e-06,-8.42809e-07,-1
7,92,1.33974e-06,-9.36347e-07,-1
7,93,9.66052e-07,-9.66052e-07,-1
7,94,6.11626e-07,-9.38128e-07,-1
7,95,2.89172e-07,-8.5983e-07,-1
7,96,9.79426e-09,-7.39088e-07,-1
7,97,-2.17241e-07,-5.84217e-07,-1
7,98,-3.84646e-07,-4.03712e-07,-1
7,99,-4.87188e-07,-2.06123e-07,-1
8,0,-7.52735e-07,-6.19959e-15,-1
8,1,-7.14172e-07,2.53675e-07,-1
8,2,-5.99494e-07,4.99805e-07,-1
8,3,-4.11749e-07,7.3071e-07,-1
8,4,-1.56043e-07,9.38474e-07,-1
8,5,1.60422e-07,1.11489e-06,-1
8,6,5.28341e-07,1.25151e-06,-1
8,7,9.36347e-07,1.33974e-06,-1
8,8,1.37113e-06,1.37113e-06,-1
8,9,1.81771e-06,1.33777e-06,-1
8,10,2.25977e-06,1.23272e-06,-1
8,11,2.68028e-06,1.05068e-06,-1
8,12,3.06219e-06,7.88583e-07,-1
8,13,3.38929e-06,4.46216e-07,-1
8,14,3.64713e-06,2.6744e-08,-1
8,15,3.82403e-06,-4.62973e-07,-1
8,16,3.91184e-06,-1.01233e-06,-1
8,17,3.90662e-06,-1.60726e-06,-1
8,18,3.80892e-06,-2.23085e-06,-1
8,19,3.62371e-06,-2.8643e-06,-1
8,20,3.35985e-06,-3.48811e-06,-1
8,21,3.02921e-06,-4.08328e-06,-1
8,22,2.64554e-06,-4.63253e-06,-1
8,23,2.22322e-06,-5.12116e-06,-1
8,24,1.77609e-06,-5.53764e-06,-1
8,25,1.31656e-06,-5.87372e-06,-1
8,26,8.55043e-07,-6.12418e-06,-1
8,27,3.99771e-07,-6.28636e-06,-1
8,28,-4.30693e-08,-6.35957e-06,-1
8,29,-4.69005e-07,-6.34459e-06,-1
8,30,-8.74855e-07,-6.24332e-06,-1
8,31,-1.2583e-06,-6.05861e-06,-1
8,32,-1.6175e-06,-5.79426e-06,-1
8,33,-1.9507e-06,-5.45522e-06,-1
8,34,-2.25587e-06,-5.04778e-06,-1
8,35,-2.5304e-06,-4.57989e-06,-1
8,36,-2.77075e-06,-4.06153e-06,-1
8,37,-2.97241e-06,-3.50504e-06,-1
8,38,-3.13005e-06,-2.9254e-06,-1
8,39,-3.23803e-06,-2.34025e-06,-1
8,40,-3.29143e-06,-1.76957e-06,-1
8,41,-3.28727e-06,-1.2347e-06,-1
8,42,-3.22601e-06,-7.56813e-07,-1
8,43,-3.11267e-06,-3.54912e-07,-1
8,44,-2.95753e-06,-4.35925e-08,-1
8,45,-2.77587e-06,1.68914e-07,-1
8,46,-2.58676e-06,2.82074e-07,-1
8,47,-2.41095e-06,3.03488e-07,-1
8,48,-2.26838e-06,2.48413e-07,-1
8,49,-2.17555e-06,1.38508e-07,-1
8,50,-2.14334e-06,-9.59824e-15,-1
8,51,-2.17555e-06,-1.38508e-07,-1
8,52,-2.26838e-06,-2.48413e-07,-1
8,53,-2.41095e-06,-3.03488e-07,-1
8,54,-2.58676e-06,-2.82074e-07,-1
8,55,-2.77587e-06,-1.68914e-07,-1
8,56,-2.95753e-06,4.35925e-08,-1
8,57,-3.11267e-06,3.54912e-07,-1
8,58,-3.22601e-06,7.56813e-07,-1
8,59,-3.28727e-06,1.2347e-06,-1
8,60,-3.29143e-06,1.76957e-06,-1
8,61,-3.23803e-06,2.34025e-06,-1
8,62,-3.13005e-06,2.9254e-06,-1
8,63,-2.97241e-06,3.50504e-06,-1
8,64,-2.77075e-06,4.06153e-06,-1
8,65,-2.5304e-06,4.57989e-06,-1
8,66,-2.25587e-06,5.04778e-06,-1
8,67,-1.9507e-06,5.45522e-06,-1
8,68,-1.6175e-06,5.79426e-06,-1
8,69,-1.2583e-06,6.05861e-06,-1
8,70,-8.74855e-07,6.24332e-06,-1
8,71,-4.69005e-07,6.34459e-06,-1
8,72,-4.30693e-08,6.35957e-06,-1
8,73,3.99771e-07,6.28636e-06,-1
8,74,8.55043e-07,6.12418e-06,-1
8,75,1.31656e-06,5.87372e-06,-1
8,76,1.77609e-06,5.53764e-06,-1
8,77,2.22322e-06,5.12116e-06,-1
8,78,2.64554e-06,4.63253e-06,-1
8,79,3.02921e-06,4.08328e-06,-1
8,80,3.35985e-06,3.48811e-06,-1
8,81,3.62371e-06,2.8643e-06,-1
8,82,3.80892e-06,2.23085e-06,-1
8,83,3.90662e-06,1.60726e-06,-1
8,84,3.91184e-06,1.01233e-06,-1
8,85,3.82403e-06,4.62973e-07,-1
8,86,3.64713e-06,-2.6744e-08,-1
8,87,3.38929e-06,-4.46216e-07,-1
8,88,3.06219e-06,-7.88583e-07,-1
8,89,2.68028e-06,-1.05068e-06,-1
8,90,2.25977e-06,-1.23272e-06,-1
8,91,1.81771e-06,-1.33777e-06,-1
8,92,1.37113e-06,-1.37113e-06,-1
8,93,9.36347e-07,-1.33974e-06,-1
8,94,5.28341e-07,-1.25151e-06,-1
8,95,1.60422e-07,-1.11489e-06,-1
8,96,-1.56043e-07,-9.38474e-07,-1
8,97,-4.11749e-07,-7.3071e-07,-1
8,98,-5.99494e-07,-4.99805e-07,-1
8,99,-7.14172e-07,-2.53676e-07,-1
9,0,-1.03062e-06,-6.68611e-15,-1
9,1,-9.88595e-07,2.99627e-07,-1
9,2,-8.63448e-07,5.92988e-07,-1
9,3,-6.57941e-07,8.73567e-07,-1
9,4,-3.76768e-07,1.13438e-06,-1
9,5,-2.66464e-08,1.36783e-06,-1
9,6,3.8357e-07,1.5656e-06,-1
9,7,8.42809e-07,1.71871e-06,-1
9,8,1.33777e-06,1.81771e-06,-1
9,9,1.85301e-06,1.85301e-06,-1
9,10,2.37121e-06,1.8154e-06,-1
9,11,2.87362e-06,1.69675e-06,-1
9,12,3.34075e-06,1.49075e-06,-1
9,13,3.75321e-06,1.19381e-06,-1
9,14,4.09284e-06,8.05871e-07,-1
9,15,4.34382e-06,3.31036e-07,-1
9,16,4.49385e-06,-2.21978e-07,-1
9,17,4.53517e-06,-8.3984e-07,-1
9,18,4.46527e-06,-1.50501e-06,-1
9,19,4.28715e-06,-2.19665e-06,-1
9,20,4.00903e-06,-2.89187e-06,-1
9,21,3.6436e-06,-3.56734e-06,-1
9,22,3.20671e-06,-4.20087e-06,-1
9,23,2.71579e-06,-4.77282e-06,-1
9,24,2.18828e-06,-5.26719e-06,-1
9,25,1.64023e-06,-5.67204e-06,-1
9,26,1.08531e-06,-5.97945e-06,-1
9,27,5.34408e-07,-6.18498e-06,-1
9,28,-4.30643e-09,-6.2869e-06,-1
9,29,-5.24927e-07,-6.28546e-06,-1
9,30,-1.02316e-06,-6.18232e-06,-1
9,31,-1.49563e-06,-5.98026e-06,-1
9,32,-1.93932e-06,-5.6833e-06,-1
9,33,-2.351e-06,-5.29697e-06,-1
9,34,-2.72684e-06,-4.82873e-06,-1
9,35,-3.06196e-06,-4.28853e-06,-1
9,36,-3.35017e-06,-3.68927e-06,-1
9,37,-3.58394e-06,-3.0473e-06,-1
9,38,-3.75475e-06,-2.38269e-06,-1
9,39,-3.85402e-06,-1.71912e-06,-1
9,40,-3.87474e-06,-1.08314e-06,-1
9,41,-3.81341e-06,-5.02604e-07,-1
9,42,-3.67216e-06,-4.31263e-09,-1
9,43,-3.46028e-06,3.88899e-07,-1
9,44,-3.19466e-06,6.60977e-07,-1
9,45,-2.89887e-06,8.04768e-07,-1
9,46,-2.60097e-06,8.22979e-07,-1
9,47,-2.33035e-06,7.27906e-07,-1
9,48,-2.11437e-06,5.40196e-07,-1
9,49,-1.97515e-06,2.87023e-07,-1
9,50,-1.92708e-06,-9.02137e-15,-1
9,51,-1.97515e-06,-2.87023e-07,-1
9,52,-2.11437e-06,-5.40196e-07,-1
9,53,-2.33035e-06,-7.27906e-07,-1
9,54,-2.60097e-06,-8.22979e-07,-1
9,55,-2.89887e-06,-8.04768e-07,-1
9,56,-3.19466e-06,-6.60977e-07,-1
9,57,-3.46028e-06,-3.88899e-07,-1
9,58,-3.67216e-06,4.31261e-09,-1
9,59,-3.81341e-06,5.02604e-07,-1
9,60,-3.87474e-06,1.08314e-06,-1
9,61,-3.85402e-06,1.71912e-06,-1
9,62,-3.75475e-06,2.38269e-06,-1
9,63,-3.58394e-06,3.0473e-06,-1
9,64,-3.35017e-06,3.68927e-06,-1
9,65,-3.06196e-06,4.28853e-06,-1
9,66,-2.72684e-06,4.82873e-06,-1
9,67,-2.351e-06,5.29697e-06,-1
9,68,-1.93932e-06,5.6833e-06,-1
9,69,-1.49563e-06,5.98026e-06,-1
9,70,-1.02316e-06,6.18232e-06,-1
9,71,-5.24927e-07,6.28546e-06,-1
9,72,-4.30644e-09,6.2869e-06,-1
9,73,5.34408e-07,6.18498e-06,-1
9,74,1.08531e-06,5.97945e-06,-1
9,75,1.64023e-06,5.67204e-06,-1
9,76,2.18828e-06,5.26719e-06,-1
9,77,2.71579e-06,4.77282e-06,-1
9,78,3.20671e-06,4.20087e-06,-1
9,79,3.6436e-06,3.56734e-06,-1
9,80,4.00903e-06,2.89187e-06,-1
9,81,4.28715e-06,2.19665e-06,-1
9,82,4.46527e-06,1.50501e-06,-1
9,83,4.53517e-06,8.3984e-07,-1
9,84,4.49385e-06,2.21978e-07,-1
9,85,4.34382e-06,-3.31036e-07,-1
9,86,4.09284e-06,-8.05871e-07,-1
9,87,3.75321e-06,-1.19381e-06,-1
9,88,3.34075e-06,-1.49075e-06,-1
9,89,2.87362e-06,-1.69675e-06,-1
9,90,2.37121e-06,-1.8154e-06,-1
9,91,1.85301e-06,-1.85301e-06,-1
9,92,1.33777e-06,-1.81771e-06,-1
9,93,8.42809e-07,-1.71871e-06,-1
9,94,3.8357e-07,-1.5656e-06,-1
9,95,-2.66464e-08,-1.36783e-06,-1
9,96,-3.76768e-07,-1.13438e-06,-1
9,97,-6.57941e-07,-8.73567e-07,-1
9,98,-8.63448e-07,-5.92988e-07,-1
9,99,-9.88595e-07,-2.99627e-07,-1
10,0,-1.35264e-06,-7.18652e-15,-1
10,1,-1.30788e-06,3.41849e-07,-1
10,2,-1.17436e-06,6.78982e-07,-1
10,3,-9.544e-07,1.00633e-06,-1
10,4,-6.52014e-07,1.31818e-06,-1
10,5,-2.73048e-07,1.60784e-06,-1
10,6,1.74593e-07,1.86751e-06,-1
10,7,6.80726e-07,2.0882e-06,-1
10,8,1.23272e-06,2.25977e-06,-1
10,9,1.8154e-06,2.37121e-06,-1
10,10,2.41112e-06,2.41112e-06,-1
10,11,3.00001e-06,2.36842e-06,-1
10,12,3.56054e-06,2.2332e-06,-1
10,13,4.07033e-06,1.99786e-06,-1
10,14,4.50725e-06,1.65812e-06,-1
10,15,4.85079e-06,1.21421e-06,-1
10,16,5.08349e-06,6.71607e-07,-1
10,17,5.19244e-06,4.16168e-08,-1
10,18,5.1705e-06,-6.58719e-07,-1
10,19,5.01706e-06,-1.40725e-06,-1
10,20,4.7383e-06,-2.17796e-06,-1
10,21,4.34665e-06,-2.9428e-06,-1
10,22,3.85951e-06,-3.67371e-06,-1
10,23,3.29748e-06,-4.34476e-06,-1
10,24,2.68221e-06,-4.93382e-06,-1
10,25,2.03441e-06,-5.42375e-06,-1
10,26,1.37217e-06,-5.80262e-06,-1
10,27,7.10058e-07,-6.06337e-06,-1
10,28,5.90156e-08,-6.20279e-06,-1
10,29,-5.73137e-07,-6.22046e-06,-1
10,30,-1.18073e-06,-6.11778e-06,-1
10,31,-1.75915e-06,-5.89755e-06,-1
10,32,-2.3039e-06,-5.56397e-06,-1
10,33,-2.80975e-06,-5.12316e-06,-1
10,34,-3.27024e-06,-4.58393e-06,-1
10,35,-3.67719e-06,-3.95865e-06,-1
10,36,-4.02052e-06,-3.26408e-06,-1
10,37,-4.28836e-06,-2.52196e-06,-1
10,38,-4.46785e-06,-1.75922e-06,-1
10,39,-4.54667e-06,-1.00754e-06,-1
10,40,-4.51558e-06,-3.01804e-07,-1
10,41,-4.3714e-06,3.22468e-07,-1
10,42,-4.11983e-06,8.32808e-07,-1
10,43,-3.77705e-06,1.2037e-06,-1
10,44,-3.36951e-06,1.41986e-06,-1
10,45,-2.93162e-06,1.4779e-06,-1
10,46,-2.50204e-06,1.38624e-06,-1
10,47,-2.11944e-06,1.16353e-06,-1
10,48,-1.8184e-06,8.36317e-07,-1
10,49,-1.62615e-06,4.36666e-07,-1
10,50,-1.56008e-06,-8.60436e-15,-1
10,51,-1.62615e-06,-4.36666e-07,-1
10,52,-1.8184e-06,-8.36317e-07,-1
10,53,-2.11944e-06,-1.16353e-06,-1
10,54,-2.50204e-06,-1.38624e-06,-1
10,55,-2.93162e-06,-1.4779e-06,-1
10,56,-3.36951e-06,-1.41986e-06,-1
10,57,-3.77705e-06,-1.2037e-06,-1
10,58,-4.11983e-06,-8.32808e-07,-1
10,59,-4.3714e-06,-3.22468e-07,-1
10,60,-4.51558e-06,3.01804e-07,-1
10,61,-4.54667e-06,1.00754e-06,-1
10,62,-4.46785e-06,1.75922e-06,-1
10,63,-4.28836e-06,2.52196e-06,-1
10,64,-4.02052e-06,3.26408e-06,-1
10,65,-3.67719e-06,3.95865e-06,-1
10,66,-3.27024e-06,4.58393e-06,-1
10,67,-2.80975e-06,5.12316e-06,-1
10,68,-2.3039e-06,5.56397e-06,-1
10,69,-1.75915e-06,5.89755e-06,-1
10,70,-1.18073e-06,6.11778e-06,-1
10,71,-5.73137e-07,6.22046e-06,-1
10,72,5.90156e-08,6.20279e-06,-1
10,73,7.10058e-07,6.06337e-06,-1
10,74,1.37217e-06,5.80262e-06,-1
10,75,2.03441e-06,5.42375e-06,-1
10,76,2.68221e-06,4.93382e-06,-1
10,77,3.29748e-06,4.34476e-06,-1
10,78,3.85951e-06,3.67371e-06,-1
10,79,4.34665e-06,2.9428e-06,-1
10,80,4.7383e-06,2.17796e-06,-1
10,81,5.01706e-06,1.40725e-06,-1
10,82,5.1705e-06,6.58719e-07,-1
10,83,5.19244e-06,-4.16167e-08,-1
10,84,5.08349e-06,-6.71607e-07,-1
10,85,4.85079e-06,-1.21421e-06,-1
10,86,4.50725e-06,-1.65812e-06,-1
10,87,4.07033e-06,-1.99786e-06,-1
10,88,3.56054e-06,-2.2332e-06,-1
10,89,3.00001e-06,-2.36842e-06,-1
10,90,2.41112e-06,-2.41112e-06,-1
10,91,1.8154e-06,-2.37121e-06,-1
10,92,1.23272e-06,-2.25977e-06,-1
10,93,6.80726e-07,-2.0882e-06,-1
10,94,1.74593e-07,-1.86751e-06,-1
10,95,-2.73048e-07,-1.60784e-06,-1
10,96,-6.52014e-07,-1.31818e-06,-1
10,97,-9.544e-07,-1.00633e-06,-1
10,98,-1.17436e-06,-6.78982e-07,-1
10,99,-1.30788e-06,-3.41849e-07,-1
11,0,-1.71405e-06,-7.47843e-15,-1
11,1,-1.66739e-06,3.78417e-07,-1
11,2,-1.52797e-06,7.5389e-07,-1
11,3,-1.29755e-06,1.12306e-06,-1
11,4,-9.79202e-07,1.48173e-06,-1
11,5,-5.77572e-07,1.82453e-06,-1
11,6,-9.91557e-08,2.14456e-06,-1
11,7,4.47346e-07,2.43327e-06,-1
11,8,1.05068e-06,2.68028e-06,-1
11,9,1.69675e-06,2.87362e-06,-1
11,10,2.36842e-06,3.00001e-06,-1
11,11,3.04554e-06,3.04554e-06,-1
11,12,3.70527e-06,2.99658e-06,-1
11,13,4.32269e-06,2.84096e-06,-1
11,14,4.87186e-06,2.56939e-06,-1
11,15,5.32723e-06,2.1769e-06,-1
11,16,5.66536e-06,1.66422e-06,-1
11,17,5.86681e-06,1.03889e-06,-1
11,18,5.91799e-06,3.15791e-07,-1
11,19,5.81268e-06,-4.83003e-07,-1
11,20,5.55291e-06,-1.3292e-06,-1
11,21,5.14907e-06,-2.1901e-06,-1
11,22,4.61895e-06,-3.03108e-06,-1
11,23,3.98591e-06,-3.8184e-06,-1
11,24,3.27626e-06,-4.52183e-06,-1
11,25,2.51647e-06,-5.11681e-06,-1
11,26,1.73058e-06,-5.58547e-06,-1
11,27,9.38426e-07,-5.91664e-06,-1
11,28,1.54986e-07,-6.1048e-06,-1
11,29,-6.09198e-07,-6.14861e-06,-1
11,30,-1.34669e-06,-6.04932e-06,-1
11,31,-2.05149e-06,-5.8099e-06,-1
11,32,-2.71733e-06,-5.43485e-06,-1
11,33,-3.33644e-06,-4.93095e-06,-1
11,34,-3.89865e-06,-4.30855e-06,-1
11,35,-4.39096e-06,-3.58308e-06,-1
11,36,-4.79757e-06,-2.77641e-06,-1
11,37,-5.10043e-06,-1.91771e-06,-1
11,38,-5.28076e-06,-1.04346e-06,-1
11,39,-5.32178e-06,-1.96088e-07,-1
11,40,-5.21256e-06,5.78902e-07,-1
11,41,-4.95229e-06,1.2375e-06,-1
11,42,-4.55361e-06,1.74259e-06,-1
11,43,-4.04372e-06,2.06882e-06,-1
11,44,-3.46226e-06,2.20562e-06,-1
11,45,-2.8569e-06,2.15735e-06,-1
11,46,-2.27765e-06,1.94117e-06,-1
11,47,-1.77171e-06,1.58359e-06,-1
11,48,-1.37943e-06,1.11702e-06,-1
11,49,-1.13136e-06,5.76952e-07,-1
11,50,-1.04652e-06,-8.71555e-15,-1
11,51,-1.13136e-06,-5.76952e-07,-1
11,52,-1.37943e-06,-1.11702e-06,-1
11,53,-1.77171e-06,-1.58359e-06,-1
11,54,-2.27765e-06,-1.94117e-06,-1
11,55,-2.8569e-06,-2.15735e-06,-1
11,56,-3.46226e-06,-2.20562e-06,-1
11,57,-4.04372e-06,-2.06882e-06,-1
11,58,-4.55361e-06,-1.74259e-06,-1
11,59,-4.95229e-06,-1.2375e-06,-1
11,60,-5.21256e-06,-5.78902e-07,-1
11,61,-5.32178e-06,1.96088e-07,-1
11,62,-5.28076e-06,1.04346e-06,-1
11,63,-5.10043e-06,1.91771e-06,-1
11,64,-4.79757e-06,2.77641e-06,-1
11,65,-4.39096e-06,3.58308e-06,-1
11,66,-3.89865e-06,4.30855e-06,-1
11,67,-3.33644e-06,4.93095e-06,-1
11,68,-2.71733e-06,5.43485e-06,-1
11,69,-2.05149e-06,5.8099e-06,-1
11,70,-1.34669e-06,6.04932e-06,-1
11,71,-6.09198e-07,6.14861e-06,-1
11,72,1.54986e-07,6.1048e-06,-1
11,73,9.38426e-07,5.91664e-06,-1
11,74,1.73058e-06,5.58547e-06,-1
11,75,2.51647e-06,5.11681e-06,-1
11,76,3.27626e-06,4.52183e-06,-1
11,77,3.98591e-06,3.8184e-06,-1
11,78,4.61895e-06,3.03108e-06,-1
11,79,5.14907e-06,2.1901e-06,-1
11,80,5.55291e-06,1.3292e-06,-1
11,81,5.81268e-06,4.83003e-07,-1
11,82,5.91799e-06,-3.15791e-07,-1
11,83,5.86681e-06,-1.03889e-06,-1
11,84,5.66536e-06,-1.66422e-06,-1
11,85,5.32723e-06,-2.1769e-06,-1
11,86,4.87186e-06,-2.56939e-06,-1
11,87,4.32269e-06,-2.84096e-06,-1
11,88,3.70527e-06,-2.99658e-06,-1
11,89,3.04554e-06,-3.04554e-06,-1
11,90,2.36842e-06,-3.00001e-06,-1
11,91,1.69675e-06,-2.87362e-06,-1
11,92,1.05068e-06,-2.68028e-06,-1
11,93,4.47346e-07,-2.43327e-06,-1
11,94,-9.91557e-08,-2.14456e-06,-1
11,95,-5.77572e-07,-1.82453e-06,-1
11,96,-9.79202e-07,-1.48173e-06,-1
11,97,-1.29755e-06,-1.12306e-06,-1
11,98,-1.52797e-06,-7.5389e-07,-1
11,99,-1.66739e-06,-3.78417e-07,-1
12,0,-2.10833e-06,-7.79119e-15,-1
12,1,-2.0607e-06,4.07716e-07,-1
12,2,-1.91815e-06,8.14411e-07,-1
12,3,-1.68178e-06,1.2186e-06,-1
12,4,-1.35356e-06,1.61789e-06,-1
12,5,-9.36672e-07,2.0085e-06,-1
12,6,-4.3581e-07,2.3849e-06,-1
12,7,1.42335e-07,2.73946e-06,-1
12,8,7.88583e-07,3.06219e-06,-1
12,9,1.49075e-06,3.34075e-06,-1
12,10,2.2332e-06,3.56054e-06,-1
12,11,2.99658e-06,3.70527e-06,-1
12,12,3.75773e-06,3.75773e-06,-1
12,13,4.49009e-06,3.70102e-06,-1
12,14,5.16447e-06,3.52014e-06,-1
12,15,5.7504e-06,3.20378e-06,-1
12,16,6.21795e-06,2.74623e-06,-1
12,17,6.53998e-06,2.14922e-06,-1
12,18,6.69458e-06,1.4232e-06,-1
12,19,6.66747e-06,5.88027e-07,-1
12,20,6.45382e-06,-3.27404e-07,-1
12,21,6.05934e-06,-1.28667e-06,-1
12,22,5.50005e-06,-2.2484e-06,-1
12,23,4.80078e-06,-3.16973e-06,-1
12,24,3.99237e-06,-4.01006e-06,-1
12,25,3.10808e-06,-4.73451e-06,-1
12,26,2.17973e-06,-5.31631e-06,-1
12,27,1.23469e-06,-5.73774e-06,-1
12,28,2.94007e-07,-5.9894e-06,-1
12,29,-6.27587e-07,-6.06839e-06,-1
12,30,-1.52017e-06,-5.9759e-06,-1
12,31,-2.3761e-06,-5.71551e-06,-1
12,32,-3.18725e-06,-5.29244e-06,-1
12,33,-3.9427e-06,-4.71443e-06,-1
12,34,-4.62724e-06,-3.99375e-06,-1
12,35,-5.22094e-06,-3.14974e-06,-1
12,36,-5.69947e-06,-2.21122e-06,-1
12,37,-6.03581e-06,-1.21785e-06,-1
12,38,-6.20328e-06,-2.19537e-07,-1
12,39,-6.18027e-06,7.26512e-07,-1
12,40,-5.95612e-06,1.56164e-06,-1
12,41,-5.5367e-06,2.23339e-06,-1
12,42,-4.94749e-06,2.7032e-06,-1
12,43,-4.23229e-06,2.95148e-06,-1
12,44,-3.44793e-06,2.97844e-06,-1
12,45,-2.65658e-06,2.80111e-06,-1
12,46,-1.91865e-06,2.4482e-06,-1
12,47,-1.28742e-06,1.95489e-06,-1
12,48,-8.0585e-07,1.35848e-06,-1
12,49,-5.0473e-07,6.95429e-07,-1
12,50,-4.02359e-07,-9.19504e-15,-1
12,51,-5.0473e-07,-6.95429e-07,-1
12,52,-8.0585e-07,-1.35848e-06,-1
12,53,-1.28742e-06,-1.95489e-06,-1
12,54,-1.91865e-06,-2.4482e-06,-1
12,55,-2.65658e-06,-2.80111e-06,-1
12,56,-3.44793e-06,-2.97844e-06,-1
12,57,-4.23229e-06,-2.95148e-06,-1
12,58,-4.94749e-06,-2.7032e-06,-1
12,59,-5.5367e-06,-2.23339e-06,-1
12,60,-5.95612e-06,-1.56164e-06,-1
12,61,-6.18027e-06,-7.26512e-07,-1
12,62,-6.20328e-06,2.19537e-07,-1
12,63,-6.03581e-06,1.21785e-06,-1
12,64,-5.69947e-06,2.21122e-06,-1
12,65,-5.22094e-06,3.14974e-06,-1
12,66,-4.62724e-06,3.99375e-06,-1
12,67,-3.9427e-06,4.71443e-06,-1
12,68,-3.18725e-06,5.29244e-06,-1
12,69,-2.3761e-06,5.71551e-06,-1
12,70,-1.52017e-06,5.9759e-06,-1
12,71,-6.27587e-07,6.06839e-06,-1
12,72,2.94007e-07,5.9894e-06,-1
12,73,1.23469e-06,5.73774e-06,-1
12,74,2.17973e-06,5.31631e-06,-1
12,75,3.10808e-06,4.73451e-06,-1
12,76,3.99237e-06,4.01006e-06,-1
12,77,4.80078e-06,3.16973e-06,-1
12,78,5.50005e-06,2.2484e-06,-1
12,79,6.05934e-06,1.28667e-06,-1
12,80,6.45382e-06,3.27404e-07,-1
12,81,6.66747e-06,-5.88027e-07,-1
12,82,6.69458e-06,-1.4232e-06,-1
12,83,6.53998e-06,-2.14922e-06,-1
12,84,6.21795e-06,-2.74623e-06,-1
12,85,5.7504e-06,-3.20378e-06,-1
12,86,5.16447e-06,-3.52014e-06,-1
12,87,4.49009e-06,-3.70102e-06,-1
12,88,3.75773e-06,-3.75773e-06,-1
12,89,2.99658e-06,-3.70527e-06,-1
12,90,2.2332e-06,-3.56054e-06,-1
12,91,1.49075e-06,-3.34075e-06,-1
12,92,7.88583e-07,-3.06219e-06,-1
12,93,1.42335e-07,-2.73946e-06,-1
12,94,-4.3581e-07,-2.3849e-06,-1
12,95,-9.36672e-07,-2.0085e-06,-1
12,96,-1.35356e-06,-1.61789e-06,-1
12,97,-1.68178e-06,-1.2186e-06,-1
12,98,-1.91815e-06,-8.14411e-07,-1
12,99,-2.0607e-06,-4.07716e-07,-1
13,0,-2.52752e-06,-7.9302e-15,-1
13,1,-2.47991e-06,4.28529e-07,-1
13,2,-2.33717e-06,8.58013e-07,-1
13,3,-2.09969e-06,1.28894e-06,-1
13,4,-1.76828e-06,1.72085e-06,-1
13,5,-1.34447e-06,2.15185e-06,-1
13,6,-8.30905e-07,2.57816e-06,-1
13,7,-2.3184e-07,2.99361e-06,-1
13,8,4.46216e-07,3.38929e-06,-1
13,9,1.19381e-06,3.75321e-06,-1
13,10,1.99786e-06,4.07033e-06,-1
13,11,2.84096e-06,4.32269e-06,-1
13,12,3.70102e-06,4.49009e-06,-1
13,13,4.55112e-06,4.55112e-06,-1
13,14,5.35995e-06,4.48482e-06,-1
13,15,6.0928e-06,4.27262e-06,-1
13,16,6.71332e-06,3.90083e-06,-1
13,17,7.18593e-06,3.3631e-06,-1
13,18,7.47875e-06,2.66273e-06,-1
13,19,7.56685e-06,1.8144e-06,-1
13,20,7.43528e-06,8.44839e-07,-1
13,21,7.08142e-06,-2.07843e-07,-1
13,22,6.51611e-06,-1.29641e-06,-1
13,23,5.76304e-06,-2.36824e-06,-1
13,24,4.85631e-06,-3.37012e-06,-1
13,25,3.83632e-06,-4.25335e-06,-1
13,26,2.74464e-06,-4.97813e-06,-1
13,27,1.61905e-06,-5.51623e-06,-1
13,28,4.89887e-07,-5.85142e-06,-1
13,29,-6.21328e-07,-5.97766e-06,-1
13,30,-1.70064e-06,-5.896e-06,-1
13,31,-2.73824e-06,-5.61129e-06,-1
13,32,-3.72407e-06,-5.13052e-06,-1
13,33,-4.6436e-06,-4.46326e-06,-1
13,34,-5.47504e-06,-3.62455e-06,-1
13,35,-6.18842e-06,-2.63912e-06,-1
13,36,-6.74685e-06,-1.54553e-06,-1
13,37,-7.11017e-06,-3.98415e-07,-1
13,38,-7.24118e-06,7.33091e-07,-1
13,39,-7.11411e-06,1.7718e-06,-1
13,40,-6.72352e-06,2.64352e-06,-1
13,41,-6.09028e-06,3.28988e-06,-1
13,42,-5.26187e-06,3.67801e-06,-1
13,43,-4.30556e-06,3.80326e-06,-1
13,44,-3.29787e-06,3.68462e-06,-1
13,45,-2.31423e-06,3.35638e-06,-1
13,46,-1.42198e-06,2.8604e-06,-1
13,47,-6.76153e-07,2.2399e-06,-1
13,48,-1.17465e-07,1.53478e-06,-1
13,49,2.27092e-07,7.78955e-07,-1
13,50,3.43366e-07,-1.02302e-14,-1
13,51,2.27092e-07,-7.78955e-07,-1
13,52,-1.17465e-07,-1.53478e-06,-1
13,53,-6.76153e-07,-2.2399e-06,-1
13,54,-1.42198e-06,-2.8604e-06,-1
13,55,-2.31423e-06,-3.35638e-06,-1
13,56,-3.29787e-06,-3.68462e-06,-1
13,57,-4.30556e-06,-3.80326e-06,-1
13,58,-5.26187e-06,-3.67801e-06,-1
13,59,-6.09028e-06,-3.28988e-06,-1
13,60,-6.72352e-06,-2.64352e-06,-1
13,61,-7.11411e-06,-1.7718e-06,-1
13,62,-7.24118e-06,-7.33091e-07,-1
13,63,-7.11017e-06,3.98415e-07,-1
13,64,-6.74685e-06,1.54553e-06,-1
13,65,-6.18842e-06,2.63912e-06,-1
13,66,-5.47504e-06,3.62455e-06,-1
13,67,-4.6436e-06,4.46326e-06,-1
13,68,-3.72407e-06,5.13052e-06,-1
13,69,-2.73824e-06,5.61129e-06,-1
13,70,-1.70064e-06,5.896e-06,-1
13,71,-6.21328e-07,5.97766e-06,-1
13,72,4.89887e-07,5.85142e-06,-1
13,73,1.61905e-06,5.51623e-06,-1
13,74,2.74464e-06,4.97813e-06,-1
13,75,3.83632e-06,4.25335e-06,-1
13,76,4.85631e-06,3.37012e-06,-1
13,77,5.76304e-06,2.36824e-06,-1
13,78,6.51611e-06,1.29641e-06,-1
13,79,7.08142e-06,2.07843e-07,-1
13,80,7.43528e-06,-8.44839e-07,-1
13,81,7.56685e-06,-1.8144e-06,-1
13,82,7.47875e-06,-2.66273e-06,-1
13,83,7.18593e-06,-3.3631e-06,-1
13,84,6.71332e-06,-3.90083e-06,-1
13,85,6.0928e-06,-4.27262e-06,-1
13,86,5.35995e-06,-4.48482e-06,-1
13,87,4.55112e-06,-4.55112e-06,-1
13,88,3.70102e-06,-4.49009e-06,-1
13,89,2.84096e-06,-4.32269e-06,-1
13,90,1.99786e-06,-4.07033e-06,-1
13,91,1.19381e-06,-3.75321e-06,-1
13,92,4.46216e-07,-3.38929e-06,-1
13,93,-2.3184e-07,-2.99361e-06,-1
13,94,-8.30905e-07,-2.57816e-06,-1
13,95,-1.34447e-06,-2.15185e-06,-1
13,96,-1.76828e-06,-1.72085e-06,-1
13,97,-2.09969e-06,-1.28894e-06,-1
13,98,-2.33717e-06,-8.58013e-07,-1
13,99,-2.47991e-06,-4.28529e-07,-1
14,0,-2.96271e-06,-7.9997e-15,-1
14,1,-2.91609e-06,4.40089e-07,-1
14,2,-2.77611e-06,8.83054e-07,-1
14,3,-2.54245e-06,1.33133e-06,-1
14,4,-2.21476e-06,1.78647e-06,-1
14,5,-1.79291e-06,2.24864e-06,-1
14,6,-1.27735e-06,2.7161e-06,-1
14,7,-6.69671e-07,3.18466e-06,-1
14,8,2.6744e-08,3.64713e-06,-1
14,9,8.05871e-07,4.09284e-06,-1
14,10,1.65812e-06,4.50725e-06,-1
14,11,2.56939e-06,4.87186e-06,-1
14,12,3.52014e-06,5.16447e-06,-1
14,13,4.48482e-06,5.35995e-06,-1
14,14,5.43164e-06,5.43164e-06,-1
14,15,6.32311e-06,5.35341e-06,-1
14,16,7.11734e-06,5.10234e-06,-1
14,17,7.77031e-06,4.6619e-06,-1
14,18,8.2391e-06,4.02523e-06,-1
14,19,8.48579e-06,3.19816e-06,-1
14,20,8.48172e-06,2.20135e-06,-1
14,21,8.21148e-06,1.07106e-06,-1
14,22,7.67584e-06,-1.42078e-07,-1
14,23,6.89295e-06,-1.37639e-06,-1
14,24,5.89702e-06,-2.56457e-06,-1
14,25,4.73451e-06,-3.64043e-06,-1
14,26,3.45799e-06,-4.54578e-06,-1
14,27,2.11904e-06,-5.23597e-06,-1
14,28,7.61785e-07,-5.68272e-06,-1
14,29,-5.81045e-07,-5.87347e-06,-1
14,30,-1.88825e-06,-5.80789e-06,-1
14,31,-3.14638e-06,-5.49301e-06,-1
14,32,-4.3431e-06,-4.93942e-06,-1
14,33,-5.45998e-06,-4.16066e-06,-1
14,34,-6.4668e-06,-3.17666e-06,-1
14,35,-7.31948e-06,-2.02035e-06,-1
14,36,-7.96252e-06,-7.44663e-07,-1
14,37,-8.33659e-06,5.7387e-07,-1
14,38,-8.39114e-06,1.83883e-06,-1
14,39,-8.09955e-06,2.94708e-06,-1
14,40,-7.47196e-06,3.80893e-06,-1
14,41,-6.55889e-06,4.36789e-06,-1
14,42,-5.44236e-06,4.60984e-06,-1
14,43,-4.21907e-06,4.55769e-06,-1
14,44,-2.98354e-06,4.25694e-06,-1
14,45,-1.81922e-06,3.76189e-06,-1
14,46,-7.94308e-07,3.1269e-06,-1
14,47,4.05528e-08,2.40049e-06,-1
14,48,6.52777e-07,1.62135e-06,-1
14,49,1.02446e-06,8.15904e-07,-1
14,50,1.14886e-06,-1.08749e-14,-1
14,51,1.02446e-06,-8.15904e-07,-1
14,52,6.52777e-07,-1.62135e-06,-1
14,53,4.05527e-08,-2.40049e-06,-1
14,54,-7.94308e-07,-3.1269e-06,-1
14,55,-1.81922e-06,-3.76189e-06,-1
14,56,-2.98354e-06,-4.25694e-06,-1
14,57,-4.21907e-06,-4.55769e-06,-1
14,58,-5.44236e-06,-4.60984e-06,-1
14,59,-6.55889e-06,-4.36789e-06,-1
14,60,-7.47196e-06,-3.80893e-06,-1
14,61,-8.09955e-06,-2.94708e-06,-1
14,62,-8.39114e-06,-1.83883e-06,-1
14,63,-8.33659e-06,-5.7387e-07,-1
14,64,-7.96252e-06,7.44663e-07,-1
14,65,-7.31948e-06,2.02035e-06,-1
14,66,-6.4668e-06,3.17666e-06,-1
14,67,-5.45998e-06,4.16066e-06,-1
14,68,-4.3431e-06,4.93942e-06,-1
14,69,-3.14638e-06,5.49301e-06,-1
14,70,-1.88825e-06,5.80789e-06,-1
14,71,-5.81045e-07,5.87347e-06,-1
14,72,7.61785e-07,5.68272e-06,-1
14,73,2.11904e-06,5.23597e-06,-1
14,74,3.45799e-06,4.54578e-06,-1
14,75,4.73451e-06,3.64043e-06,-1
14,76,5.89702e-06,2.56457e-06,-1
14,77,6.89295e-06,1.37639e-06,-1
14,78,7.67584e-06,1.42078e-07,-1
14,79,8.21148e-06,-1.07106e-06,-1
14,80,8.48172e-06,-2.20135e-06,-1
14,81,8.48579e-06,-3.19816e-06,-1
14,82,8.2391e-06,-4.02523e-06,-1
14,83,7.77031e-06,-4.6619e-06,-1
14,84,7.11734e-06,-5.10234e-06,-1
14,85,6.32311e-06,-5.35341e-06,-1
14,86,5.43164e-06,-5.43164e-06,-1
14,87,4.48482e-06,-5.35995e-06,-1
14,88,3.52014e-06,-5.16447e-06,-1
14,89,2.56939e-06,-4.87186e-06,-1
14,90,1.65812e-06,-4.50725e-06,-1
14,91,8.05871e-07,-4.09284e-06,-1
14,92,2.67441e-08,-3.64713e-06,-1
14,93,-6.69671e-07,-3.18466e-06,-1
14,94,-1.27735e-06,-2.7161e-06,-1
14,95,-1.79291e-06,-2.24864e-06,-1
14,96,-2.21476e-06,-1.78647e-06,-1
14,97,-2.54245e-06,-1.33133e-06,-1
14,98,-2.77611e-06,-8.83054e-07,-1
14,99,-2.91609e-06,-4.40089e-07,-1
15,0,-3.40445e-06,-7.9858e-15,-1
15,1,-3.35975e-06,4.42101e-07,-1
15,2,-3.22531e-06,8.88839e-07,-1
15,3,-3.00021e-06,1.34448e-06,-1
15,4,-2.68303e-06,1.81251e-06,-1
15,5,-2.27205e-06,2.29519e-06,-1
15,6,-1.7656e-06,2.79305e-06,-1
15,7,-1.16256e-06,3.30427e-06,-1
15,8,-4.62973e-07,3.82403e-06,-1
15,9,3.31036e-07,4.34382e-06,-1
15,10,1.21421e-06,4.85079e-06,-1
15,11,2.1769e-06,5.32723e-06,-1
15,12,3.20378e-06,5.7504e-06,-1
15,13,4.27262e-06,6.0928e-06,-1
15,14,5.35341e-06,6.32311e-06,-1
15,15,6.40803e-06,6.40803e-06,-1
15,16,7.39092e-06,6.31496e-06,-1
15,17,8.25073e-06,6.01555e-06,-1
15,18,8.93342e-06,5.48989e-06,-1
15,19,9.3865e-06,4.73088e-06,-1
15,20,9.56429e-06,3.7482e-06,-1
15,21,9.43362e-06,2.57108e-06,-1
15,22,8.979e-06,1.24899e-06,-1
15,23,8.20646e-06,-1.5025e-07,-1
15,24,7.14456e-06,-1.54555e-06,-1
15,25,5.8421e-06,-2.8503e-06,-1
15,26,4.36207e-06,-3.98195e-06,-1
15,27,2.77267e-06,-4.87132e-06,-1
15,28,1.13745e-06,-5.4696e-06,-1
15,29,-4.92835e-07,-5.75092e-06,-1
15,30,-2.08368e-06,-5.70997e-06,-1
15,31,-3.61412e-06,-5.35586e-06,-1
15,32,-5.06805e-06,-4.70559e-06,-1
15,33,-6.42245e-06,-3.78093e-06,-1
15,34,-7.63651e-06,-2.61169e-06,-1
15,35,-8.64644e-06,-1.24503e-06,-1
15,36,-9.36964e-06,2.43271e-07,-1
15,37,-9.71964e-06,1.74373e-06,-1
15,38,-9.63098e-06,3.12216e-06,-1
15,39,-9.08597e-06,4.24559e-06,-1
15,40,-8.13016e-06,5.01683e-06,-1
15,41,-6.86589e-06,5.39919e-06,-1
15,42,-5.42278e-06,5.41652e-06,-0.999999
15,43,-3.92671e-06,5.13093e-06,-0.999999
15,44,-2.48229e-06,4.61815e-06,-0.999999
15,45,-1.17205e-06,3.95238e-06,-0.999999
15,46,-5.6632e-08,3.19802e-06,-0.999999
15,47,8.25963e-07,2.40407e-06,-0.999998
15,48,1.45787e-06,1.60063e-06,-0.999998
15,49,1.83635e-06,7.9918e-07,-0.999998
15,50,1.96231e-06,-1.15686e-14,-0.999998
15,51,1.83635e-06,-7.9918e-07,-0.999998
15,52,1.45787e-06,-1.60063e-06,-0.999998
15,53,8.25963e-07,-2.40407e-06,-0.999998
15,54,-5.6632e-08,-3.19802e-06,-0.999999
15,55,-1.17205e-06,-3.95238e-06,-0.999999
15,56,-2.48229e-06,-4.61815e-06,-0.999999
15,57,-3.92671e-06,-5.13093e-06,-0.999999
15,58,-5.42278e-06,-5.41652e-06,-0.999999
15,59,-6.86589e-06,-5.39919e-06,-1
15,60,-8.13016e-06,-5.01683e-06,-1
15,61,-9.08597e-06,-4.24559e-06,-1
15,62,-9.63098e-06,-3.12216e-06,-1
15,63,-9.71964e-06,-1.74373e-06,-1
15,64,-9.36964e-06,-2.43271e-07,-1
15,65,-8.64644e-06,1.24503e-06,-1
15,66,-7.63651e-06,2.61169e-06,-1
15,67,-6.42245e-06,3.78093e-06,-1
15,68,-5.06805e-06,4.70559e-06,-1
15,69,-3.61412e-06,5.35586e-06,-1
15,70,-2.08368e-06,5.70997e-06,-1
15,71,-4.92835e-07,5.75092e-06,-1
15,72,1.13745e-06,5.4696e-06,-1
15,73,2.77267e-06,4.87132e-06,-1
15,74,4.36207e-06,3.98195e-06,-1
15,75,5.8421e-06,2.8503e-06,-1
15,76,7.14456e-06,1.54555e-06,-1
15,77,8.20646e-06,1.5025e-07,-1
15,78,8.979e-06,-1.24899e-06,-1
15,79,9.43362e-06,-2.57108e-06,-1
15,80,9.56429e-06,-3.7482e-06,-1
15,81,9.3865e-06,-4.73088e-06,-1
15,82,8.93342e-06,-5.48989e-06,-1
15,83,8.25073e-06,-6.01555e-06,-1
15,84,7.39092e-06,-6.31496e-06,-1
15,85,6.40803e-06,-6.40803e-06,-1
15,86,5.35341e-06,-6.32311e-06,-1
15,87,4.27262e-06,-6.0928e-06,-1
15,88,3.20378e-06,-5.7504e-06,-1
15,89,2.1769e-06,-5.32723e-06,-1
15,90,1.21421e-06,-4.85079e-06,-1
15,91,3.31036e-07,-4.34382e-06,-1
15,92,-4.62973e-07,-3.82403e-06,-1
15,93,-1.16256e-06,-3.30427e-06,-1
15,94,-1.7656e-06,-2.79305e-06,-1
15,95,-2.27205e-06,-2.29519e-06,-1
15,96,-2.68303e-06,-1.81251e-06,-1
15,97,-3.00021e-06,-1.34448e-06,-1
15,98,-3.22531e-06,-8.88839e-07,-1
15,99,-3.35975e-06,-4.42101e-07,-1
16,0,-3.84326e-06,-7.90935e-15,-1
16,1,-3.80129e-06,4.34729e-07,-1
16,2,-3.67489e-06,8.75602e-07,-1
16,3,-3.46263e-06,1.32848e-06,-1
16,4,-3.16218e-06,1.79861e-06,-1
16,5,-2.77049e-06,2.29028e-06,-1
16,6,-2.284e-06,2.80631e-06,-1
16,7,-1.69902e-06,3.34748e-06,-1
16,8,-1.01233e-06,3.91184e-06,-1
16,9,-2.21978e-07,4.49385e-06,-1
16,10,6.71607e-07,5.08349e-06,-1
16,11,1.66422e-06,5.66536e-06,-1
16,12,2.74623e-06,6.21795e-06,-1
16,13,3.90083e-06,6.71332e-06,-1
16,14,5.10234e-06,7.11734e-06,-1
16,15,6.31496e-06,7.39092e-06,-1
16,16,7.49233e-06,7.49233e-06,-1
16,17,8.57822e-06,7.38075e-06,-1
16,18,9.50886e-06,7.021e-06,-1
16,19,1.0217e-05,6.38914e-06,-1
16,20,1.06376e-05,5.47835e-06,-1
16,21,1.0715e-05,4.30413e-06,-1
16,22,1.04105e-05,2.90789e-06,-1
16,23,9.7094e-06,1.35769e-06,-1
16,24,8.62559e-06,-2.54904e-07,-1
16,25,7.20265e-06,-1.8223e-06,-1
16,26,5.50968e-06,-3.23221e-06,-1
16,27,3.632e-06,-4.38125e-06,-1
16,28,1.65806e-06,-5.18773e-06,-1
16,29,-3.34141e-07,-5.60038e-06,-1
16,30,-2.28655e-06,-5.60017e-06,-1
16,31,-4.16224e-06,-5.19517e-06,-1
16,32,-5.9363e-06,-4.41145e-06,-1
16,33,-7.57833e-06,-3.2864e-06,-1
16,34,-9.03332e-06,-1.87023e-06,-1
16,35,-1.021e-05,-2.3787e-07,-1
16,36,-1.09868e-05,1.49498e-06,-1
16,37,-1.12422e-05,3.16758e-06,-1
16,38,-1.0901e-05,4.5968e-06,-1
16,39,-9.97887e-06,5.62681e-06,-0.999999
16,40,-8.59146e-06,6.1813e-06,-0.999999
16,41,-6.91674e-06,6.27692e-06,-0.999998
16,42,-5.1349e-06,5.99213e-06,-0.999998
16,43,-3.3893e-06,5.42815e-06,-0.999997
16,44,-1.78412e-06,4.68821e-06,-0.999996
16,45,-3.90807e-07,3.86621e-06,-0.999995
16,46,7.49467e-07,3.03371e-06,-0.999994
16,47,1.62275e-06,2.23112e-06,-0.999993
16,48,2.23595e-06,1.46668e-06,-0.999993
16,49,2.602e-06,7.28035e-07,-0.999992
16,50,2.72436e-06,-1.21632e-14,-0.999992
16,51,2.602e-06,-7.28036e-07,-0.999992
16,52,2.23595e-06,-1.46668e-06,-0.999993
16,53,1.62275e-06,-2.23112e-06,-0.999993
16,54,7.49467e-07,-3.03371e-06,-0.999994
16,55,-3.90807e-07,-3.86621e-06,-0.999995
16,56,-1.78412e-06,-4.68821e-06,-0.999996
16,57,-3.3893e-06,-5.42815e-06,-0.999997
16,58,-5.1349e-06,-5.99213e-06,-0.999998
16,59,-6.91674e-06,-6.27692e-06,-0.999998
16,60,-8.59146e-06,-6.1813e-06,-0.999999
16,61,-9.97887e-06,-5.62681e-06,-0.999999
16,62,-1.0901e-05,-4.5968e-06,-1
16,63,-1.12422e-05,-3.16758e-06,-1
16,64,-1.09868e-05,-1.49498e-06,-1
16,65,-1.021e-05,2.3787e-07,-1
16,66,-9.03332e-06,1.87023e-06,-1
16,67,-7.57833e-06,3.2864e-06,-1
16,68,-5.9363e-06,4.41145e-06,-1
16,69,-4.16224e-06,5.19517e-06,-1
16,70,-2.28655e-06,5.60017e-06,-1
16,71,-3.34141e-07,5.60038e-06,-1
16,72,1.65806e-06,5.18773e-06,-1
16,73,3.632e-06,4.38125e-06,-1
16,74,5.50968e-06,3.23221e-06,-1
16,75,7.20265e-06,1.8223e-06,-1
16,76,8.62559e-06,2.54904e-07,-1
16,77,9.7094e-06,-1.35769e-06,-1
16,78,1.04105e-05,-2.90789e-06,-1
16,79,1.0715e-05,-4.30413e-06,-1
16,80,1.06376e-05,-5.47835e-06,-1
16,81,1.0217e-05,-6.38914e-06,-1
16,82,9.50886e-06,-7.021e-06,-1
16,83,8.57822e-06,-7.38075e-06,-1
16,84,7.49233e-06,-7.49233e-06,-1
16,85,6.31496e-06,-7.39092e-06,-1
16,86,5.10234e-06,-7.11734e-06,-1
16,87,3.90083e-06,-6.71332e-06,-1
16,88,2.74623e-06,-6.21795e-06,-1
16,89,1.66422e-06,-5.66536e-06,-1
16,90,6.71607e-07,-5.08349e-06,-1
16,91,-2.21978e-07,-4.49385e-06,-1
16,92,-1.01233e-06,-3.91184e-06,-1
16,93,-1.69902e-06,-3.34748e-06,-1
16,94,-2.284e-06,-2.80631e-06,-1
16,95,-2.77049e-06,-2.29028e-06,-1
16,96,-3.16218e-06,-1.79861e-06,-1
16,97,-3.46263e-06,-1.32848e-06,-1
16,98,-3.67489e-06,-8.75602e-07,-1
16,99,-3.80129e-06,-4.34729e-07,-1
17,0,-4.27002e-06,-7.77729e-15,-1
17,1,-4.23145e-06,4.18544e-07,-1
17,2,-4.11515e-06,8.44414e-07,-1
17,3,-3.91931e-06,1.28475e-06,-1
17,4,-3.64096e-06,1.74629e-06,-1
17,5,-3.27599e-06,2.2351e-06,-1
17,6,-2.81933e-06,2.75618e-06,-1
17,7,-2.26514e-06,3.31296e-06,-1
17,8,-1.60726e-06,3.90662e-06,-1
17,9,-8.3984e-07,4.53517e-06,-1
17,10,4.16167e-08,5.19244e-06,-1
17,11,1.03889e-06,5.86681e-06,-1
17,12,2.14922e-06,6.53998e-06,-1
17,13,3.3631e-06,7.18593e-06,-1
17,14,4.6619e-06,7.77031e-06,-1
17,15,6.01555e-06,8.25073e-06,-1
17,16,7.38075e-06,8.57822e-06,-1
17,17,8.70024e-06,8.70024e-06,-1
17,18,9.90376e-06,8.56546e-06,-1
17,19,1.0911e-05,8.13007e-06,-1
17,20,1.16373e-05,7.36535e-06,-1
17,21,1.2001e-05,6.26554e-06,-1
17,22,1.19335e-05,4.85493e-06,-1
17,23,1.13893e-05,3.19252e-06,-1
17,24,1.03556e-05,1.3727e-06,-1
17,25,8.85834e-06,-4.79596e-07,-1
17,26,6.96256e-06,-2.22002e-06,-1
17,27,4.76595e-06,-3.70146e-06,-1
17,28,2.38441e-06,-4.79363e-06,-1
17,29,-6.68278e-08,-5.40083e-06,-1
17,30,-2.49116e-06,-5.47297e-06,-1
17,31,-4.81982e-06,-5.00628e-06,-1
17,32,-7.00619e-06,-4.03533e-06,-1
17,33,-9.00302e-06,-2.62335e-06,-1
17,34,-1.07318e-05,-8.61803e-07,-1
17,35,-1.2061e-05,1.11624e-06,-1
17,36,-1.28159e-05,3.11969e-06,-0.999999
17,37,-1.28381e-05,4.90632e-06,-0.999999
17,38,-1.20706e-05,6.23998e-06,-0.999998
17,39,-1.06179e-05,6.98403e-06,-0.999997
17,40,-8.71465e-06,7.15078e-06,-0.999996
17,41,-6.61667e-06,6.85194e-06,-0.999994
17,42,-4.52496e-06,6.21471e-06,-0.999991
17,43,-2.58482e-06,5.35622e-06,-0.999988
17,44,-9.00166e-07,4.39921e-06,-0.999984
17,45,4.77741e-07,3.46147e-06,-0.99998
17,46,1.54856e-06,2.6198e-06,-0.999975
17,47,2.34377e-06,1.88697e-06,-0.999971
17,48,2.90233e-06,1.22836e-06,-0.999968
17,49,3.24116e-06,6.06405e-07,-0.999966
17,50,3.35568e-06,-1.21544e-14,-0.999965
17,51,3.24116e-06,-6.06405e-07,-0.999966
17,52,2.90233e-06,-1.22836e-06,-0.999968
17,53,2.34377e-06,-1.88697e-06,-0.999971
17,54,1.54856e-06,-2.6198e-06,-0.999975
17,55,4.77741e-07,-3.46147e-06,-0.99998
17,56,-9.00166e-07,-4.39921e-06,-0.999984
17,57,-2.58482e-06,-5.35622e-06,-0.999988
17,58,-4.52496e-06,-6.21471e-06,-0.999991
17,59,-6.61667e-06,-6.85194e-06,-0.999994
17,60,-8.71465e-06,-7.15078e-06,-0.999996
17,61,-1.06179e-05,-6.98403e-06,-0.999997
17,62,-1.20706e-05,-6.23998e-06,-0.999998
17,63,-1.28381e-05,-4.90632e-06,-0.999999
17,64,-1.28159e-05,-3.11969e-06,-0.999999
17,65,-1.2061e-05,-1.11624e-06,-1
17,66,-1.07318e-05,8.61803e-07,-1
17,67,-9.00302e-06,2.62335e-06,-1
17,68,-7.00619e-06,4.03533e-06,-1
17,69,-4.81982e-06,5.00628e-06,-1
17,70,-2.49116e-06,5.47297e-06,-1
17,71,-6.68279e-08,5.40083e-06,-1
17,72,2.38441e-06,4.79363e-06,-1
17,73,4.76595e-06,3.70146e-06,-1
17,74,6.96256e-06,2.22002e-06,-1
17,75,8.85834e-06,4.79596e-07,-1
17,76,1.03556e-05,-1.3727e-06,-1
17,77,1.13893e-05,-3.19252e-06,-1
17,78,1.19335e-05,-4.85493e-06,-1
17,79,1.2001e-05,-6.26554e-06,-1
17,80,1.16373e-05,-7.36535e-06,-1
17,81,1.0911e-05,-8.13007e-06,-1
17,82,9.90376e-06,-8.56546e-06,-1
17,83,8.70024e-06,-8.70024e-06,-1
17,84,7.38075e-06,-8.57822e-06,-1
17,85,6.01555e-06,-8.25073e-06,-1
17,86,4.6619e-06,-7.77031e-06,-1
17,87,3.3631e-06,-7.18593e-06,-1
17,88,2.14922e-06,-6.53998e-06,-1
17,89,1.03889e-06,-5.86681e-06,-1
17,90,4.16168e-08,-5.19244e-06,-1
17,91,-8.3984e-07,-4.53517e-06,-1
17,92,-1.60726e-06,-3.90662e-06,-1
17,93,-2.26514e-06,-3.31296e-06,-1
17,94,-2.81933e-06,-2.75618e-06,-1
17,95,-3.27599e-06,-2.2351e-06,-1
17,96,-3.64096e-06,-1.74629e-06,-1
17,97,-3.91931e-06,-1.28475e-06,-1
17,98,-4.11515e-06,-8.44414e-07,-1
17,99,-4.23145e-06,-4.18544e-07,-1
18,0,-4.67639e-06,-7.56183e-15,-1
18,1,-4.64172e-06,3.94454e-07,-1
18,2,-4.53705e-06,7.97044e-07,-1
18,3,-4.36035e-06,1.21582e-06,-1
18,4,-4.10826e-06,1.65866e-06,-1
18,5,-3.77603e-06,2.13305e-06,-1
18,6,-3.35751e-06,2.6459e-06,-1
18,7,-2.84529e-06,3.20309e-06,-1
18,8,-2.23085e-06,3.80892e-06,-1
18,9,-1.50501e-06,4.46527e-06,-1
18,10,-6.58719e-07,5.1705e-06,-1
18,11,3.15791e-07,5.91799e-06,-1
18,12,1.4232e-06,6.69458e-06,-1
18,13,2.66273e-06,7.47875e-06,-1
18,14,4.02523e-06,8.2391e-06,-1
18,15,5.48989e-06,8.93342e-06,-1
18,16,7.021e-06,9.50886e-06,-1
18,17,8.56546e-06,9.90376e-06,-1
18,18,1.00517e-05,1.00517e-05,-1
18,19,1.13907e-05,9.88768e-06,-1
18,20,1.24801e-05,9.35701e-06,-1
18,21,1.32119e-05,8.42531e-06,-1
18,22,1.34823e-05,7.08934e-06,-1
18,23,1.32055e-05,5.38664e-06,-1
18,24,1.23277e-05,3.40188e-06,-1
18,25,1.08396e-05,1.26743e-06,-1
18,26,8.78481e-06,-8.43965e-07,-1
18,27,6.25977e-06,-2.73578e-06,-1
18,28,3.4027e-06,-4.21239e-06,-1
18,29,3.72478e-07,-5.10772e-06,-1
18,30,-2.67792e-06,-5.31069e-06,-1
18,31,-5.62266e-06,-4.78045e-06,-1
18,32,-8.36566e-06,-3.54887e-06,-1
18,33,-1.0817e-05,-1.71572e-06,-1
18,34,-1.2848e-05,5.48724e-07,-0.999999
18,35,-1.42591e-05,2.98842e-06,-0.999999
18,36,-1.48105e-05,5.25952e-06,-0.999998
18,37,-1.43355e-05,6.9906e-06,-0.999996
18,38,-1.28856e-05,7.93454e-06,-0.999993
18,39,-1.07629e-05,8.10339e-06,-0.999989
18,40,-8.34433e-06,7.70584e-06,-0.999983
18,41,-5.89371e-06,6.95114e-06,-0.999974
18,42,-3.57158e-06,5.96356e-06,-0.999963
18,43,-1.52829e-06,4.84511e-06,-0.999949
18,44,1.11598e-07,3.72904e-06,-0.999933
18,45,1.32596e-06,2.75672e-06,-0.999915
18,46,2.19516e-06,2.00333e-06,-0.999898
18,47,2.8379e-06,1.42276e-06,-0.999881
18,48,3.31182e-06,9.1794e-07,-0.999868
18,49,3.60134e-06,4.45864e-07,-0.999859
18,50,3.6961e-06,-1.00514e-14,-0.999856
18,51,3.60134e-06,-4.45864e-07,-0.999859
18,52,3.31182e-06,-9.1794e-07,-0.999868
18,53,2.8379e-06,-1.42276e-06,-0.999881
18,54,2.19516e-06,-2.00333e-06,-0.999898
18,55,1.32596e-06,-2.75672e-06,-0.999915
18,56,1.11598e-07,-3.72904e-06,-0.999933
18,57,-1.52829e-06,-4.84511e-06,-0.999949
18,58,-3.57158e-06,-5.96356e-06,-0.999963
18,59,-5.89371e-06,-6.95114e-06,-0.999974
18,60,-8.34433e-06,-7.70584e-06,-0.999983
18,61,-1.07629e-05,-8.10339e-06,-0.999989
18,62,-1.28856e-05,-7.93454e-06,-0.999993
18,63,-1.43355e-05,-6.9906e-06,-0.999996
18,64,-1.48105e-05,-5.25952e-06,-0.999998
18,65,-1.42591e-05,-2.98842e-06,-0.999999
18,66,-1.2848e-05,-5.48724e-07,-0.999999
18,67,-1.0817e-05,1.71572e-06,-1
18,68,-8.36566e-06,3.54887e-06,-1
18,69,-5.62266e-06,4.78045e-06,-1
18,70,-2.67792e-06,5.31069e-06,-1
18,71,3.72478e-07,5.10772e-06,-1
18,72,3.4027e-06,4.21239e-06,-1
18,73,6.25977e-06,2.73578e-06,-1
18,74,8.78481e-06,8.43965e-07,-1
18,75,1.08396e-05,-1.26743e-06,-1
18,76,1.23277e-05,-3.40188e-06,-1
18,77,1.32055e-05,-5.38664e-06,-1
18,78,1.34823e-05,-7.08934e-06,-1
18,79,1.32119e-05,-8.42531e-06,-1
18,80,1.24801e-05,-9.35701e-06,-1
18,81,1.13907e-05,-9.88768e-06,-1
18,82,1.00517e-05,-1.00517e-05,-1
18,83,8.56546e-06,-9.90376e-06,-1
18,84,7.021e-06,-9.50886e-06,-1
18,85,5.48989e-06,-8.93342e-06,-1
18,86,4.02523e-06,-8.2391e-06,-1
18,87,2.66273e-06,-7.47875e-06,-1
18,88,1.4232e-06,-6.69458e-06,-1
18,89,3.15791e-07,-5.91799e-06,-1
18,90,-6.58719e-07,-5.1705e-06,-1
18,91,-1.50501e-06,-4.46527e-06,-1
18,92,-2.23085e-06,-3.80892e-06,-1
18,93,-2.84529e-06,-3.20309e-06,-1
18,94,-3.35751e-06,-2.6459e-06,-1
18,95,-3.77603e-06,-2.13305e-06,-1
18,96,-4.10826e-06,-1.65866e-06,-1
18,97,-4.36035e-06,-1.21583e-06,-1
18,98,-4.53705e-06,-7.97044e-07,-1
18,99,-4.64172e-06,-3.94454e-07,-1
19,0,-5.05507e-06,-7.23517e-15,-1
19,1,-5.0246e-06,3.63605e-07,-1
19,2,-4.9325e-06,7.35773e-07,-1
19,3,-4.77672e-06,1.12508e-06,-1
19,4,-4.55373e-06,1.54009e-06,-1
19,5,-4.2585e-06,1.98934e-06,-1
19,6,-3.88438e-06,2.4812e-06,-1
19,7,-3.423e-06,3.02361e-06,-1
19,8,-2.8643e-06,3.62371e-06,-1
19,9,-2.19665e-06,4.28715e-06,-1
19,10,-1.40725e-06,5.01706e-06,-1
19,11,-4.83003e-07,5.81268e-06,-1
19,12,5.88027e-07,6.66747e-06,-1
19,13,1.8144e-06,7.56685e-06,-1
19,14,3.19816e-06,8.48579e-06,-1
19,15,4.73088e-06,9.3865e-06,-1
19,16,6.38914e-06,1.0217e-05,-1
19,17,8.13007e-06,1.0911e-05,-1
19,18,9.88768e-06,1.13907e-05,-1
19,19,1.15712e-05,1.15712e-05,-1
19,20,1.30667e-05,1.13703e-05,-1
19,21,1.4242e-05,1.07191e-05,-1
19,22,1.49572e-05,9.57683e-06,-1
19,23,1.50789e-05,7.9453e-06,-1
19,24,1.44978e-05,5.88236e-06,-1
19,25,1.31489e-05,3.51075e-06,-1
19,26,1.10289e-05,1.01884e-06,-1
19,27,8.20739e-06,-1.35023e-06,-1
19,28,4.82616e-06,-3.32316e-06,-1
19,29,1.08252e-06,-4.63352e-06,-1
19,30,-2.80046e-06,-5.06493e-06,-1
19,31,-6.60683e-06,-4.49123e-06,-1
19,32,-1.01412e-05,-2.90626e-06,-0.999999
19,33,-1.32079e-05,-4.49832e-07,-0.999999
19,34,-1.55547e-05,2.5609e-06,-0.999997
19,35,-1.68514e-05,5.61064e-06,-0.999995
19,36,-1.67947e-05,8.04276e-06,-0.999991
19,37,-1.53461e-05,9.31649e-06,-0.999984
19,38,-1.29137e-05,9.37429e-06,-0.999974
19,39,-1.01214e-05,8.64965e-06,-0.999957
19,40,-7.35274e-06,7.60651e-06,-0.999933
19,41,-4.71344e-06,6.42834e-06,-0.999899
19,42,-2.31232e-06,5.16623e-06,-0.999855
19,43,-3.42367e-07,3.91413e-06,-0.999802
19,44,1.05858e-06,2.79095e-06,-0.999741
19,45,1.90714e-06,1.92162e-06,-0.999675
19,46,2.41947e-06,1.35219e-06,-0.99961
19,47,2.84458e-06,9.61535e-07,-0.999551
19,48,3.19876e-06,6.11969e-07,-0.999503
19,49,3.39234e-06,2.8645e-07,-0.999472
19,50,3.44289e-06,-6.44779e-15,-0.999462
19,51,3.39234e-06,-2.8645e-07,-0.999472
19,52,3.19876e-06,-6.11969e-07,-0.999503
19,53,2.84458e-06,-9.61535e-07,-0.999551
19,54,2.41947e-06,-1.35219e-06,-0.99961
19,55,1.90714e-06,-1.92162e-06,-0.999675
19,56,1.05858e-06,-2.79095e-06,-0.999741
19,57,-3.42367e-07,-3.91413e-06,-0.999802
19,58,-2.31232e-06,-5.16623e-06,-0.999855
19,59,-4.71344e-06,-6.42834e-06,-0.999899
19,60,-7.35274e-06,-7.60651e-06,-0.999933
19,61,-1.01214e-05,-8.64965e-06,-0.999957
19,62,-1.29137e-05,-9.37429e-06,-0.999974
19,63,-1.53461e-05,-9.31649e-06,-0.999984
19,64,-1.67947e-05,-8.04276e-06,-0.999991
19,65,-1.68514e-05,-5.61064e-06,-0.999995
19,66,-1.55547e-05,-2.5609e-06,-0.999997
19,67,-1.32079e-05,4.49832e-07,-0.999999
19,68,-1.01412e-05,2.90626e-06,-0.999999
19,69,-6.60683e-06,4.49123e-06,-1
19,70,-2.80046e-06,5.06493e-06,-1
19,71,1.08252e-06,4.63352e-06,-1
19,72,4.82616e-06,3.32316e-06,-1
19,73,8.20739e-06,1.35023e-06,-1
19,74,1.10289e-05,-1.01884e-06,-1
19,75,1.31489e-05,-3.51075e-06,-1
19,76,1.44978e-05,-5.88236e-06,-1
19,77,1.50789e-05,-7.9453e-06,-1
19,78,1.49572e-05,-9.57683e-06,-1
19,79,1.4242e-05,-1.07191e-05,-1
19,80,1.30667e-05,-1.13703e-05,-1
19,81,1.15712e-05,-1.15712e-05,-1
19,82,9.88768e-06,-1.13907e-05,-1
19,83,8.13007e-06,-1.0911e-05,-1
19,84,6.38914e-06,-1.0217e-05,-1
19,85,4.73088e-06,-9.3865e-06,-1
19,86,3.19816e-06,-8.48579e-06,-1
19,87,1.8144e-06,-7.56685e-06,-1
19,88,5.88027e-07,-6.66747e-06,-1
19,89,-4.83003e-07,-5.81268e-06,-1
19,90,-1.40725e-06,-5.01706e-06,-1
19,91,-2.19665e-06,-4.28715e-06,-1
19,92,-2.8643e-06,-3.62371e-06,-1
19,93,-3.423e-06,-3.02361e-06,-1
19,94,-3.88438e-06,-2.4812e-06,-1
19,95,-4.2585e-06,-1.98934e-06,-1
19,96,-4.55373e-06,-1.54009e-06,-1
19,97,-4.77672e-06,-1.12508e-06,-1
19,98,-4.9325e-06,-7.35773e-07,-1
19,99,-5.0246e-06,-3.63605e-07,-1
20,0,-5.39997e-06,-6.95717e-15,-1
20,1,-5.37381e-06,3.27289e-07,-1
20,2,-5.29468e-06,6.63194e-07,-1
20,3,-5.16058e-06,1.01642e-06,-1
20,4,-4.9681e-06,1.39582e-06,-1
20,5,-4.71228e-06,1.8105e-06,-1
20,6,-4.38643e-06,2.26976e-06,-1
20,7,-3.98196e-06,2.78307e-06,-1
20,8,-3.48811e-06,3.35985e-06,-1
20,9,-2.89187e-06,4.00903e-06,-1
20,10,-2.17796e-06,4.7383e-06,-1
20,11,-1.3292e-06,5.55291e-06,-1
20,12,-3.27404e-07,6.45382e-06,-1
20,13,8.44839e-07,7.43528e-06,-1
20,14,2.20135e-06,8.48172e-06,-1
20,15,3.7482e-06,9.56429e-06,-1
20,16,5.47835e-06,1.06376e-05,-1
20,17,7.36535e-06,1.16373e-05,-1
20,18,9.35701e-06,1.24801e-05,-1
20,19,1.13703e-05,1.30667e-05,-1
20,20,1.32887e-05,1.32887e-05,-1
20,21,1.49641e-05,1.30408e-05,-1
20,22,1.62238e-05,1.22367e-05,-1
20,23,1.68842e-05,1.08287e-05,-1
20,24,1.67702e-05,8.82809e-06,-1
20,25,1.574e-05,6.32446e-06,-1
20,26,1.37125e-05,3.49852e-06,-1
20,27,1.06923e-05,6.23927e-07,-1
20,28,6.78608e-06,-1.94786e-06,-1
20,29,2.20185e-06,-3.82384e-06,-1
20,30,-2.77219e-06,-4.62542e-06,-0.999999
20,31,-7.79793e-06,-4.06047e-06,-0.999999
20,32,-1.25037e-05,-2.00981e-06,-0.999998
20,33,-1.64496e-05,1.35885e-06,-0.999995
20,34,-1.90726e-05,5.45758e-06,-0.999991
20,35,-1.97712e-05,9.215e-06,-0.999982
20,36,-1.82649e-05,1.13856e-05,-0.999967
20,37,-1.51186e-05,1.14194e-05,-0.999942
20,38,-1.15836e-05,1.00035e-05,-0.999901
20,39,-8.47104e-06,8.27704e-06,-0.999839
20,40,-5.70357e-06,6.73616e-06,-0.999751
20,41,-3.12961e-06,5.30403e-06,-0.999633
20,42,-9.64005e-07,3.967e-06,-0.999483
20,43,6.01484e-07,2.82605e-06,-0.999303
20,44,1.53097e-06,1.91218e-06,-0.9991
20,45,1.874e-06,1.26935e-06,-0.998885
20,46,1.98609e-06,8.95126e-07,-0.998673
20,47,2.18812e-06,6.45038e-07,-0.99848
20,48,2.39276e-06,4.05622e-07,-0.998326
20,49,2.46259e-06,1.84813e-07,-0.998225
20,50,2.46199e-06,-7.02299e-16,-0.998191
20,51,2.46259e-06,-1.84813e-07,-0.998225
20,52,2.39276e-06,-4.05622e-07,-0.998326
20,53,2.18812e-06,-6.45038e-07,-0.99848
20,54,1.98609e-06,-8.95126e-07,-0.998673
20,55,1.874e-06,-1.26935e-06,-0.998885
20,56,1.53097e-06,-1.91218e-06,-0.9991
20,57,6.01484e-07,-2.82605e-06,-0.999303
20,58,-9.64005e-07,-3.967e-06,-0.999483
20,59,-3.12961e-06,-5.30403e-06,-0.999633
20,60,-5.70357e-06,-6.73616e-06,-0.999751
20,61,-8.47104e-06,-8.27704e-06,-0.999839
20,62,-1.15836e-05,-1.00035e-05,-0.999901
20,63,-1.51186e-05,-1.14194e-05,-0.999942
20,64,-1.82649e-05,-1.13856e-05,-0.999967
20,65,-1.97712e-05,-9.215e-06,-0.999982
20,66,-1.90726e-05,-5.45758e-06,-0.999991
20,67,-1.64496e-05,-1.35885e-06,-0.999995
20,68,-1.25037e-05,2.00981e-06,-0.999998
20,69,-7.79793e-06,4.06047e-06,-0.999999
20,70,-2.77219e-06,4.62542e-06,-0.999999
20,71,2.20185e-06,3.82384e-06,-1
20,72,6.78608e-06,1.94786e-06,-1
20,73,1.06923e-05,-6.23927e-07,-1
20,74,1.37125e-05,-3.49852e-06,-1
20,75,1.574e-05,-6.32446e-06,-1
20,76,1.67702e-05,-8.82809e-06,-1
20,77,1.68842e-05,-1.08287e-05,-1
20,78,1.62238e-05,-1.22367e-05,-1
20,79,1.49641e-05,-1.30408e-05,-1
20,80,1.32887e-05,-1.32887e-05,-1
20,81,1.13703e-05,-1.30667e-05,-1
20,82,9.35701e-06,-1.24801e-05,-1
20,83,7.36535e-06,-1.16373e-05,-1
20,84,5.47835e-06,-1.06376e-05,-1
20,85,3.7482e-06,-9.56429e-06,-1
20,86,2.20135e-06,-8.48172e-06,-1
20,87,8.44839e-07,-7.43528e-06,-1
20,88,-3.27404e-07,-6.45382e-06,-1
20,89,-1.3292e-06,-5.55291e-06,-1
20,90,-2.17796e-06,-4.7383e-06,-1
20,91,-2.89187e-06,-4.00903e-06,-1
20,92,-3.48811e-06,-3.35985e-06,-1
20,93,-3.98196e-06,-2.78307e-06,-1
20,94,-4.38643e-06,-2.26976e-06,-1
20,95,-4.71228e-06,-1.8105e-06,-1
20,96,-4.9681e-06,-1.39582e-06,-1
20,97,-5.16058e-06,-1.01642e-06,-1
20,98,-5.29468e-06,-6.63194e-07,-1
20,99,-5.37381e-06,-3.27289e-07,-1
21,0,-5.70635e-06,-6.79036e-15,-1
21,1,-5.68444e-06,2.86849e-07,-1
21,2,-5.61811e-06,5.82025e-07,-1
21,3,-5.50554e-06,8.94001e-07,-1
21,4,-5.3436e-06,1.23153e-06,-1
21,5,-5.12769e-06,1.60379e-06,-1
21,6,-4.85155e-06,2.0205e-06,-1
21,7,-4.50693e-06,2.49199e-06,-1
21,8,-4.08328e-06,3.02921e-06,-1
21,9,-3.56734e-06,3.6436e-06,-1
21,10,-2.9428e-06,4.34665e-06,-1
21,11,-2.1901e-06,5.14907e-06,-1
21,12,-1.28667e-06,6.05934e-06,-1
21,13,-2.07843e-07,7.08142e-06,-1
21,14,1.07106e-06,8.21148e-06,-1
21,15,2.57108e-06,9.43362e-06,-1
21,16,4.30413e-06,1.0715e-05,-1
21,17,6.26554e-06,1.2001e-05,-1
21,18,8.42531e-06,1.32119e-05,-1
21,19,1.07191e-05,1.4242e-05,-1
21,20,1.30408e-05,1.49641e-05,-1
21,21,1.52387e-05,1.52387e-05,-1
21,22,1.71177e-05,1.49311e-05,-1
21,23,1.84488e-05,1.39332e-05,-1
21,24,1.89867e-05,1.21911e-05,-1
21,25,1.84967e-05,9.73409e-06,-1
21,26,1.67883e-05,6.70273e-06,-1
21,27,1.37539e-05,3.3696e-06,-1
21,28,9.40457e-06,1.45674e-07,-1
21,29,3.89616e-06,-2.43727e-06,-0.999999
21,30,-2.46259e-06,-3.77702e-06,-0.999998
21,31,-9.20542e-06,-3.29731e-06,-0.999996
21,32,-1.56699e-05,-6.3397e-07,-0.999992
21,33,-2.08774e-05,4.03891e-06,-0.999984
21,34,-2.35276e-05,9.56237e-06,-0.999967
21,35,-2.2489e-05,1.37061e-05,-0.999937
21,36,-1.80607e-05,1.45107e-05,-0.999883
21,37,-1.26524e-05,1.23118e-05,-0.999794
21,38,-8.618e-06,9.31628e-06,-0.999656
21,39,-5.96179e-06,7.01872e-06,-0.999452
21,40,-3.63436e-06,5.36889e-06,-0.999169
21,41,-1.51352e-06,3.98218e-06,-0.998795
21,42,-2.36637e-08,2.84467e-06,-0.998322
21,43,8.62827e-07,1.99821e-06,-0.997751
21,44,1.27469e-06,1.36864e-06,-0.997096
21,45,1.24869e-06,9.37411e-07,-0.996387
21,46,1.14652e-06,6.79816e-07,-0.99567
21,47,1.20793e-06,4.91909e-07,-0.995007
21,48,1.28993e-06,3.10192e-07,-0.994467
21,49,1.28486e-06,1.43806e-07,-0.994113
21,50,1.26353e-06,5.79876e-15,-0.993989
21,51,1.28486e-06,-1.43806e-07,-0.994113
21,52,1.28993e-06,-3.10192e-07,-0.994467
21,53,1.20793e-06,-4.91909e-07,-0.995007
21,54,1.14652e-06,-6.79816e-07,-0.99567
21,55,1.24869e-06,-9.37411e-07,-0.996387
21,56,1.27469e-06,-1.36864e-06,-0.997096
21,57,8.62827e-07,-1.99821e-06,-0.997751
21,58,-2.36637e-08,-2.84467e-06,-0.998322
21,59,-1.51352e-06,-3.98218e-06,-0.998795
21,60,-3.63436e-06,-5.36889e-06,-0.999169
21,61,-5.96179e-06,-7.01872e-06,-0.999452
21,62,-8.618e-06,-9.31628e-06,-0.999656
21,63,-1.26524e-05,-1.23118e-05,-0.999794
21,64,-1.80607e-05,-1.45107e-05,-0.999883
21,65,-2.2489e-05,-1.37061e-05,-0.999937
21,66,-2.35276e-05,-9.56237e-06,-0.999967
21,67,-2.08774e-05,-4.03891e-06,-0.999984
21,68,-1.56699e-05,6.3397e-07,-0.999992
21,69,-9.20542e-06,3.29731e-06,-0.999996
21,70,-2.46259e-06,3.77702e-06,-0.999998
21,71,3.89616e-06,2.43727e-06,-0.999999
21,72,9.40457e-06,-1.45674e-07,-1
21,73,1.37539e-05,-3.3696e-06,-1
21,74,1.67883e-05,-6.70273e-06,-1
21,75,1.84967e-05,-9.73409e-06,-1
21,76,1.89867e-05,-1.21911e-05,-1
21,77,1.84488e-05,-1.39332e-05,-1
21,78,1.71177e-05,-1.49311e-05,-1
21,79,1.52387e-05,-1.52387e-05,-1
21,80,1.30408e-05,-1.49641e-05,-1
21,81,1.07191e-05,-1.4242e-05,-1
21,82,8.42531e-06,-1.32119e-05,-1
21,83,6.26554e-06,-1.2001e-05,-1
21,84,4.30413e-06,-1.0715e-05,-1
21,85,2.57108e-06,-9.43362e-06,-1
21,86,1.07106e-06,-8.21148e-06,-1
21,87,-2.07843e-07,-7.08142e-06,-1
21,88,-1.28667e-06,-6.05934e-06,-1
21,89,-2.1901e-06,-5.14907e-06,-1
21,90,-2.9428e-06,-4.34665e-06,-1
21,91,-3.56734e-06,-3.6436e-06,-1
21,92,-4.08328e-06,-3.02921e-06,-1
21,93,-4.50693e-06,-2.49199e-06,-1
21,94,-4.85155e-06,-2.0205e-06,-1
21,95,-5.12769e-06,-1.60379e-06,-1
21,96,-5.3436e-06,-1.23153e-06,-1
21,97,-5.50554e-06,-8.94001e-07,-1
21,98,-5.61811e-06,-5.82025e-07,-1
21,99,-5.68444e-06,-2.86849e-07,-1
22,0,-5.97079e-06,-6.63746e-15,-1
22,1,-5.9529e-06,2.43597e-07,-1
22,2,-5.89873e-06,4.94939e-07,-1
22,3,-5.80669e-06,7.6195e-07,-1
22,4,-5.67406e-06,1.05292e-06,-1
22,5,-5.49683e-06,1.37668e-06,-1
22,6,-5.26946e-06,1.74282e-06,-1
22,7,-4.98458e-06,2.16188e-06,-1
22,8,-4.63253e-06,2.64554e-06,-1
22,9,-4.20087e-06,3.20671e-06,-1
22,10,-3.67371e-06,3.85951e-06,-1
22,11,-3.03108e-06,4.61895e-06,-1
22,12,-2.2484e-06,5.50005e-06,-1
22,13,-1.29641e-06,6.51611e-06,-1
22,14,-1.42078e-07,7.67584e-06,-1
22,15,1.24899e-06,8.979e-06,-1
22,16,2.90789e-06,1.04105e-05,-1
22,17,4.85493e-06,1.19335e-05,-1
22,18,7.08934e-06,1.34823e-05,-1
22,19,9.57683e-06,1.49572e-05,-1
22,20,1.22367e-05,1.62238e-05,-1
22,21,1.49311e-05,1.71177e-05,-1
22,22,1.74593e-05,1.74593e-05,-1
22,23,1.956e-05,1.7076e-05,-1
22,24,2.09237e-05,1.58342e-05,-1
22,25,2.12161e-05,1.36775e-05,-1
22,26,2.01123e-05,1.06695e-05,-1
22,27,1.73426e-05,7.03734e-06,-1
22,28,1.2744e-05,3.21081e-06,-0.999999
22,29,6.31441e-06,-1.51264e-07,-0.999998
22,30,-1.7283e-06,-2.16345e-06,-0.999995
22,31,-1.08404e-05,-1.81034e-06,-0.999988
22,32,-1.98713e-05,1.70519e-06,-0.999973
22,33,-2.6682e-05,8.09792e-06,-0.999944
22,34,-2.83558e-05,1.48274e-05,-0.999888
22,35,-2.33217e-05,1.78654e-05,-0.999787
22,36,-1.4641e-05,1.57375e-05,-0.999614
22,37,-7.94328e-06,1.12932e-05,-0.999336
22,38,-4.93478e-06,7.71756e-06,-0.998912
22,39,-3.39288e-06,5.57014e-06,-0.998292
22,40,-1.81308e-06,4.12903e-06,-0.997417
22,41,-4.7389e-07,2.98703e-06,-0.996225
22,42,2.33032e-07,2.12596e-06,-0.994658
22,43,5.66873e-07,1.51482e-06,-0.992683
22,44,6.79355e-07,1.06476e-06,-0.990319
22,45,5.70302e-07,7.48087e-07,-0.987659
22,46,4.70034e-07,5.38981e-07,-0.984883
22,47,4.84899e-07,3.79384e-07,-0.982253
22,48,5.10028e-07,2.37162e-07,-0.980069
22,49,4.94555e-07,1.11587e-07,-0.978621
22,50,4.79825e-07,1.16283e-14,-0.978113
22,51,4.94555e-07,-1.11587e-07,-0.978621
22,52,5.10028e-07,-2.37162e-07,-0.980069
22,53,4.84899e-07,-3.79384e-07,-0.982253
22,54,4.70034e-07,-5.38981e-07,-0.984883
22,55,5.70302e-07,-7.48087e-07,-0.987659
22,56,6.79355e-07,-1.06476e-06,-0.990319
22,57,5.66873e-07,-1.51482e-06,-0.992683
22,58,2.33031e-07,-2.12596e-06,-0.994658
22,59,-4.7389e-07,-2.98703e-06,-0.996225
22,60,-1.81308e-06,-4.12903e-06,-0.997417
22,61,-3.39288e-06,-5.57014e-06,-0.998292
22,62,-4.93478e-06,-7.71756e-06,-0.998912
22,63,-7.94328e-06,-1.12932e-05,-0.999336
22,64,-1.4641e-05,-1.57375e-05,-0.999614
22,65,-2.33217e-05,-1.78654e-05,-0.999787
22,66,-2.83558e-05,-1.48274e-05,-0.999888
22,67,-2.6682e-05,-8.09792e-06,-0.999944
22,68,-1.98713e-05,-1.70519e-06,-0.999973
22,69,-1.08404e-05,1.81034e-06,-0.999988
22,70,-1.7283e-06,2.16345e-06,-0.999995
22,71,6.31441e-06,1.51264e-07,-0.999998
22,72,1.2744e-05,-3.21081e-06,-0.999999
22,73,1.73426e-05,-7.03734e-06,-1
22,74,2.01123e-05,-1.06695e-05,-1
22,75,2.12161e-05,-1.36775e-05,-1
22,76,2.09237e-05,-1.58342e-05,-1
22,77,1.956e-05,-1.7076e-05,-1
22,78,1.74593e-05,-1.74593e-05,-1
22,79,1.49311e-05,-1.71177e-05,-1
22,80,1.22367e-05,-1.62238e-05,-1
22,81,9.57683e-06,-1.49572e-05,-1
22,82,7.08934e-06,-1.34823e-05,-1
22,83,4.85493e-06,-1.19335e-05,-1
22,84,2.90789e-06,-1.04105e-05,-1
22,85,1.24899e-06,-8.979e-06,-1
22,86,-1.42078e-07,-7.67584e-06,-1
22,87,-1.29641e-06,-6.51611e-06,-1
22,88,-2.2484e-06,-5.50005e-06,-1
22,89,-3.03108e-06,-4.61895e-06,-1
22,90,-3.67371e-06,-3.85951e-06,-1
22,91,-4.20087e-06,-3.20671e-06,-1
22,92,-4.63253e-06,-2.64554e-06,-1
22,93,-4.98458e-06,-2.16188e-06,-1
22,94,-5.26946e-06,-1.74282e-06,-1
22,95,-5.49683e-06,-1.37668e-06,-1
22,96,-5.67406e-06,-1.05292e-06,-1
22,97,-5.80669e-06,-7.6195e-07,-1
22,98,-5.89873e-06,-4.94939e-07,-1
22,99,-5.9529e-06,-2.43597e-07,-1
23,0,-6.19114e-06,-6.4498e-15,-1
23,1,-6.17692e-06,1.98757e-07,-1
23,2,-6.13383e-06,4.0443e-07,-1
23,3,-6.0606e-06,6.24133e-07,-1
23,4,-5.95499e-06,8.65383e-07,-1
23,5,-5.81367e-06,1.13632e-06,-1
23,6,-5.63207e-06,1.44594e-06,-1
23,7,-5.40397e-06,1.80438e-06,-1
23,8,-5.12116e-06,2.22322e-06,-1
23,9,-4.77282e-06,2.71579e-06,-1
23,10,-4.34476e-06,3.29748e-06,-1
23,11,-3.8184e-06,3.98591e-06,-1
23,12,-3.16973e-06,4.80078e-06,-1
23,13,-2.36824e-06,5.76304e-06,-1
23,14,-1.37639e-06,6.89295e-06,-1
23,15,-1.5025e-07,8.20646e-06,-1
23,16,1.35769e-06,9.7094e-06,-1
23,17,3.19252e-06,1.13893e-05,-1
23,18,5.38664e-06,1.32055e-05,-1
23,19,7.9453e-06,1.50789e-05,-1
23,20,1.08287e-05,1.68842e-05,-1
23,21,1.39332e-05,1.84488e-05,-1
23,22,1.7076e-05,1.956e-05,-1
23,23,1.99858e-05,1.99858e-05,-1
23,24,2.23059e-05,1.95073e-05,-1
23,25,2.3608e-05,1.79636e-05,-1
23,26,2.34214e-05,1.53071e-05,-1
23,27,2.12722e-05,1.16691e-05,-0.999999
23,28,1.67353e-05,7.44037e-06,-0.999997
23,29,9.50018e-06,3.37445e-06,-0.999993
23,30,-5.11835e-07,6.94365e-07,-0.999983
23,31,-1.27659e-05,1.05159e-06,-0.999961
23,32,-2.51703e-05,5.78988e-06,-0.999914
23,33,-3.31041e-05,1.37404e-05,-0.999821
23,34,-3.10982e-05,1.97698e-05,-0.999647
23,35,-1.98795e-05,1.9357e-05,-0.999341
23,36,-8.54703e-06,1.4292e-05,-0.998831
23,37,-3.36171e-06,9.27966e-06,-0.99801
23,38,-2.23431e-06,6.18698e-06,-0.996726
23,39,-1.63575e-06,4.40499e-06,-0.994762
23,40,-7.73087e-07,3.18688e-06,-0.991831
23,41,-1.29799e-07,2.27086e-06,-0.987598
23,42,1.19702e-07,1.6087e-06,-0.981731
23,43,2.23074e-07,1.14094e-06,-0.97401
23,44,2.5372e-07,8.01574e-07,-0.964454
23,45,1.97575e-07,5.61603e-07,-0.953447
23,46,1.56631e-07,3.9541e-07,-0.94179
23,47,1.64329e-07,2.70226e-07,-0.930647
23,48,1.73316e-07,1.66888e-07,-0.921361
23,49,1.66516e-07,7.88565e-08,-0.915189
23,50,1.60778e-07,5.84611e-15,-0.913024
23,51,1.66516e-07,-7.88565e-08,-0.915189
23,52,1.73316e-07,-1.66888e-07,-0.921361
23,53,1.64329e-07,-2.70226e-07,-0.930647
23,54,1.56631e-07,-3.9541e-07,-0.94179
23,55,1.97575e-07,-5.61603e-07,-0.953447
23,56,2.5372e-07,-8.01574e-07,-0.964454
23,57,2.23074e-07,-1.14094e-06,-0.97401
23,58,1.19702e-07,-1.6087e-06,-0.981731
23,59,-1.29799e-07,-2.27086e-06,-0.987598
23,60,-7.73087e-07,-3.18688e-06,-0.991831
23,61,-1.63575e-06,-4.40499e-06,-0.994762
23,62,-2.23431e-06,-6.18698e-06,-0.996726
23,63,-3.36171e-06,-9.27966e-06,-0.99801
23,64,-8.54703e-06,-1.4292e-05,-0.998831
23,65,-1.98795e-05,-1.9357e-05,-0.999341
23,66,-3.10982e-05,-1.97698e-05,-0.999647
23,67,-3.31041e-05,-1.37404e-05,-0.999821
23,68,-2.51703e-05,-5.78988e-06,-0.999914
23,69,-1.27659e-05,-1.05159e-06,-0.999961
23,70,-5.11835e-07,-6.94364e-07,-0.999983
23,71,9.50018e-06,-3.37445e-06,-0.999993
23,72,1.67353e-05,-7.44037e-06,-0.999997
23,73,2.12722e-05,-1.16691e-05,-0.999999
23,74,2.34214e-05,-1.53071e-05,-1
23,75,2.3608e-05,-1.79636e-05,-1
23,76,2.23059e-05,-1.95073e-05,-1
23,77,1.99858e-05,-1.99858e-05,-1
23,78,1.7076e-05,-1.956e-05,-1
23,79,1.39332e-05,-1.84488e-05,-1
23,80,1.08287e-05,-1.68842e-05,-1
23,81,7.9453e-06,-1.50789e-05,-1
23,82,5.38664e-06,-1.32055e-05,-1
23,83,3.19252e-06,-1.13893e-05,-1
23,84,1.35769e-06,-9.7094e-06,-1
23,85,-1.5025e-07,-8.20646e-06,-1
23,86,-1.37639e-06,-6.89295e-06,-1
23,87,-2.36824e-06,-5.76304e-06,-1
23,88,-3.16973e-06,-4.80078e-06,-1
23,89,-3.8184e-06,-3.98591e-06,-1
23,90,-4.34476e-06,-3.29748e-06,-1
23,91,-4.77282e-06,-2.71579e-06,-1
23,92,-5.12116e-06,-2.22322e-06,-1
23,93,-5.40397e-06,-1.80438e-06,-1
23,94,-5.63207e-06,-1.44594e-06,-1
23,95,-5.81367e-06,-1.13632e-06,-1
23,96,-5.95499e-06,-8.65383e-07,-1
23,97,-6.0606e-06,-6.24133e-07,-1
23,98,-6.13383e-06,-4.0443e-07,-1
23,99,-6.17692e-06,-1.98757e-07,-1
24,0,-6.36639e-06,-6.4359e-15,-1
24,1,-6.35537e-06,1.53414e-07,-1
24,2,-6.32199e-06,3.1272e-07,-1
24,3,-6.26526e-06,4.84013e-07,-1
24,4,-6.18347e-06,6.738e-07,-1
24,5,-6.07407e-06,8.89229e-07,-1
24,6,-5.93347e-06,1.13834e-06,-1
24,7,-5.75684e-06,1.43037e-06,-1
24,8,-5.53764e-06,1.77609e-06,-1
24,9,-5.26719e-06,2.18828e-06,-1
24,10,-4.93382e-06,2.68221e-06,-1
24,11,-4.52183e-06,3.27626e-06,-1
24,12,-4.01006e-06,3.99237e-06,-1
24,13,-3.37012e-06,4.85631e-06,-1
24,14,-2.56457e-06,5.89702e-06,-1
24,15,-1.54555e-06,7.14456e-06,-1
24,16,-2.54904e-07,8.62559e-06,-1
24,17,1.3727e-06,1.03556e-05,-1
24,18,3.40188e-06,1.23277e-05,-1
24,19,5.88236e-06,1.44978e-05,-1
24,20,8.82809e-06,1.67702e-05,-1
24,21,1.21911e-05,1.89867e-05,-1
24,22,1.58342e-05,2.09237e-05,-1
24,23,1.95073e-05,2.23059e-05,-1
24,24,2.28348e-05,2.28348e-05,-1
24,25,2.53151e-05,2.22372e-05,-0.999999
24,26,2.63344e-05,2.03286e-05,-0.999999
24,27,2.51872e-05,1.70971e-05,-0.999996
24,28,2.10976e-05,1.28307e-05,-0.999991
24,29,1.32438e-05,8.33277e-06,-0.999978
24,30,9.76883e-07,5.23969e-06,-0.999947
24,31,-1.51114e-05,6.01993e-06,-0.999879
24,32,-3.07727e-05,1.20001e-05,-0.999739
24,33,-3.69857e-05,1.94842e-05,-0.999467
24,34,-2.81537e-05,2.1706e-05,-0.998972
24,35,-1.28729e-05,1.74968e-05,-0.998102
24,36,-3.43338e-06,1.15662e-05,-0.99661
24,37,-1.07646e-06,7.2969e-06,-0.99408
24,38,-1.00084e-06,4.80669e-06,-0.989855
24,39,-7.54368e-07,3.2671e-06,-0.982953
24,40,-3.26162e-07,2.20039e-06,-0.972069
24,41,-5.20252e-08,1.44746e-06,-0.955693
24,42,3.65555e-08,9.40838e-07,-0.932442
24,43,7.39647e-08,6.10905e-07,-0.901565
24,44,8.5024e-08,3.96691e-07,-0.863515
24,45,6.26443e-08,2.61125e-07,-0.820328
24,46,4.71436e-08,1.76529e-07,-0.775591
24,47,5.0115e-08,1.19084e-07,-0.7339
24,48,5.39232e-08,7.42447e-08,-0.699993
24,49,5.221e-08,3.56492e-08,-0.677882
24,50,5.04895e-08,-4.5938e-16,-0.670206
24,51,5.221e-08,-3.56492e-08,-0.677882
24,52,5.39231e-08,-7.42447e-08,-0.699993
24,53,5.0115e-08,-1.19084e-07,-0.7339
24,54,4.71436e-08,-1.76529e-07,-0.775591
24,55,6.26443e-08,-2.61125e-07,-0.820328
24,56,8.5024e-08,-3.96691e-07,-0.863515
24,57,7.39647e-08,-6.10905e-07,-0.901565
24,58,3.65555e-08,-9.40838e-07,-0.932442
24,59,-5.20252e-08,-1.44746e-06,-0.955693
24,60,-3.26162e-07,-2.20039e-06,-0.972069
24,61,-7.54368e-07,-3.2671e-06,-0.982953
24,62,-1.00084e-06,-4.80669e-06,-0.989855
24,63,-1.07646e-06,-7.2969e-06,-0.99408
24,64,-3.43338e-06,-1.15662e-05,-0.99661
24,65,-1.28729e-05,-1.74968e-05,-0.998102
24,66,-2.81537e-05,-2.1706e-05,-0.998972
24,67,-3.69857e-05,-1.94842e-05,-0.999467
24,68,-3.07727e-05,-1.20001e-05,-0.999739
24,69,-1.51114e-05,-6.01993e-06,-0.999879
24,70,9.76883e-07,-5.23969e-06,-0.999947
24,71,1.32438e-05,-8.33277e-06,-0.999978
24,72,2.10976e-05,-1.28307e-05,-0.999991
24,73,2.51872e-05,-1.70971e-05,-0.999996
24,74,2.63344e-05,-2.03286e-05,-0.999999
24,75,2.53151e-05,-2.22372e-05,-0.999999
24,76,2.28348e-05,-2.28348e-05,-1
24,77,1.95073e-05,-2.23059e-05,-1
24,78,1.58342e-05,-2.09237e-05,-1
24,79,1.21911e-05,-1.89867e-05,-1
24,80,8.82809e-06,-1.67702e-05,-1
24,81,5.88236e-06,-1.44978e-05,-1
24,82,3.40188e-06,-1.23277e-05,-1
24,83,1.3727e-06,-1.03556e-05,-1
24,84,-2.54904e-07,-8.62559e-06,-1
24,85,-1.54555e-06,-7.14456e-06,-1
24,86,-2.56457e-06,-5.89702e-06,-1
24,87,-3.37012e-06,-4.85631e-06,-1
24,88,-4.01006e-06,-3.99237e-06,-1
24,89,-4.52183e-06,-3.27626e-06,-1
24,90,-4.93382e-06,-2.68221e-06,-1
24,91,-5.26719e-06,-2.18828e-06,-1
24,92,-5.53764e-06,-1.77609e-06,-1
24,93,-5.75684e-06,-1.43037e-06,-1
24,94,-5.93347e-06,-1.13834e-06,-1
24,95,-6.07407e-06,-8.89229e-07,-1
24,96,-6.18347e-06,-6.738e-07,-1
24,97,-6.26526e-06,-4.84013e-07,-1
24,98,-6.32199e-06,-3.1272e-07,-1
24,99,-6.35537e-06,-1.53414e-07,-1
25,0,-6.49656e-06,-6.3942e-15,-1
25,1,-6.48819e-06,1.08494e-07,-1
25,2,-6.46284e-06,2.21705e-07,-1
25,3,-6.41985e-06,3.44548e-07,-1
25,4,-6.35802e-06,4.82341e-07,-1
25,5,-6.27555e-06,6.41023e-07,-1
25,6,-6.16989e-06,8.27399e-07,-1
25,7,-6.03753e-06,1.04943e-06,-1
25,8,-5.87372e-06,1.31656e-06,-1
25,9,-5.67204e-06,1.64023e-06,-1
25,10,-5.42375e-06,2.03441e-06,-1
25,11,-5.11681e-06,2.51647e-06,-1
25,12,-4.73451e-06,3.10808e-06,-1
25,13,-4.25335e-06,3.83632e-06,-1
25,14,-3.64043e-06,4.73451e-06,-1
25,15,-2.8503e-06,5.8421e-06,-1
25,16,-1.8223e-06,7.20265e-06,-1
25,17,-4.79596e-07,8.85834e-06,-1
25,18,1.26743e-06,1.08396e-05,-1
25,19,3.51075e-06,1.31489e-05,-1
25,20,6.32446e-06,1.574e-05,-1
25,21,9.73409e-06,1.84967e-05,-1
25,22,1.36775e-05,2.12161e-05,-1
25,23,1.79636e-05,2.3608e-05,-1
25,24,2.22372e-05,2.53151e-05,-0.999999
25,25,2.59563e-05,2.59563e-05,-0.999999
25,26,2.83805e-05,2.5194e-05,-0.999996
25,27,2.85549e-05,2.28298e-05,-0.99999
25,28,2.52454e-05,1.89785e-05,-0.999973
25,29,1.68709e-05,1.44595e-05,-0.999934
25,30,2.03979e-06,1.14527e-05,-0.999844
25,31,-1.78138e-05,1.29538e-05,-0.99965
25,32,-3.39546e-05,1.85733e-05,-0.999262
25,33,-3.41582e-05,2.22563e-05,-0.998521
25,34,-2.00225e-05,1.97938e-05,-0.997143
25,35,-6.56996e-06,1.38602e-05,-0.994597
25,36,-1.19068e-06,8.56163e-06,-0.989911
25,37,-4.66265e-07,5.16073e-06,-0.98139
25,38,-5.02435e-07,3.15629e-06,-0.9663
25,39,-3.44079e-07,1.9483e-06,-0.940714
25,40,-1.46223e-07,1.2109e-06,-0.899782
25,41,-3.70621e-08,7.70099e-07,-0.838799
25,42,-3.41958e-09,5.13397e-07,-0.755143
25,43,1.49431e-08,3.60353e-07,-0.650439
25,44,2.47102e-08,2.60594e-07,-0.531536
25,45,1.94112e-08,1.9048e-07,-0.409207
25,46,1.46368e-08,1.39231e-07,-0.295153
25,47,1.71657e-08,9.91614e-08,-0.199103
25,48,2.06681e-08,6.44861e-08,-0.127454
25,49,2.1647e-08,3.19156e-08,-0.0835659
25,50,2.15693e-08,-3.40262e-15,-0.0688221
25,51,2.1647e-08,-3.19156e-08,-0.0835659
25,52,2.06681e-08,-6.44861e-08,-0.127454
25,53,1.71657e-08,-9.91614e-08,-0.199103
25,54,1.46368e-08,-1.39231e-07,-0.295153
25,55,1.94112e-08,-1.9048e-07,-0.409207
25,56,2.47102e-08,-2.60594e-07,-0.531536
25,57,1.49431e-08,-3.60353e-07,-0.650439
25,58,-3.41959e-09,-5.13397e-07,-0.755143
25,59,-3.70621e-08,-7.70099e-07,-0.838799
25,60,-1.46223e-07,-1.2109e-06,-0.899782
25,61,-3.44079e-07,-1.9483e-06,-0.940714
25,62,-5.02435e-07,-3.15629e-06,-0.9663
25,63,-4.66265e-07,-5.16073e-06,-0.98139
25,64,-1.19068e-06,-8.56163e-06,-0.989911
25,65,-6.56996e-06,-1.38602e-05,-0.994597
25,66,-2.00225e-05,-1.97938e-05,-0.997143
25,67,-3.41582e-05,-2.22563e-05,-0.998521
25,68,-3.39546e-05,-1.85733e-05,-0.999262
25,69,-1.78138e-05,-1.29538e-05,-0.99965
25,70,2.03978e-06,-1.14527e-05,-0.999844
25,71,1.68709e-05,-1.44595e-05,-0.999934
25,72,2.52454e-05,-1.89785e-05,-0.999973
25,73,2.85549e-05,-2.28298e-05,-0.99999
25,74,2.83805e-05,-2.5194e-05,-0.999996
25,75,2.59563e-05,-2.59563e-05,-0.999999
25,76,2.22372e-05,-2.53151e-05,-0.999999
25,77,1.79636e-05,-2.3608e-05,-1
25,78,1.36775e-05,-2.12161e-05,-1
25,79,9.73409e-06,-1.84967e-05,-1
25,80,6.32446e-06,-1.574e-05,-1
25,81,3.51075e-06,-1.31489e-05,-1
25,82,1.26743e-06,-1.08396e-05,-1
25,83,-4.79596e-07,-8.85834e-06,-1
25,84,-1.8223e-06,-7.20265e-06,-1
25,85,-2.8503e-06,-5.8421e-06,-1
25,86,-3.64043e-06,-4.73451e-06,-1
25,87,-4.25335e-06,-3.83632e-06,-1
25,88,-4.73451e-06,-3.10808e-06,-1
25,89,-5.11681e-06,-2.51647e-06,-1
25,90,-5.42375e-06,-2.03441e-06,-1
25,91,-5.67204e-06,-1.64023e-06,-1
25,92,-5.87372e-06,-1.31656e-06,-1
25,93,-6.03753e-06,-1.04943e-06,-1
25,94,-6.16989e-06,-8.27399e-07,-1
25,95,-6.27555e-06,-6.41023e-07,-1
25,96,-6.35802e-06,-4.82341e-07,-1
25,97,-6.41985e-06,-3.44548e-07,-1
25,98,-6.46284e-06,-2.21705e-07,-1
25,99,-6.48819e-06,-1.08494e-07,-1
26,0,-6.58247e-06,-6.41505e-15,-1
26,1,-6.57613e-06,6.47458e-08,-1
26,2,-6.55697e-06,1.32923e-07,-1
26,3,-6.52462e-06,2.08149e-07,-1
26,4,-6.47836e-06,2.94421e-07,-1
26,5,-6.41713e-06,3.96315e-07,-1
26,6,-6.33933e-06,5.19206e-07,-1
26,7,-6.24272e-06,6.69521e-07,-1
26,8,-6.12418e-06,8.55043e-07,-1
26,9,-5.97945e-06,1.08531e-06,-1
26,10,-5.80262e-06,1.37217e-06,-1
26,11,-5.58547e-06,1.73058e-06,-1
26,12,-5.31631e-06,2.17973e-06,-1
26,13,-4.97813e-06,2.74464e-06,-1
26,14,-4.54578e-06,3.45799e-06,-1
26,15,-3.98195e-06,4.36207e-06,-1
26,16,-3.23221e-06,5.50968e-06,-1
26,17,-2.22002e-06,6.96256e-06,-1
26,18,-8.43965e-07,8.78481e-06,-1
26,19,1.01884e-06,1.10289e-05,-1
26,20,3.49852e-06,1.37125e-05,-1
26,21,6.70273e-06,1.67883e-05,-1
26,22,1.06695e-05,2.01123e-05,-1
26,23,1.53071e-05,2.34214e-05,-1
26,24,2.03286e-05,2.63344e-05,-0.999999
26,25,2.5194e-05,2.83805e-05,-0.999996
26,26,2.90565e-05,2.90565e-05,-0.999989
26,27,3.06719e-05,2.79161e-05,-0.999971
26,28,2.81825e-05,2.48017e-05,-0.999925
26,29,1.90517e-05,2.05775e-05,-0.999815
26,30,1.54587e-06,1.7913e-05,-0.999571
26,31,-1.98488e-05,1.90633e-05,-0.99906
26,32,-3.1424e-05,2.1386e-05,-0.998037
26,33,-2.51115e-05,2.00245e-05,-0.99601
26,34,-1.14763e-05,1.48247e-05,-0.991979
26,35,-3.00489e-06,9.18338e-06,-0.98395
26,36,-5.55969e-07,5.20568e-06,-0.96819
26,37,-3.02377e-07,2.91449e-06,-0.938328
26,38,-2.70233e-07,1.68415e-06,-0.884863
26,39,-1.73208e-07,1.02654e-06,-0.796282
26,40,-8.25777e-08,6.66373e-07,-0.663358
26,41,-3.30044e-08,4.60295e-07,-0.486245
26,42,-1.55458e-08,3.36971e-07,-0.279391
26,43,-2.9779e-09,2.58931e-07,-0.0677688
26,44,8.83781e-09,2.03725e-07,0.12435
26,45,1.28631e-08,1.59178e-07,0.282525
26,46,1.40984e-08,1.20624e-07,0.403138
26,47,1.75837e-08,8.65966e-08,0.489188
26,48,2.12726e-08,5.59866e-08,0.545852
26,49,2.30891e-08,2.75098e-08,0.577817
26,50,2.34986e-08,-4.76267e-15,0.588126
26,51,2.30891e-08,-2.75098e-08,0.577817
26,52,2.12726e-08,-5.59866e-08,0.545852
26,53,1.75837e-08,-8.65966e-08,0.489188
26,54,1.40984e-08,-1.20624e-07,0.403138
26,55,1.28631e-08,-1.59178e-07,0.282525
26,56,8.83781e-09,-2.03725e-07,0.12435
26,57,-2.9779e-09,-2.58931e-07,-0.0677688
26,58,-1.55458e-08,-3.36971e-07,-0.279391
26,59,-3.30044e-08,-4.60295e-07,-0.486245
26,60,-8.25777e-08,-6.66373e-07,-0.663358
26,61,-1.73208e-07,-1.02654e-06,-0.796282
26,62,-2.70233e-07,-1.68415e-06,-0.884863
26,63,-3.02377e-07,-2.91449e-06,-0.938328
26,64,-5.55969e-07,-5.20568e-06,-0.96819
26,65,-3.00489e-06,-9.18338e-06,-0.98395
26,66,-1.14763e-05,-1.48247e-05,-0.991979
26,67,-2.51115e-05,-2.00245e-05,-0.99601
26,68,-3.1424e-05,-2.1386e-05,-0.998037
26,69,-1.98488e-05,-1.90633e-05,-0.99906
26,70,1.54587e-06,-1.7913e-05,-0.999571
26,71,1.90517e-05,-2.05775e-05,-0.999815
26,72,2.81825e-05,-2.48017e-05,-0.999925
26,73,3.06719e-05,-2.79161e-05,-0.999971
26,74,2.90565e-05,-2.90565e-05,-0.999989
26,75,2.5194e-05,-2.83805e-05,-0.999996
26,76,2.03286e-05,-2.63344e-05,-0.999999
26,77,1.53071e-05,-2.34214e-05,-1
26,78,1.06695e-05,-2.01123e-05,-1
26,79,6.70273e-06,-1.67883e-05,-1
26,80,3.49852e-06,-1.37125e-05,-1
26,81,1.01884e-06,-1.10289e-05,-1
26,82,-8.43965e-07,-8.78481e-06,-1
26,83,-2.22002e-06,-6.96256e-06,-1
26,84,-3.23221e-06,-5.50968e-06,-1
26,85,-3.98195e-06,-4.36207e-06,-1
26,86,-4.54578e-06,-3.45799e-06,-1
26,87,-4.97813e-06,-2.74464e-06,-1
26,88,-5.31631e-06,-2.17973e-06,-1
26,89,-5.58547e-06,-1.73058e-06,-1
26,90,-5.80262e-06,-1.37217e-06,-1
26,91,-5.97945e-06,-1.08531e-06,-1
26,92,-6.12418e-06,-8.55043e-07,-1
26,93,-6.24272e-06,-6.69521e-07,-1
26,94,-6.33933e-06,-5.19206e-07,-1
26,95,-6.41713e-06,-3.96315e-07,-1
26,96,-6.47836e-06,-2.94421e-07,-1
26,97,-6.52462e-06,-2.08149e-07,-1
26,98,-6.55697e-06,-1.32923e-07,-1
26,99,-6.57613e-06,-6.47458e-08,-1
27,0,-6.62562e-06,-6.4776e-15,-1
27,1,-6.62065e-06,2.27402e-08,-1
27,2,-6.60568e-06,4.75503e-08,-1
27,3,-6.58061e-06,7.66709e-08,-1
27,4,-6.54519e-06,1.12686e-07,-1
27,5,-6.49899e-06,1.58702e-07,-1
27,6,-6.4413e-06,2.18538e-07,-1
27,7,-6.37098e-06,2.9693e-07,-1
27,8,-6.28636e-06,3.99771e-07,-1
27,9,-6.18498e-06,5.34408e-07,-1
27,10,-6.06337e-06,7.10058e-07,-1
27,11,-5.91664e-06,9.38426e-07,-1
27,12,-5.73774e-06,1.23469e-06,-1
27,13,-5.51623e-06,1.61905e-06,-1
27,14,-5.23597e-06,2.11904e-06,-1
27,15,-4.87132e-06,2.77267e-06,-1
27,16,-4.38125e-06,3.632e-06,-1
27,17,-3.70146e-06,4.76595e-06,-1
27,18,-2.73578e-06,6.25977e-06,-1
27,19,-1.35023e-06,8.20739e-06,-1
27,20,6.23927e-07,1.06923e-05,-1
27,21,3.3696e-06,1.37539e-05,-1
27,22,7.03734e-06,1.73426e-05,-1
27,23,1.16691e-05,2.12722e-05,-0.999999
27,24,1.70971e-05,2.51872e-05,-0.999996
27,25,2.28298e-05,2.85549e-05,-0.99999
27,26,2.79161e-05,3.06719e-05,-0.999971
27,27,3.0713e-05,3.0713e-05,-0.999922
27,28,2.85721e-05,2.81578e-05,-0.999799
27,29,1.81591e-05,2.39882e-05,-0.999515
27,30,-8.35605e-07,2.07939e-05,-0.998897
27,31,-1.90451e-05,1.94491e-05,-0.997595
27,32,-2.3282e-05,1.74346e-05,-0.994852
27,33,-1.47001e-05,1.31142e-05,-0.988995
27,34,-5.48971e-06,8.10977e-06,-0.976449
27,35,-1.28767e-06,4.37256e-06,-0.950104
27,36,-2.84897e-07,2.24837e-06,-0.89735
27,37,-1.69547e-07,1.19942e-06,-0.7995
27,38,-1.35512e-07,6.97878e-07,-0.636988
27,39,-8.91133e-08,4.47914e-07,-0.404174
27,40,-4.83148e-08,3.13472e-07,-0.125064
27,41,-2.10011e-08,2.33291e-07,0.152823
27,42,-7.87871e-09,1.79612e-07,0.387783
27,43,2.0553e-09,1.41044e-07,0.563853
27,44,1.32513e-08,1.12449e-07,0.686133
27,45,2.03737e-08,8.99049e-08,0.767553
27,46,2.45545e-08,7.03748e-08,0.820523
27,47,2.91914e-08,5.21984e-08,0.854263
27,48,3.32834e-08,3.46312e-08,0.874842
27,49,3.54259e-08,1.72923e-08,0.885918
27,50,3.59869e-08,-2.60373e-15,0.889411
27,51,3.54259e-08,-1.72923e-08,0.885918
27,52,3.32834e-08,-3.46312e-08,0.874842
27,53,2.91914e-08,-5.21984e-08,0.854263
27,54,2.45545e-08,-7.03748e-08,0.820523
27,55,2.03737e-08,-8.99049e-08,0.767553
27,56,1.32513e-08,-1.12449e-07,0.686133
27,57,2.0553e-09,-1.41044e-07,0.563853
27,58,-7.87871e-09,-1.79612e-07,0.387783
27,59,-2.10011e-08,-2.33291e-07,0.152823
27,60,-4.83148e-08,-3.13472e-07,-0.125064
27,61,-8.91133e-08,-4.47914e-07,-0.404174
27,62,-1.35512e-07,-6.97878e-07,-0.636988
27,63,-1.69547e-07,-1.19942e-06,-0.7995
27,64,-2.84897e-07,-2.24837e-06,-0.89735
27,65,-1.28767e-06,-4.37256e-06,-0.950104
27,66,-5.48971e-06,-8.10977e-06,-0.976449
27,67,-1.47001e-05,-1.31142e-05,-0.988995
27,68,-2.3282e-05,-1.74346e-05,-0.994852
27,69,-1.90451e-05,-1.94491e-05,-0.997595
27,70,-8.35605e-07,-2.07939e-05,-0.998897
27,71,1.81591e-05,-2.39882e-05,-0.999515
27,72,2.85721e-05,-2.81578e-05,-0.999799
27,73,3.0713e-05,-3.0713e-05,-0.999922
27,74,2.79161e-05,-3.06719e-05,-0.999971
27,75,2.28298e-05,-2.85549e-05,-0.99999
27,76,1.70971e-05,-2.51872e-05,-0.999996
27,77,1.16691e-05,-2.12722e-05,-0.999999
27,78,7.03734e-06,-1.73426e-05,-1
27,79,3.3696e-06,-1.37539e-05,-1
27,80,6.23927e-07,-1.06923e-05,-1
27,81,-1.35023e-06,-8.20739e-06,-1
27,82,-2.73578e-06,-6.25977e-06,-1
27,83,-3.70146e-06,-4.76595e-06,-1
27,84,-4.38125e-06,-3.632e-06,-1
27,85,-4.87132e-06,-2.77267e-06,-1
27,86,-5.23597e-06,-2.11904e-06,-1
27,87,-5.51623e-06,-1.61905e-06,-1
27,88,-5.73774e-06,-1.23469e-06,-1
27,89,-5.91664e-06,-9.38426e-07,-1
27,90,-6.06337e-06,-7.10058e-07,-1
27,91,-6.18498e-06,-5.34408e-07,-1
27,92,-6.28636e-06,-3.99771e-07,-1
27,93,-6.37098e-06,-2.9693e-07,-1
27,94,-6.4413e-06,-2.18538e-07,-1
27,95,-6.49899e-06,-1.58702e-07,-1
27,96,-6.54519e-06,-1.12686e-07,-1
27,97,-6.58061e-06,-7.66709e-08,-1
27,98,-6.60568e-06,-4.75504e-08,-1
27,99,-6.62065e-06,-2.27402e-08,-1
28,0,-6.62798e-06,-6.561e-15,-1
28,1,-6.62368e-06,-1.71248e-08,-1
28,2,-6.61082e-06,-3.35846e-08,-1
28,3,-6.58952e-06,-4.85646e-08,-1
28,4,-6.55996e-06,-6.09497e-08,-1
28,5,-6.52227e-06,-6.91718e-08,-1
28,6,-6.47648e-06,-7.10534e-08,-1
28,7,-6.42243e-06,-6.36476e-08,-1
28,8,-6.35957e-06,-4.30693e-08,-1
28,9,-6.2869e-06,-4.30645e-09,-1
28,10,-6.20279e-06,5.90156e-08,-1
28,11,-6.1048e-06,1.54986e-07,-1
28,12,-5.9894e-06,2.94007e-07,-1
28,13,-5.85142e-06,4.89887e-07,-1
28,14,-5.68272e-06,7.61785e-07,-1
28,15,-5.4696e-06,1.13745e-06,-1
28,16,-5.18773e-06,1.65806e-06,-1
28,17,-4.79363e-06,2.38441e-06,-1
28,18,-4.21239e-06,3.4027e-06,-1
28,19,-3.32316e-06,4.82616e-06,-1
28,20,-1.94786e-06,6.78608e-06,-1
28,21,1.45674e-07,9.40457e-06,-1
28,22,3.21081e-06,1.2744e-05,-0.999999
28,23,7.44037e-06,1.67353e-05,-0.999997
28,24,1.28307e-05,2.10976e-05,-0.999991
28,25,1.89785e-05,2.52454e-05,-0.999973
28,26,2.48017e-05,2.81825e-05,-0.999925
28,27,2.81578e-05,2.85721e-05,-0.999799
28,28,2.56297e-05,2.56297e-05,-0.999495
28,29,1.40747e-05,2.06159e-05,-0.998806
28,30,-3.13662e-06,1.60574e-05,-0.997283
28,31,-1.4538e-05,1.27049e-05,-0.993887
28,32,-1.37111e-05,9.40085e-06,-0.986148
28,33,-7.10265e-06,5.93791e-06,-0.968432
28,34,-2.32282e-06,3.21679e-06,-0.928919
28,35,-5.28798e-07,1.6153e-06,-0.846095
28,36,-1.32541e-07,8.32052e-07,-0.689719
28,37,-8.19746e-08,4.73959e-07,-0.437772
28,38,-6.70761e-08,3.05038e-07,-0.110208
28,39,-4.74102e-08,2.17779e-07,0.223454
28,40,-2.65931e-08,1.67839e-07,0.495172
28,41,-7.83208e-09,1.37055e-07,0.683054
28,42,4.69494e-09,1.1661e-07,0.801103
28,43,1.48221e-08,1.01196e-07,0.872147
28,44,2.57461e-08,8.77615e-08,0.914475
28,45,3.3464e-08,7.45952e-08,0.939866
28,46,3.85621e-08,6.08153e-08,0.95526
28,47,4.3776e-08,4.62618e-08,0.964609
28,48,4.82073e-08,3.11363e-08,0.970134
28,49,5.05942e-08,1.56565e-08,0.973051
28,50,5.12532e-08,2.11513e-15,0.973962
28,51,5.05943e-08,-1.56565e-08,0.973051
28,52,4.82073e-08,-3.11363e-08,0.970134
28,53,4.3776e-08,-4.62618e-08,0.964609
28,54,3.85621e-08,-6.08153e-08,0.95526
28,55,3.3464e-08,-7.45951e-08,0.939866
28,56,2.57461e-08,-8.77615e-08,0.914475
28,57,1.48221e-08,-1.01196e-07,0.872147
28,58,4.69494e-09,-1.1661e-07,0.801103
28,59,-7.83208e-09,-1.37055e-07,0.683054
28,60,-2.65931e-08,-1.67839e-07,0.495172
28,61,-4.74102e-08,-2.17779e-07,0.223454
28,62,-6.70761e-08,-3.05038e-07,-0.110208
28,63,-8.19746e-08,-4.73959e-07,-0.437772
28,64,-1.32541e-07,-8.32052e-07,-0.689719
28,65,-5.28798e-07,-1.6153e-06,-0.846095
28,66,-2.32282e-06,-3.21679e-06,-0.928919
28,67,-7.10265e-06,-5.93791e-06,-0.968432
28,68,-1.37111e-05,-9.40085e-06,-0.986148
28,69,-1.4538e-05,-1.27049e-05,-0.993887
28,70,-3.13662e-06,-1.60574e-05,-0.997283
28,71,1.40747e-05,-2.06159e-05,-0.998806
28,72,2.56297e-05,-2.56297e-05,-0.999495
28,73,2.81578e-05,-2.85721e-05,-0.999799
28,74,2.48017e-05,-2.81825e-05,-0.999925
28,75,1.89785e-05,-2.52454e-05,-0.999973
28,76,1.28307e-05,-2.10976e-05,-0.999991
28,77,7.44037e-06,-1.67353e-05,-0.999997
28,78,3.21081e-06,-1.2744e-05,-0.999999
28,79,1.45674e-07,-9.40457e-06,-1
28,80,-1.94786e-06,-6.78608e-06,-1
28,81,-3.32316e-06,-4.82616e-06,-1
28,82,-4.21239e-06,-3.4027e-06,-1
28,83,-4.79363e-06,-2.38441e-06,-1
28,84,-5.18773e-06,-1.65806e-06,-1
28,85,-5.4696e-06,-1.13745e-06,-1
28,86,-5.68272e-06,-7.61785e-07,-1
28,87,-5.85142e-06,-4.89887e-07,-1
28,88,-5.9894e-06,-2.94007e-07,-1
28,89,-6.1048e-06,-1.54986e-07,-1
28,90,-6.20279e-06,-5.90156e-08,-1
28,91,-6.2869e-06,4.30644e-09,-1
28,92,-6.35957e-06,4.30693e-08,-1
28,93,-6.42243e-06,6.36476e-08,-1
28,94,-6.47648e-06,7.10534e-08,-1
28,95,-6.52227e-06,6.91718e-08,-1
28,96,-6.55996e-06,6.09497e-08,-1
28,97,-6.58952e-06,4.85646e-08,-1
28,98,-6.61082e-06,3.35845e-08,-1
28,99,-6.62368e-06,1.71248e-08,-1
29,0,-6.59182e-06,-6.73476e-15,-1
29,1,-6.58749e-06,-5.46137e-08,-1
29,2,-6.57461e-06,-1.09981e-07,-1
29,3,-6.5535e-06,-1.66732e-07,-1
29,4,-6.52468e-06,-2.25245e-07,-1
29,5,-6.48878e-06,-2.85528e-07,-1
29,6,-6.44645e-06,-3.47097e-07,-1
29,7,-6.39826e-06,-4.08858e-07,-1
29,8,-6.34459e-06,-4.69005e-07,-1
29,9,-6.28546e-06,-5.24927e-07,-1
29,10,-6.22046e-06,-5.73137e-07,-1
29,11,-6.14861e-06,-6.09198e-07,-1
29,12,-6.06839e-06,-6.27587e-07,-1
29,13,-5.97766e-06,-6.21328e-07,-1
29,14,-5.87347e-06,-5.81045e-07,-1
29,15,-5.75092e-06,-4.92835e-07,-1
29,16,-5.60038e-06,-3.34141e-07,-1
29,17,-5.40083e-06,-6.68279e-08,-1
29,18,-5.10772e-06,3.72478e-07,-1
29,19,-4.63352e-06,1.08252e-06,-1
29,20,-3.82384e-06,2.20185e-06,-1
29,21,-2.43727e-06,3.89616e-06,-0.999999
29,22,-1.51264e-07,6.31441e-06,-0.999998
29,23,3.37445e-06,9.50018e-06,-0.999993
29,24,8.33277e-06,1.32438e-05,-0.999978
29,25,1.44595e-05,1.68709e-05,-0.999934
29,26,2.05775e-05,1.90517e-05,-0.999815
29,27,2.39882e-05,1.81591e-05,-0.999515
29,28,2.06159e-05,1.40747e-05,-0.998806
29,29,9.24653e-06,9.24653e-06,-0.997171
29,30,-3.33184e-06,6.07473e-06,-0.993335
29,31,-8.70542e-06,4.40336e-06,-0.984079
29,32,-6.72588e-06,3.04709e-06,-0.961569
29,33,-3.07619e-06,1.81547e-06,-0.90849
29,34,-9.58397e-07,9.73143e-07,-0.792646
29,35,-2.284e-07,5.21493e-07,-0.572489
29,36,-6.41656e-08,3.05831e-07,-0.235726
29,37,-4.21527e-08,2.03395e-07,0.151208
29,38,-3.73353e-08,1.51732e-07,0.481648
29,39,-2.67164e-08,1.23785e-07,0.704756
29,40,-1.12432e-08,1.07686e-07,0.835382
29,41,5.06916e-09,9.71027e-08,0.907052
29,42,1.72311e-08,8.81308e-08,0.945757
29,43,2.75422e-08,7.87347e-08,0.966883
29,44,3.86032e-08,6.84477e-08,0.978681
29,45,4.67391e-08,5.7484e-08,0.985446
29,46,5.23431e-08,4.61053e-08,0.989418
29,47,5.78605e-08,3.45582e-08,0.991774
29,48,6.24441e-08,2.30112e-08,0.993144
29,49,6.49296e-08,1.14991e-08,0.99386
29,50,6.56277e-08,4.0399e-15,0.994082
29,51,6.49296e-08,-1.14991e-08,0.99386
29,52,6.24441e-08,-2.30112e-08,0.993144
29,53,5.78605e-08,-3.45582e-08,0.991774
29,54,5.23431e-08,-4.61053e-08,0.989418
29,55,4.67391e-08,-5.7484e-08,0.985446
29,56,3.86032e-08,-6.84477e-08,0.978681
29,57,2.75422e-08,-7.87347e-08,0.966883
29,58,1.72311e-08,-8.81308e-08,0.945757
29,59,5.06917e-09,-9.71027e-08,0.907052
29,60,-1.12432e-08,-1.07686e-07,0.835382
29,61,-2.67164e-08,-1.23785e-07,0.704756
29,62,-3.73353e-08,-1.51732e-07,0.481648
29,63,-4.21527e-08,-2.03395e-07,0.151208
29,64,-6.41656e-08,-3.05831e-07,-0.235726
29,65,-2.284e-07,-5.21493e-07,-0.572489
29,66,-9.58397e-07,-9.73143e-07,-0.792646
29,67,-3.07619e-06,-1.81547e-06,-0.90849
29,68,-6.72588e-06,-3.04709e-06,-0.961569
29,69,-8.70542e-06,-4.40336e-06,-0.984079
29,70,-3.33184e-06,-6.07473e-06,-0.993335
29,71,9.24653e-06,-9.24653e-06,-0.997171
29,72,2.06159e-05,-1.40747e-05,-0.998806
29,73,2.39882e-05,-1.81591e-05,-0.999515
29,74,2.05775e-05,-1.90517e-05,-0.999815
29,75,1.44595e-05,-1.68709e-05,-0.999934
29,76,8.33277e-06,-1.32438e-05,-0.999978
29,77,3.37445e-06,-9.50018e-06,-0.999993
29,78,-1.51264e-07,-6.31441e-06,-0.999998
29,79,-2.43727e-06,-3.89616e-06,-0.999999
29,80,-3.82384e-06,-2.20185e-06,-1
29,81,-4.63352e-06,-1.08252e-06,-1
29,82,-5.10772e-06,-3.72478e-07,-1
29,83,-5.40083e-06,6.68278e-08,-1
29,84,-5.60038e-06,3.34141e-07,-1
29,85,-5.75092e-06,4.92835e-07,-1
29,86,-5.87347e-06,5.81045e-07,-1
29,87,-5.97766e-06,6.21328e-07,-1
29,88,-6.06839e-06,6.27587e-07,-1
29,89,-6.14861e-06,6.09198e-07,-1
29,90,-6.22046e-06,5.73137e-07,-1
29,91,-6.28546e-06,5.24927e-07,-1
29,92,-6.34459e-06,4.69005e-07,-1
29,93,-6.39826e-06,4.08858e-07,-1
29,94,-6.44645e-06,3.47097e-07,-1
29,95,-6.48878e-06,2.85528e-07,-1
29,96,-6.52468e-06,2.25245e-07,-1
29,97,-6.5535e-06,1.66732e-07,-1
29,98,-6.57461e-06,1.09981e-07,-1
29,99,-6.58749e-06,5.46137e-08,-1
30,0,-6.51959e-06,-6.83901e-15,-1
30,1,-6.51452e-06,-8.96379e-08,-1
30,2,-6.49948e-06,-1.81433e-07,-1
30,3,-6.47497e-06,-2.77447e-07,-1
30,4,-6.44177e-06,-3.79549e-07,-1
30,5,-6.40088e-06,-4.89331e-07,-1
30,6,-6.35344e-06,-6.08023e-07,-1
30,7,-6.30059e-06,-7.36423e-07,-1
30,8,-6.24332e-06,-8.74855e-07,-1
30,9,-6.18232e-06,-1.02316e-06,-1
30,10,-6.11778e-06,-1.18073e-06,-1
30,11,-6.04932e-06,-1.34669e-06,-1
30,12,-5.9759e-06,-1.52017e-06,-1
30,13,-5.896e-06,-1.70064e-06,-1
30,14,-5.80789e-06,-1.88825e-06,-1
30,15,-5.70997e-06,-2.08368e-06,-1
30,16,-5.60017e-06,-2.28655e-06,-1
30,17,-5.47297e-06,-2.49116e-06,-1
30,18,-5.31069e-06,-2.67792e-06,-1
30,19,-5.06493e-06,-2.80046e-06,-1
30,20,-4.62542e-06,-2.77219e-06,-0.999999
30,21,-3.77702e-06,-2.46259e-06,-0.999998
30,22,-2.16345e-06,-1.7283e-06,-0.999995
30,23,6.94364e-07,-5.11835e-07,-0.999983
30,24,5.23969e-06,9.76883e-07,-0.999947
30,25,1.14527e-05,2.03978e-06,-0.999844
30,26,1.7913e-05,1.54587e-06,-0.999571
30,27,2.07939e-05,-8.35605e-07,-0.998897
30,28,1.60574e-05,-3.13662e-06,-0.997283
30,29,6.07473e-06,-3.33184e-06,-0.993335
30,30,-1.91494e-06,-1.91494e-06,-0.98332
30,31,-4.2391e-06,-5.65246e-07,-0.957595
30,32,-2.95506e-06,3.25847e-08,-0.893612
30,33,-1.30299e-06,1.54696e-07,-0.748238
30,34,-4.2717e-07,1.32865e-07,-0.470225
30,35,-1.18358e-07,9.70425e-08,-0.0670999
30,36,-3.85409e-08,7.27053e-08,0.343988
30,37,-2.56869e-08,5.88688e-08,0.644439
30,38,-2.27021e-08,5.19439e-08,0.818719
30,39,-1.42273e-08,4.87459e-08,0.908493
30,40,-5.09777e-10,4.64403e-08,0.952861
30,41,1.47442e-08,4.33437e-08,0.974806
30,42,2.66638e-08,3.91257e-08,0.985894
30,43,3.7018e-08,3.4197e-08,0.991672
30,44,4.80041e-08,2.91092e-08,0.994788
30,45,5.61033e-08,2.41145e-08,0.996528
30,46,6.16729e-08,1.91832e-08,0.997526
30,47,6.70523e-08,1.43003e-08,0.998108
30,48,7.14834e-08,9.49115e-09,0.998442
30,49,7.38876e-08,4.73659e-09,0.998615
30,50,7.4565e-08,2.0353e-15,0.998669
30,51,7.38876e-08,-4.73658e-09,0.998615
30,52,7.14834e-08,-9.49114e-09,0.998442
30,53,6.70523e-08,-1.43003e-08,0.998108
30,54,6.16729e-08,-1.91832e-08,0.997526
30,55,5.61034e-08,-2.41145e-08,0.996528
30,56,4.80041e-08,-2.91092e-08,0.994788
30,57,3.7018e-08,-3.4197e-08,0.991672
30,58,2.66638e-08,-3.91257e-08,0.985894
30,59,1.47442e-08,-4.33437e-08,0.974806
30,60,-5.09776e-10,-4.64403e-08,0.952861
30,61,-1.42273e-08,-4.87459e-08,0.908493
30,62,-2.27021e-08,-5.19439e-08,0.818719
30,63,-2.56869e-08,-5.88688e-08,0.644439
30,64,-3.85409e-08,-7.27053e-08,0.343988
30,65,-1.18358e-07,-9.70425e-08,-0.0670999
30,66,-4.2717e-07,-1.32865e-07,-0.470225
30,67,-1.30299e-06,-1.54696e-07,-0.748238
30,68,-2.95506e-06,-3.25847e-08,-0.893612
30,69,-4.2391e-06,5.65246e-07,-0.957595
30,70,-1.91494e-06,1.91494e-06,-0.98332
30,71,6.07473e-06,3.33184e-06,-0.993335
30,72,1.60574e-05,3.13662e-06,-0.997283
30,73,2.07939e-05,8.35605e-07,-0.998897
30,74,1.7913e-05,-1.54587e-06,-0.999571
30,75,1.14527e-05,-2.03979e-06,-0.999844
30,76,5.23969e-06,-9.76883e-07,-0.999947
30,77,6.94364e-07,5.11835e-07,-0.999983
30,78,-2.16345e-06,1.7283e-06,-0.999995
30,79,-3.77702e-06,2.46259e-06,-0.999998
30,80,-4.62542e-06,2.77219e-06,-0.999999
30,81,-5.06493e-06,2.80046e-06,-1
30,82,-5.31069e-06,2.67792e-06,-1
30,83,-5.47297e-06,2.49116e-06,-1
30,84,-5.60017e-06,2.28655e-06,-1
30,85,-5.70997e-06,2.08368e-06,-1
30,86,-5.80789e-06,1.88825e-06,-1
30,87,-5.896e-06,1.70064e-06,-1
30,88,-5.9759e-06,1.52017e-06,-1
30,89,-6.04932e-06,1.34669e-06,-1
30,90,-6.11778e-06,1.18073e-06,-1
30,91,-6.18232e-06,1.02316e-06,-1
30,92,-6.24332e-06,8.74855e-07,-1
30,93,-6.30059e-06,7.36423e-07,-1
30,94,-6.35344e-06,6.08023e-07,-1
30,95,-6.40088e-06,4.89331e-07,-1
30,96,-6.44177e-06,3.79549e-07,-1
30,97,-6.47497e-06,2.77447e-07,-1
30,98,-6.49948e-06,1.81433e-07,-1
30,99,-6.51452e-06,8.96379e-08,-1
31,0,-6.41374e-06,-6.99887e-15,-1
31,1,-6.40724e-06,-1.22236e-07,-1
31,2,-6.38796e-06,-2.47987e-07,-1
31,3,-6.35651e-06,-3.80702e-07,-1
31,4,-6.31388e-06,-5.23708e-07,-1
31,5,-6.26132e-06,-6.80153e-07,-1
31,6,-6.20029e-06,-8.52969e-07,-1
31,7,-6.13228e-06,-1.04486e-06,-1
31,8,-6.05861e-06,-1.2583e-06,-1
31,9,-5.98026e-06,-1.49563e-06,-1
31,10,-5.89755e-06,-1.75915e-06,-1
31,11,-5.8099e-06,-2.05149e-06,-1
31,12,-5.71551e-06,-2.3761e-06,-1
31,13,-5.61129e-06,-2.73824e-06,-1
31,14,-5.49301e-06,-3.14638e-06,-1
31,15,-5.35586e-06,-3.61412e-06,-1
31,16,-5.19517e-06,-4.16224e-06,-1
31,17,-5.00628e-06,-4.81982e-06,-1
31,18,-4.78045e-06,-5.62266e-06,-1
31,19,-4.49123e-06,-6.60683e-06,-1
31,20,-4.06047e-06,-7.79793e-06,-0.999999
31,21,-3.29731e-06,-9.20542e-06,-0.999996
31,22,-1.81034e-06,-1.08404e-05,-0.999988
31,23,1.05159e-06,-1.27659e-05,-0.999961
31,24,6.01993e-06,-1.51114e-05,-0.999879
31,25,1.29538e-05,-1.78138e-05,-0.99965
31,26,1.90633e-05,-1.98488e-05,-0.99906
31,27,1.94491e-05,-1.90451e-05,-0.997595
31,28,1.27049e-05,-1.4538e-05,-0.993887
31,29,4.40336e-06,-8.70542e-06,-0.984079
31,30,-5.65246e-07,-4.2391e-06,-0.957595
31,31,-1.78063e-06,-1.78063e-06,-0.888164
31,32,-1.25213e-06,-6.98235e-07,-0.723109
31,33,-5.94672e-07,-2.8657e-07,-0.401713
31,34,-2.33156e-07,-1.41398e-07,0.0485448
31,35,-8.18191e-08,-8.94069e-08,0.467392
31,36,-3.04348e-08,-6.73642e-08,0.738633
31,37,-1.93414e-08,-5.44328e-08,0.878606
31,38,-1.66258e-08,-4.52807e-08,0.94382
31,39,-9.30374e-09,-3.91088e-08,0.973382
31,40,3.32497e-09,-3.51407e-08,0.986908
31,41,1.78818e-08,-3.21416e-08,0.993261
31,42,2.94639e-08,-2.92732e-08,0.996349
31,43,3.94866e-08,-2.62677e-08,0.997908
31,44,4.99912e-08,-2.3029e-08,0.998726
31,45,5.77255e-08,-1.95608e-08,0.999172
31,46,6.30519e-08,-1.5942e-08,0.999423
31,47,6.81866e-08,-1.21722e-08,0.999566
31,48,7.24155e-08,-8.22476e-09,0.999648
31,49,7.47151e-08,-4.14254e-09,0.999689
31,50,7.53644e-08,-1.42442e-15,0.999702
31,51,7.47151e-08,4.14254e-09,0.999689
31,52,7.24155e-08,8.22475e-09,0.999648
31,53,6.81866e-08,1.21722e-08,0.999566
31,54,6.30519e-08,1.5942e-08,0.999423
31,55,5.77255e-08,1.95608e-08,0.999172
31,56,4.99912e-08,2.3029e-08,0.998726
31,57,3.94866e-08,2.62677e-08,0.997908
31,58,2.94639e-08,2.92732e-08,0.996349
31,59,1.78818e-08,3.21416e-08,0.993261
31,60,3.32497e-09,3.51407e-08,0.986908
31,61,-9.30374e-09,3.91088e-08,0.973382
31,62,-1.66258e-08,4.52807e-08,0.94382
31,63,-1.93414e-08,5.44328e-08,0.878606
31,64,-3.04348e-08,6.73642e-08,0.738633
31,65,-8.18191e-08,8.94069e-08,0.467392
31,66,-2.33156e-07,1.41398e-07,0.0485448
31,67,-5.94672e-07,2.8657e-07,-0.401713
31,68,-1.25213e-06,6.98235e-07,-0.723109
31,69,-1.78063e-06,1.78063e-06,-0.888164
31,70,-5.65246e-07,4.2391e-06,-0.957595
31,71,4.40336e-06,8.70542e-06,-0.984079
31,72,1.27049e-05,1.4538e-05,-0.993887
31,73,1.94491e-05,1.90451e-05,-0.997595
31,74,1.90633e-05,1.98488e-05,-0.99906
31,75,1.29538e-05,1.78138e-05,-0.99965
31,76,6.01993e-06,1.51114e-05,-0.999879
31,77,1.05159e-06,1.27659e-05,-0.999961
31,78,-1.81034e-06,1.08404e-05,-0.999988
31,79,-3.29731e-06,9.20542e-06,-0.999996
31,80,-4.06047e-06,7.79793e-06,-0.999999
31,81,-4.49123e-06,6.60683e-06,-1
31,82,-4.78045e-06,5.62266e-06,-1
31,83,-5.00628e-06,4.81982e-06,-1
31,84,-5.19517e-06,4.16224e-06,-1
31,85,-5.35586e-06,3.61412e-06,-1
31,86,-5.49301e-06,3.14638e-06,-1
31,87,-5.61129e-06,2.73824e-06,-1
31,88,-5.71551e-06,2.3761e-06,-1
31,89,-5.8099e-06,2.05149e-06,-1
31,90,-5.89755e-06,1.75915e-06,-1
31,91,-5.98026e-06,1.49563e-06,-1
31,92,-6.05861e-06,1.2583e-06,-1
31,93,-6.13228e-06,1.04486e-06,-1
31,94,-6.20029e-06,8.52969e-07,-1
31,95,-6.26132e-06,6.80153e-07,-1
31,96,-6.31388e-06,5.23708e-07,-1
31,97,-6.35651e-06,3.80702e-07,-1
31,98,-6.38796e-06,2.47987e-07,-1
31,99,-6.40724e-06,1.22236e-07,-1
32,0,-6.27662e-06,-7.24212e-15,-1
32,1,-6.26804e-06,-1.5255e-07,-1
32,2,-6.24253e-06,-3.09893e-07,-1
32,3,-6.20077e-06,-4.76792e-07,-1
32,4,-6.14385e-06,-6.57955e-07,-1
32,5,-6.07318e-06,-8.58023e-07,-1
32,6,-5.99033e-06,-1.08158e-06,-1
32,7,-5.89689e-06,-1.3332e-06,-1
32,8,-5.79426e-06,-1.6175e-06,-1
32,9,-5.6833e-06,-1.93932e-06,-1
32,10,-5.56397e-06,-2.3039e-06,-1
32,11,-5.43485e-06,-2.71733e-06,-1
32,12,-5.29244e-06,-3.18725e-06,-1
32,13,-5.13052e-06,-3.72407e-06,-1
32,14,-4.93942e-06,-4.3431e-06,-1
32,15,-4.70559e-06,-5.06805e-06,-1
32,16,-4.41145e-06,-5.9363e-06,-1
32,17,-4.03533e-06,-7.00619e-06,-1
32,18,-3.54887e-06,-8.36566e-06,-1
32,19,-2.90626e-06,-1.01412e-05,-0.999999
32,20,-2.00981e-06,-1.25037e-05,-0.999998
32,21,-6.3397e-07,-1.56699e-05,-0.999992
32,22,1.70519e-06,-1.98713e-05,-0.999973
32,23,5.78988e-06,-2.51703e-05,-0.999914
32,24,1.20001e-05,-3.07727e-05,-0.999739
32,25,1.85733e-05,-3.39546e-05,-0.999262
32,26,2.1386e-05,-3.1424e-05,-0.998037
32,27,1.74346e-05,-2.3282e-05,-0.994852
32,28,9.40085e-06,-1.37111e-05,-0.986148
32,29,3.04709e-06,-6.72588e-06,-0.961569
32,30,3.25847e-08,-2.95506e-06,-0.893612
32,31,-6.98235e-07,-1.25213e-06,-0.723109
32,32,-5.66772e-07,-5.66772e-07,-0.377773
32,33,-3.30799e-07,-3.10071e-07,0.106169
32,34,-1.66371e-07,-2.13649e-07,0.534119
32,35,-7.1577e-08,-1.71676e-07,0.789156
32,36,-3.01632e-08,-1.4735e-07,0.909627
32,37,-2.03908e-08,-1.30458e-07,0.961333
32,38,-1.85184e-08,-1.18336e-07,0.98306
32,39,-1.20093e-08,-1.08901e-07,0.992306
32,40,-1.10204e-10,-1.00282e-07,0.996352
32,41,1.36895e-08,-9.15182e-08,0.998185
32,42,2.46563e-08,-8.24299e-08,0.999048
32,43,3.4133e-08,-7.30741e-08,0.999471
32,44,4.40639e-08,-6.33903e-08,0.999687
32,45,5.13956e-08,-5.33562e-08,0.999802
32,46,5.6452e-08,-4.30613e-08,0.999865
32,47,6.13166e-08,-3.25444e-08,0.999901
32,48,6.53207e-08,-2.18157e-08,0.999921
32,49,6.75001e-08,-1.09398e-08,0.999931
32,50,6.81158e-08,-3.53306e-15,0.999934
32,51,6.75001e-08,1.09398e-08,0.999931
32,52,6.53207e-08,2.18157e-08,0.999921
32,53,6.13166e-08,3.25444e-08,0.999901
32,54,5.6452e-08,4.30613e-08,0.999865
32,55,5.13956e-08,5.33562e-08,0.999802
32,56,4.40639e-08,6.33903e-08,0.999687
32,57,3.4133e-08,7.30741e-08,0.999471
32,58,2.46563e-08,8.24299e-08,0.999048
32,59,1.36895e-08,9.15181e-08,0.998185
32,60,-1.10203e-10,1.00282e-07,0.996352
32,61,-1.20093e-08,1.08901e-07,0.992306
32,62,-1.85184e-08,1.18336e-07,0.98306
32,63,-2.03908e-08,1.30457e-07,0.961333
32,64,-3.01632e-08,1.4735e-07,0.909627
32,65,-7.1577e-08,1.71676e-07,0.789156
32,66,-1.66371e-07,2.13649e-07,0.534119
32,67,-3.30799e-07,3.10071e-07,0.106169
32,68,-5.66772e-07,5.66772e-07,-0.377773
32,69,-6.98235e-07,1.25213e-06,-0.723109
32,70,3.25847e-08,2.95506e-06,-0.893612
32,71,3.04709e-06,6.72588e-06,-0.961569
32,72,9.40085e-06,1.37111e-05,-0.986148
32,73,1.74346e-05,2.3282e-05,-0.994852
32,74,2.1386e-05,3.1424e-05,-0.998037
32,75,1.85733e-05,3.39546e-05,-0.999262
32,76,1.20001e-05,3.07727e-05,-0.999739
32,77,5.78988e-06,2.51703e-05,-0.999914
32,78,1.70519e-06,1.98713e-05,-0.999973
32,79,-6.3397e-07,1.56699e-05,-0.999992
32,80,-2.00981e-06,1.25037e-05,-0.999998
32,81,-2.90626e-06,1.01412e-05,-0.999999
32,82,-3.54887e-06,8.36566e-06,-1
32,83,-4.03533e-06,7.00619e-06,-1
32,84,-4.41145e-06,5.9363e-06,-1
32,85,-4.70559e-06,5.06805e-06,-1
32,86,-4.93942e-06,4.3431e-06,-1
32,87,-5.13052e-06,3.72407e-06,-1
32,88,-5.29244e-06,3.18725e-06,-1
32,89,-5.43485e-06,2.71733e-06,-1
32,90,-5.56397e-06,2.3039e-06,-1
32,91,-5.6833e-06,1.93932e-06,-1
32,92,-5.79426e-06,1.6175e-06,-1
32,93,-5.89689e-06,1.3332e-06,-1
32,94,-5.99033e-06,1.08158e-06,-1
32,95,-6.07318e-06,8.58023e-07,-1
32,96,-6.14385e-06,6.57955e-07,-1
32,97,-6.20077e-06,4.76792e-07,-1
32,98,-6.24253e-06,3.09893e-07,-1
32,99,-6.26804e-06,1.5255e-07,-1
33,0,-6.11041e-06,-7.33943e-15,-1
33,1,-6.09913e-06,-1.808e-07,-1
33,2,-6.06554e-06,-3.67555e-07,-1
33,3,-6.01033e-06,-5.66224e-07,-1
33,4,-5.93461e-06,-7.82785e-07,-1
33,5,-5.83978e-06,-1.02326e-06,-1
33,6,-5.72736e-06,-1.2938e-06,-1
33,7,-5.59881e-06,-1.60071e-06,-1
33,8,-5.45522e-06,-1.9507e-06,-1
33,9,-5.29697e-06,-2.351e-06,-1
33,10,-5.12316e-06,-2.80975e-06,-1
33,11,-4.93095e-06,-3.33644e-06,-1
33,12,-4.71443e-06,-3.9427e-06,-1
33,13,-4.46326e-06,-4.6436e-06,-1
33,14,-4.16066e-06,-5.45998e-06,-1
33,15,-3.78093e-06,-6.42245e-06,-1
33,16,-3.2864e-06,-7.57833e-06,-1
33,17,-2.62335e-06,-9.00302e-06,-1
33,18,-1.71572e-06,-1.0817e-05,-1
33,19,-4.49832e-07,-1.32079e-05,-0.999999
33,20,1.35885e-06,-1.64496e-05,-0.999995
33,21,4.03891e-06,-2.08774e-05,-0.999984
33,22,8.09792e-06,-2.6682e-05,-0.999944
33,23,1.37404e-05,-3.31041e-05,-0.999821
33,24,1.94842e-05,-3.69857e-05,-0.999467
33,25,2.22563e-05,-3.41582e-05,-0.998521
33,26,2.00245e-05,-2.51115e-05,-0.99601
33,27,1.31142e-05,-1.47001e-05,-0.988995
33,28,5.93791e-06,-7.10265e-06,-0.968432
33,29,1.81547e-06,-3.07619e-06,-0.90849
33,30,1.54696e-07,-1.30299e-06,-0.748238
33,31,-2.8657e-07,-5.94672e-07,-0.401713
33,32,-3.10071e-07,-3.30799e-07,0.106169
33,33,-2.34683e-07,-2.34684e-07,0.555052
33,34,-1.42585e-07,-1.95111e-07,0.811091
33,35,-6.9613e-08,-1.72535e-07,0.9245
33,36,-3.40453e-08,-1.56147e-07,0.969943
33,37,-2.60717e-08,-1.4363e-07,0.987771
33,38,-2.48094e-08,-1.33415e-07,0.994856
33,39,-1.88286e-08,-1.24016e-07,0.997748
33,40,-7.69949e-09,-1.14587e-07,0.998969
33,41,5.22973e-09,-1.04784e-07,0.999505
33,42,1.55385e-08,-9.45404e-08,0.999749
33,43,2.44741e-08,-8.38831e-08,0.999865
33,44,3.38375e-08,-7.27709e-08,0.999923
33,45,4.07594e-08,-6.12325e-08,0.999953
33,46,4.55362e-08,-4.93953e-08,0.999969
33,47,5.01271e-08,-3.73147e-08,0.999977
33,48,5.39071e-08,-2.50066e-08,0.999982
33,49,5.59678e-08,-1.25388e-08,0.999985
33,50,5.65506e-08,-2.55148e-15,0.999985
33,51,5.59678e-08,1.25388e-08,0.999985
33,52,5.39071e-08,2.50066e-08,0.999982
33,53,5.01271e-08,3.73147e-08,0.999977
33,54,4.55362e-08,4.93953e-08,0.999969
33,55,4.07594e-08,6.12325e-08,0.999953
33,56,3.38375e-08,7.27709e-08,0.999923
33,57,2.44741e-08,8.38831e-08,0.999865
33,58,1.55385e-08,9.45404e-08,0.999749
33,59,5.22973e-09,1.04784e-07,0.999505
33,60,-7.69949e-09,1.14587e-07,0.998969
33,61,-1.88286e-08,1.24016e-07,0.997748
33,62,-2.48094e-08,1.33415e-07,0.994856
33,63,-2.60717e-08,1.4363e-07,0.987771
33,64,-3.40453e-08,1.56147e-07,0.969943
33,65,-6.9613e-08,1.72535e-07,0.9245
33,66,-1.42585e-07,1.95111e-07,0.811091
33,67,-2.34684e-07,2.34683e-07,0.555052
33,68,-3.10071e-07,3.30799e-07,0.106169
33,69,-2.8657e-07,5.94672e-07,-0.401713
33,70,1.54696e-07,1.30299e-06,-0.748238
33,71,1.81547e-06,3.07619e-06,-0.90849
33,72,5.93791e-06,7.10265e-06,-0.968432
33,73,1.31142e-05,1.47001e-05,-0.988995
33,74,2.00245e-05,2.51115e-05,-0.99601
33,75,2.22563e-05,3.41582e-05,-0.998521
33,76,1.94842e-05,3.69857e-05,-0.999467
33,77,1.37404e-05,3.31041e-05,-0.999821
33,78,8.09792e-06,2.6682e-05,-0.999944
33,79,4.03891e-06,2.08774e-05,-0.999984
33,80,1.35885e-06,1.64496e-05,-0.999995
33,81,-4.49832e-07,1.32079e-05,-0.999999
33,82,-1.71572e-06,1.0817e-05,-1
33,83,-2.62335e-06,9.00302e-06,-1
33,84,-3.2864e-06,7.57833e-06,-1
33,85,-3.78093e-06,6.42245e-06,-1
33,86,-4.16066e-06,5.45998e-06,-1
33,87,-4.46326e-06,4.6436e-06,-1
33,88,-4.71443e-06,3.9427e-06,-1
33,89,-4.93095e-06,3.33644e-06,-1
33,90,-5.12316e-06,2.80975e-06,-1
33,91,-5.29697e-06,2.351e-06,-1
33,92,-5.45522e-06,1.9507e-06,-1
33,93,-5.59881e-06,1.60071e-06,-1
33,94,-5.72736e-06,1.2938e-06,-1
33,95,-5.83978e-06,1.02326e-06,-1
33,96,-5.93461e-06,7.82785e-07,-1
33,97,-6.01033e-06,5.66224e-07,-1
33,98,-6.06554e-06,3.67555e-07,-1
33,99,-6.09913e-06,1.808e-07,-1
34,0,-5.91702e-06,-7.45063e-15,-1
34,1,-5.90251e-06,-2.07259e-07,-1
34,2,-5.85919e-06,-4.21471e-07,-1
34,3,-5.78774e-06,-6.49633e-07,-1
34,4,-5.68917e-06,-8.98832e-07,-1
34,5,-5.56476e-06,-1.17632e-06,-1
34,6,-5.41577e-06,-1.4896e-06,-1
34,7,-5.24328e-06,-1.84661e-06,-1
34,8,-5.04778e-06,-2.25587e-06,-1
34,9,-4.82873e-06,-2.72684e-06,-1
34,10,-4.58393e-06,-3.27024e-06,-1
34,11,-4.30855e-06,-3.89865e-06,-1
34,12,-3.99375e-06,-4.62724e-06,-1
34,13,-3.62455e-06,-5.47504e-06,-1
34,14,-3.17666e-06,-6.4668e-06,-1
34,15,-2.61169e-06,-7.63651e-06,-1
34,16,-1.87023e-06,-9.03332e-06,-1
34,17,-8.61803e-07,-1.07318e-05,-1
34,18,5.48724e-07,-1.2848e-05,-0.999999
34,19,2.5609e-06,-1.55547e-05,-0.999997
34,20,5.45758e-06,-1.90726e-05,-0.999991
34,21,9.56237e-06,-2.35276e-05,-0.999967
34,22,1.48274e-05,-2.83558e-05,-0.999888
34,23,1.97698e-05,-3.10982e-05,-0.999647
34,24,2.1706e-05,-2.81537e-05,-0.998972
34,25,1.97938e-05,-2.00225e-05,-0.997143
34,26,1.48247e-05,-1.14763e-05,-0.991979
34,27,8.10977e-06,-5.48971e-06,-0.976449
34,28,3.21679e-06,-2.32282e-06,-0.928919
34,29,9.73143e-07,-9.58397e-07,-0.792646
34,30,1.32865e-07,-4.2717e-07,-0.470225
34,31,-1.41398e-07,-2.33156e-07,0.0485448
34,32,-2.13649e-07,-1.66371e-07,0.534119
34,33,-1.95111e-07,-1.42585e-07,0.811091
34,34,-1.30762e-07,-1.30762e-07,0.92892
34,35,-6.93926e-08,-1.21815e-07,0.973518
34,36,-3.84362e-08,-1.14041e-07,0.989953
34,37,-3.17029e-08,-1.07089e-07,0.996073
34,38,-3.07524e-08,-1.007e-07,0.998408
34,39,-2.52994e-08,-9.45301e-08,0.999328
34,40,-1.49572e-08,-8.81589e-08,0.999704
34,41,-2.8644e-09,-8.12642e-08,0.999863
34,42,6.81291e-09,-7.37845e-08,0.999933
34,43,1.52112e-08,-6.58019e-08,0.999965
34,44,2.40055e-08,-5.73228e-08,0.999981
34,45,3.05161e-08,-4.83943e-08,0.999989
34,46,3.50135e-08,-3.91471e-08,0.999993
34,47,3.93318e-08,-2.96402e-08,0.999995
34,48,4.28874e-08,-1.98952e-08,0.999996
34,49,4.48283e-08,-9.98445e-09,0.999997
34,50,4.53776e-08,-5.10293e-16,0.999997
34,51,4.48283e-08,9.98445e-09,0.999997
34,52,4.28874e-08,1.98952e-08,0.999996
34,53,3.93318e-08,2.96402e-08,0.999995
34,54,3.50135e-08,3.91471e-08,0.999993
34,55,3.05161e-08,4.83943e-08,0.999989
34,56,2.40055e-08,5.73228e-08,0.999981
34,57,1.52112e-08,6.58019e-08,0.999965
34,58,6.81291e-09,7.37845e-08,0.999933
34,59,-2.8644e-09,8.12642e-08,0.999863
34,60,-1.49572e-08,8.81589e-08,0.999704
34,61,-2.52994e-08,9.45301e-08,0.999328
34,62,-3.07524e-08,1.007e-07,0.998408
34,63,-3.17029e-08,1.07089e-07,0.996073
34,64,-3.84362e-08,1.14041e-07,0.989953
34,65,-6.93926e-08,1.21815e-07,0.973518
34,66,-1.30762e-07,1.30762e-07,0.92892
34,67,-1.95111e-07,1.42585e-07,0.811091
34,68,-2.13649e-07,1.66371e-07,0.534119
34,69,-1.41398e-07,2.33156e-07,0.0485448
34,70,1.32865e-07,4.2717e-07,-0.470225
34,71,9.73143e-07,9.58397e-07,-0.792646
34,72,3.21679e-06,2.32282e-06,-0.928919
34,73,8.10977e-06,5.48971e-06,-0.976449
34,74,1.48247e-05,1.14763e-05,-0.991979
34,75,1.97938e-05,2.00225e-05,-0.997143
34,76,2.1706e-05,2.81537e-05,-0.998972
34,77,1.97698e-05,3.10982e-05,-0.999647
34,78,1.48274e-05,2.83558e-05,-0.999888
34,79,9.56237e-06,2.35276e-05,-0.999967
34,80,5.45758e-06,1.90726e-05,-0.999991
34,81,2.5609e-06,1.55547e-05,-0.999997
34,82,5.48724e-07,1.2848e-05,-0.999999
34,83,-8.61803e-07,1.07318e-05,-1
34,84,-1.87023e-06,9.03332e-06,-1
34,85,-2.61169e-06,7.63651e-06,-1
34,86,-3.17666e-06,6.4668e-06,-1
34,87,-3.62455e-06,5.47504e-06,-1
34,88,-3.99375e-06,4.62724e-06,-1
34,89,-4.30855e-06,3.89865e-06,-1
34,90,-4.58393e-06,3.27024e-06,-1
34,91,-4.82873e-06,2.72684e-06,-1
34,92,-5.04778e-06,2.25587e-06,-1
34,93,-5.24328e-06,1.84661e-06,-1
34,94,-5.41577e-06,1.4896e-06,-1
34,95,-5.56476e-06,1.17632e-06,-1
34,96,-5.68917e-06,8.98832e-07,-1
34,97,-5.78774e-06,6.49633e-07,-1
34,98,-5.85919e-06,4.21471e-07,-1
34,99,-5.90251e-06,2.07259e-07,-1
35,0,-5.69807e-06,-7.62439e-15,-1
35,1,-5.67987e-06,-2.3222e-07,-1
35,2,-5.62547e-06,-4.72177e-07,-1
35,3,-5.53545e-06,-7.27688e-07,-1
35,4,-5.41066e-06,-1.00673e-06,-1
35,5,-5.25208e-06,-1.31756e-06,-1
35,6,-5.0606e-06,-1.66882e-06,-1
35,7,-4.83665e-06,-2.06975e-06,-1
35,8,-4.57989e-06,-2.5304e-06,-1
35,9,-4.28853e-06,-3.06196e-06,-1
35,10,-3.95865e-06,-3.67719e-06,-1
35,11,-3.58308e-06,-4.39096e-06,-1
35,12,-3.14974e-06,-5.22094e-06,-1
35,13,-2.63912e-06,-6.18842e-06,-1
35,14,-2.02035e-06,-7.31948e-06,-1
35,15,-1.24503e-06,-8.64644e-06,-1
35,16,-2.3787e-07,-1.021e-05,-1
35,17,1.11624e-06,-1.2061e-05,-1
35,18,2.98842e-06,-1.42591e-05,-0.999999
35,19,5.61064e-06,-1.68514e-05,-0.999995
35,20,9.215e-06,-1.97712e-05,-0.999982
35,21,1.37061e-05,-2.2489e-05,-0.999937
35,22,1.78654e-05,-2.33217e-05,-0.999787
35,23,1.9357e-05,-1.98795e-05,-0.999341
35,24,1.74968e-05,-1.28729e-05,-0.998102
35,25,1.38602e-05,-6.56996e-06,-0.994597
35,26,9.18338e-06,-3.00489e-06,-0.98395
35,27,4.37256e-06,-1.28767e-06,-0.950104
35,28,1.6153e-06,-5.28798e-07,-0.846095
35,29,5.21493e-07,-2.284e-07,-0.572489
35,30,9.70425e-08,-1.18358e-07,-0.0670999
35,31,-8.94069e-08,-8.18191e-08,0.467392
35,32,-1.71676e-07,-7.1577e-08,0.789156
35,33,-1.72535e-07,-6.9613e-08,0.9245
35,34,-1.21815e-07,-6.93926e-08,0.973518
35,35,-6.83919e-08,-6.83919e-08,0.990592
35,36,-4.06477e-08,-6.61171e-08,0.99657
35,37,-3.46783e-08,-6.33454e-08,0.998708
35,38,-3.39976e-08,-6.07372e-08,0.999496
35,39,-2.90427e-08,-5.8201e-08,0.999795
35,40,-1.94278e-08,-5.53174e-08,0.999913
35,41,-8.137e-09,-5.18032e-08,0.999961
35,42,9.15913e-10,-4.76541e-08,0.999982
35,43,8.77833e-09,-4.29782e-08,0.999991
35,44,1.70076e-08,-3.77877e-08,0.999995
35,45,2.3108e-08,-3.21325e-08,0.999997
35,46,2.73247e-08,-2.61466e-08,0.999998
35,47,3.1369e-08,-1.98939e-08,0.999999
35,48,3.46996e-08,-1.33996e-08,0.999999
35,49,3.65195e-08,-6.73744e-09,0.999999
35,50,3.7035e-08,1.17195e-15,0.999999
35,51,3.65195e-08,6.73744e-09,0.999999
35,52,3.46996e-08,1.33996e-08,0.999999
35,53,3.1369e-08,1.98939e-08,0.999999
35,54,2.73247e-08,2.61466e-08,0.999998
35,55,2.3108e-08,3.21325e-08,0.999997
35,56,1.70076e-08,3.77877e-08,0.999995
35,57,8.77833e-09,4.29782e-08,0.999991
35,58,9.15913e-10,4.76541e-08,0.999982
35,59,-8.137e-09,5.18032e-08,0.999961
35,60,-1.94278e-08,5.53174e-08,0.999913
35,61,-2.90427e-08,5.8201e-08,0.999795
35,62,-3.39976e-08,6.07372e-08,0.999496
35,63,-3.46784e-08,6.33454e-08,0.998708
35,64,-4.06477e-08,6.61171e-08,0.99657
35,65,-6.83919e-08,6.83919e-08,0.990592
35,66,-1.21815e-07,6.93926e-08,0.973518
35,67,-1.72535e-07,6.9613e-08,0.9245
35,68,-1.71676e-07,7.1577e-08,0.789156
35,69,-8.94069e-08,8.18191e-08,0.467392
35,70,9.70425e-08,1.18358e-07,-0.0670999
35,71,5.21493e-07,2.284e-07,-0.572489
35,72,1.6153e-06,5.28798e-07,-0.846095
35,73,4.37256e-06,1.28767e-06,-0.950104
35,74,9.18338e-06,3.00489e-06,-0.98395
35,75,1.38602e-05,6.56996e-06,-0.994597
35,76,1.74968e-05,1.28729e-05,-0.998102
35,77,1.9357e-05,1.98795e-05,-0.999341
35,78,1.78654e-05,2.33217e-05,-0.999787
35,79,1.37061e-05,2.2489e-05,-0.999937
35,80,9.215e-06,1.97712e-05,-0.999982
35,81,5.61064e-06,1.68514e-05,-0.999995
35,82,2.98842e-06,1.42591e-05,-0.999999
35,83,1.11624e-06,1.2061e-05,-1
35,84,-2.3787e-07,1.021e-05,-1
35,85,-1.24503e-06,8.64644e-06,-1
35,86,-2.02035e-06,7.31948e-06,-1
35,87,-2.63912e-06,6.18842e-06,-1
35,88,-3.14974e-06,5.22094e-06,-1
35,89,-3.58308e-06,4.39096e-06,-1
35,90,-3.95865e-06,3.67719e-06,-1
35,91,-4.28853e-06,3.06196e-06,-1
35,92,-4.57989e-06,2.5304e-06,-1
35,93,-4.83665e-06,2.06975e-06,-1
35,94,-5.0606e-06,1.66882e-06,-1
35,95,-5.25208e-06,1.31756e-06,-1
35,96,-5.41066e-06,1.00673e-06,-1
35,97,-5.53545e-06,7.27688e-07,-1
35,98,-5.62547e-06,4.72177e-07,-1
35,99,-5.67987e-06,2.3222e-07,-1
36,0,-5.45489e-06,-7.77034e-15,-1
36,1,-5.43268e-06,-2.55973e-07,-1
36,2,-5.36621e-06,-5.2019e-07,-1
36,3,-5.2559e-06,-8.01008e-07,-1
36,4,-5.10237e-06,-1.10702e-06,-1
36,5,-4.90619e-06,-1.44717e-06,-1
36,6,-4.66771e-06,-1.83092e-06,-1
36,7,-4.38663e-06,-2.26842e-06,-1
36,8,-4.06153e-06,-2.77075e-06,-1
36,9,-3.68927e-06,-3.35017e-06,-1
36,10,-3.26408e-06,-4.02052e-06,-1
36,11,-2.77641e-06,-4.79757e-06,-1
36,12,-2.21122e-06,-5.69947e-06,-1
36,13,-1.54553e-06,-6.74685e-06,-1
36,14,-7.44663e-07,-7.96252e-06,-1
36,15,2.43271e-07,-9.36964e-06,-1
36,16,1.49498e-06,-1.09868e-05,-1
36,17,3.11969e-06,-1.28159e-05,-0.999999
36,18,5.25952e-06,-1.48105e-05,-0.999998
36,19,8.04276e-06,-1.67947e-05,-0.999991
36,20,1.13856e-05,-1.82649e-05,-0.999967
36,21,1.45107e-05,-1.80607e-05,-0.999883
36,22,1.57375e-05,-1.4641e-05,-0.999614
36,23,1.4292e-05,-8.54703e-06,-0.998831
36,24,1.15662e-05,-3.43338e-06,-0.99661
36,25,8.56163e-06,-1.19068e-06,-0.989911
36,26,5.20568e-06,-5.55969e-07,-0.96819
36,27,2.24837e-06,-2.84897e-07,-0.89735
36,28,8.32052e-07,-1.32541e-07,-0.689719
36,29,3.05831e-07,-6.41656e-08,-0.235726
36,30,7.27053e-08,-3.85409e-08,0.343988
36,31,-6.73642e-08,-3.04348e-08,0.738633
36,32,-1.4735e-07,-3.01632e-08,0.909627
36,33,-1.56147e-07,-3.40453e-08,0.969943
36,34,-1.14041e-07,-3.84362e-08,0.989953
36,35,-6.61171e-08,-4.06477e-08,0.99657
36,36,-4.07424e-08,-4.07424e-08,0.998795
36,37,-3.54206e-08,-4.01019e-08,0.999563
36,38,-3.49483e-08,-3.95046e-08,0.999836
36,39,-3.04115e-08,-3.88524e-08,0.999936
36,40,-2.14814e-08,-3.77781e-08,0.999974
36,41,-1.09758e-08,-3.6047e-08,0.999989
36,42,-2.53894e-09,-3.36686e-08,0.999995
36,43,4.79319e-09,-3.07513e-08,0.999998
36,44,1.24618e-08,-2.73118e-08,0.999999
36,45,1.81528e-08,-2.34048e-08,0.999999
36,46,2.20882e-08,-1.91656e-08,1
36,47,2.58584e-08,-1.46588e-08,1
36,48,2.89648e-08,-9.9101e-09,1
36,49,3.06632e-08,-4.99293e-09,1
36,50,3.11445e-08,1.59745e-15,1
36,51,3.06632e-08,4.99293e-09,1
36,52,2.89648e-08,9.9101e-09,1
36,53,2.58584e-08,1.46588e-08,1
36,54,2.20882e-08,1.91656e-08,1
36,55,1.81528e-08,2.34048e-08,0.999999
36,56,1.24618e-08,2.73118e-08,0.999999
36,57,4.79318e-09,3.07513e-08,0.999998
36,58,-2.53894e-09,3.36686e-08,0.999995
36,59,-1.09758e-08,3.6047e-08,0.999989
36,60,-2.14814e-08,3.77781e-08,0.999974
36,61,-3.04115e-08,3.88524e-08,0.999936
36,62,-3.49483e-08,3.95046e-08,0.999836
36,63,-3.54206e-08,4.01019e-08,0.999563
36,64,-4.07424e-08,4.07424e-08,0.998795
36,65,-6.61171e-08,4.06477e-08,0.99657
36,66,-1.14041e-07,3.84362e-08,0.989953
36,67,-1.56147e-07,3.40453e-08,0.969943
36,68,-1.4735e-07,3.01632e-08,0.909627
36,69,-6.73642e-08,3.04349e-08,0.738633
36,70,7.27053e-08,3.85409e-08,0.343988
36,71,3.05831e-07,6.41656e-08,-0.235726
36,72,8.32052e-07,1.32541e-07,-0.689719
36,73,2.24837e-06,2.84897e-07,-0.89735
36,74,5.20568e-06,5.55969e-07,-0.96819
36,75,8.56163e-06,1.19068e-06,-0.989911
36,76,1.15662e-05,3.43338e-06,-0.99661
36,77,1.4292e-05,8.54703e-06,-0.998831
36,78,1.57375e-05,1.4641e-05,-0.999614
36,79,1.45107e-05,1.80607e-05,-0.999883
36,80,1.13856e-05,1.82649e-05,-0.999967
36,81,8.04276e-06,1.67947e-05,-0.999991
36,82,5.25952e-06,1.48105e-05,-0.999998
36,83,3.11969e-06,1.28159e-05,-0.999999
36,84,1.49498e-06,1.09868e-05,-1
36,85,2.43271e-07,9.36964e-06,-1
36,86,-7.44663e-07,7.96252e-06,-1
36,87,-1.54553e-06,6.74685e-06,-1
36,88,-2.21122e-06,5.69947e-06,-1
36,89,-2.77641e-06,4.79757e-06,-1
36,90,-3.26408e-06,4.02052e-06,-1
36,91,-3.68927e-06,3.35017e-06,-1
36,92,-4.06153e-06,2.77075e-06,-1
36,93,-4.38663e-06,2.26842e-06,-1
36,94,-4.66771e-06,1.83092e-06,-1
36,95,-4.90619e-06,1.44717e-06,-1
36,96,-5.10237e-06,1.10702e-06,-1
36,97,-5.2559e-06,8.01008e-07,-1
36,98,-5.36621e-06,5.2019e-07,-1
36,99,-5.43268e-06,2.55973e-07,-1
37,0,-5.18849e-06,-7.83984e-15,-1
37,1,-5.1621e-06,-2.78778e-07,-1
37,2,-5.08304e-06,-5.65958e-07,-1
37,3,-4.95153e-06,-8.7009e-07,-1
37,4,-4.76784e-06,-1.20001e-06,-1
37,5,-4.53211e-06,-1.56499e-06,-1
37,6,-4.24402e-06,-1.97487e-06,-1
37,7,-3.90247e-06,-2.4402e-06,-1
37,8,-3.50504e-06,-2.97241e-06,-1
37,9,-3.0473e-06,-3.58394e-06,-1
37,10,-2.52196e-06,-4.28836e-06,-1
37,11,-1.91771e-06,-5.10043e-06,-1
37,12,-1.21785e-06,-6.03581e-06,-1
37,13,-3.98415e-07,-7.11017e-06,-1
37,14,5.7387e-07,-8.33659e-06,-1
37,15,1.74373e-06,-9.71964e-06,-1
37,16,3.16758e-06,-1.12422e-05,-1
37,17,4.90632e-06,-1.28381e-05,-0.999999
37,18,6.9906e-06,-1.43355e-05,-0.999996
37,19,9.31649e-06,-1.53461e-05,-0.999984
37,20,1.14194e-05,-1.51186e-05,-0.999942
37,21,1.23118e-05,-1.26524e-05,-0.999794
37,22,1.12932e-05,-7.94328e-06,-0.999336
37,23,9.27966e-06,-3.36171e-06,-0.99801
37,24,7.2969e-06,-1.07646e-06,-0.99408
37,25,5.16073e-06,-4.66265e-07,-0.98139
37,26,2.91449e-06,-3.02377e-07,-0.938328
37,27,1.19942e-06,-1.69547e-07,-0.7995
37,28,4.73959e-07,-8.19746e-08,-0.437772
37,29,2.03395e-07,-4.21527e-08,0.151208
37,30,5.88688e-08,-2.56869e-08,0.644439
37,31,-5.44328e-08,-1.93414e-08,0.878606
37,32,-1.30457e-07,-2.03908e-08,0.961333
37,33,-1.4363e-07,-2.60717e-08,0.987771
37,34,-1.07089e-07,-3.17029e-08,0.996073
37,35,-6.33454e-08,-3.46784e-08,0.998708
37,36,-4.01019e-08,-3.54206e-08,0.999563
37,37,-3.53369e-08,-3.53369e-08,0.999848
37,38,-3.49767e-08,-3.51865e-08,0.999945
37,39,-3.08071e-08,-3.49232e-08,0.999979
37,40,-2.25404e-08,-3.42201e-08,0.999992
37,41,-1.28049e-08,-3.28521e-08,0.999997
37,42,-4.97492e-09,-3.08299e-08,0.999999
37,43,1.83165e-09,-2.82652e-08,0.999999
37,44,8.94395e-09,-2.51787e-08,1
37,45,1.42278e-08,-2.16255e-08,1
37,46,1.78829e-08,-1.77402e-08,1
37,47,2.13812e-08,-1.35884e-08,1
37,48,2.4264e-08,-9.19601e-09,1
37,49,2.5841e-08,-4.63578e-09,1
37,50,2.62882e-08,7.54284e-16,1
37,51,2.5841e-08,4.63578e-09,1
37,52,2.4264e-08,9.19601e-09,1
37,53,2.13812e-08,1.35884e-08,1
37,54,1.78829e-08,1.77402e-08,1
37,55,1.42278e-08,2.16255e-08,1
37,56,8.94395e-09,2.51787e-08,1
37,57,1.83165e-09,2.82652e-08,0.999999
37,58,-4.97492e-09,3.08299e-08,0.999999
37,59,-1.28049e-08,3.28521e-08,0.999997
37,60,-2.25404e-08,3.42201e-08,0.999992
37,61,-3.08071e-08,3.49232e-08,0.999979
37,62,-3.49767e-08,3.51865e-08,0.999945
37,63,-3.53369e-08,3.53369e-08,0.999848
37,64,-4.01019e-08,3.54206e-08,0.999563
37,65,-6.33454e-08,3.46784e-08,0.998708
37,66,-1.07089e-07,3.17029e-08,0.996073
37,67,-1.4363e-07,2.60717e-08,0.987771
37,68,-1.30457e-07,2.03908e-08,0.961333
37,69,-5.44328e-08,1.93414e-08,0.878606
37,70,5.88688e-08,2.56869e-08,0.644439
37,71,2.03395e-07,4.21527e-08,0.151208
37,72,4.73959e-07,8.19746e-08,-0.437772
37,73,1.19942e-06,1.69547e-07,-0.7995
37,74,2.91449e-06,3.02377e-07,-0.938328
37,75,5.16073e-06,4.66265e-07,-0.98139
37,76,7.2969e-06,1.07646e-06,-0.99408
37,77,9.27966e-06,3.36171e-06,-0.99801
37,78,1.12932e-05,7.94328e-06,-0.999336
37,79,1.23118e-05,1.26524e-05,-0.999794
37,80,1.14194e-05,1.51186e-05,-0.999942
37,81,9.31649e-06,1.53461e-05,-0.999984
37,82,6.9906e-06,1.43355e-05,-0.999996
37,83,4.90632e-06,1.28381e-05,-0.999999
37,84,3.16758e-06,1.12422e-05,-1
37,85,1.74373e-06,9.71964e-06,-1
37,86,5.7387e-07,8.33659e-06,-1
37,87,-3.98415e-07,7.11017e-06,-1
37,88,-1.21785e-06,6.03581e-06,-1
37,89,-1.91771e-06,5.10043e-06,-1
37,90,-2.52196e-06,4.28836e-06,-1
37,91,-3.0473e-06,3.58394e-06,-1
37,92,-3.50504e-06,2.97241e-06,-1
37,93,-3.90247e-06,2.4402e-06,-1
37,94,-4.24402e-06,1.97487e-06,-1
37,95,-4.53211e-06,1.56499e-06,-1
37,96,-4.76784e-06,1.20001e-06,-1
37,97,-4.95153e-06,8.7009e-07,-1
37,98,-5.08304e-06,5.65958e-07,-1
37,99,-5.1621e-06,2.78778e-07,-1
38,0,-4.89967e-06,-7.96495e-15,-1
38,1,-4.86914e-06,-3.00838e-07,-1
38,2,-4.77753e-06,-6.09817e-07,-1
38,3,-4.62486e-06,-9.3525e-07,-1
38,4,-4.411e-06,-1.28578e-06,-1
38,5,-4.13557e-06,-1.67052e-06,-1
38,6,-3.79761e-06,-2.09916e-06,-1
38,7,-3.3953e-06,-2.58201e-06,-1
38,8,-2.9254e-06,-3.13005e-06,-1
38,9,-2.38269e-06,-3.75475e-06,-1
38,10,-1.75922e-06,-4.46785e-06,-1
38,11,-1.04346e-06,-5.28076e-06,-1
38,12,-2.19537e-07,-6.20328e-06,-1
38,13,7.33091e-07,-7.24118e-06,-1
38,14,1.83883e-06,-8.39114e-06,-1
38,15,3.12216e-06,-9.63098e-06,-1
38,16,4.5968e-06,-1.0901e-05,-1
38,17,6.23998e-06,-1.20706e-05,-0.999998
38,18,7.93454e-06,-1.28856e-05,-0.999993
38,19,9.37429e-06,-1.29137e-05,-0.999974
38,20,1.00035e-05,-1.15836e-05,-0.999901
38,21,9.31628e-06,-8.618e-06,-0.999656
38,22,7.71756e-06,-4.93478e-06,-0.998912
38,23,6.18698e-06,-2.23431e-06,-0.996726
38,24,4.80669e-06,-1.00084e-06,-0.989855
38,25,3.15629e-06,-5.02435e-07,-0.9663
38,26,1.68415e-06,-2.70233e-07,-0.884863
38,27,6.97878e-07,-1.35512e-07,-0.636988
38,28,3.05038e-07,-6.70761e-08,-0.110208
38,29,1.51732e-07,-3.73353e-08,0.481648
38,30,5.19439e-08,-2.27021e-08,0.818719
38,31,-4.52807e-08,-1.66258e-08,0.94382
38,32,-1.18336e-07,-1.85184e-08,0.98306
38,33,-1.33415e-07,-2.48094e-08,0.994856
38,34,-1.007e-07,-3.07524e-08,0.998408
38,35,-6.07372e-08,-3.39976e-08,0.999496
38,36,-3.95046e-08,-3.49483e-08,0.999836
38,37,-3.51865e-08,-3.49767e-08,0.999945
38,38,-3.48846e-08,-3.48846e-08,0.999981
38,39,-3.10597e-08,-3.46607e-08,0.999993
38,40,-2.34412e-08,-3.39868e-08,0.999997
38,41,-1.44643e-08,-3.26418e-08,0.999999
38,42,-7.23614e-09,-3.06409e-08,1
38,43,-9.52314e-10,-2.80971e-08,1
38,44,5.60811e-09,-2.50325e-08,1
38,45,1.04859e-08,-2.15028e-08,1
38,46,1.38617e-08,-1.76412e-08,1
38,47,1.70898e-08,-1.35134e-08,1
38,48,1.975e-08,-9.14572e-09,1
38,49,2.1206e-08,-4.61057e-09,1
38,50,2.1619e-08,7.92812e-16,1
38,51,2.1206e-08,4.61057e-09,1
38,52,1.975e-08,9.14572e-09,1
38,53,1.70898e-08,1.35134e-08,1
38,54,1.38617e-08,1.76412e-08,1
38,55,1.04859e-08,2.15028e-08,1
38,56,5.60811e-09,2.50325e-08,1
38,57,-9.52315e-10,2.80971e-08,1
38,58,-7.23614e-09,3.06409e-08,1
38,59,-1.44643e-08,3.26418e-08,0.999999
38,60,-2.34412e-08,3.39868e-08,0.999997
38,61,-3.10597e-08,3.46607e-08,0.999993
38,62,-3.48846e-08,3.48846e-08,0.999981
38,63,-3.51865e-08,3.49767e-08,0.999945
38,64,-3.95046e-08,3.49483e-08,0.999836
38,65,-6.07372e-08,3.39976e-08,0.999496
38,66,-1.007e-07,3.07524e-08,0.998408
38,67,-1.33415e-07,2.48094e-08,0.994856
38,68,-1.18336e-07,1.85184e-08,0.98306
38,69,-4.52807e-08,1.66258e-08,0.94382
38,70,5.19439e-08,2.27021e-08,0.818719
38,71,1.51732e-07,3.73353e-08,0.481648
38,72,3.05038e-07,6.70761e-08,-0.110208
38,73,6.97878e-07,1.35512e-07,-0.636988
38,74,1.68415e-06,2.70233e-07,-0.884863
38,75,3.15629e-06,5.02435e-07,-0.9663
38,76,4.80669e-06,1.00084e-06,-0.989855
38,77,6.18698e-06,2.23431e-06,-0.996726
38,78,7.71756e-06,4.93478e-06,-0.998912
38,79,9.31628e-06,8.618e-06,-0.999656
38,80,1.00035e-05,1.15836e-05,-0.999901
38,81,9.37429e-06,1.29137e-05,-0.999974
38,82,7.93454e-06,1.28856e-05,-0.999993
38,83,6.23998e-06,1.20706e-05,-0.999998
38,84,4.5968e-06,1.0901e-05,-1
38,85,3.12216e-06,9.63098e-06,-1
38,86,1.83883e-06,8.39114e-06,-1
38,87,7.33091e-07,7.24118e-06,-1
38,88,-2.19537e-07,6.20328e-06,-1
38,89,-1.04346e-06,5.28076e-06,-1
38,90,-1.75922e-06,4.46785e-06,-1
38,91,-2.38269e-06,3.75475e-06,-1
38,92,-2.9254e-06,3.13005e-06,-1
38,93,-3.3953e-06,2.58201e-06,-1
38,94,-3.79761e-06,2.09916e-06,-1
38,95,-4.13557e-06,1.67052e-06,-1
38,96,-4.411e-06,1.28578e-06,-1
38,97,-4.62486e-06,9.3525e-07,-1
38,98,-4.77753e-06,6.09817e-07,-1
38,99,-4.86914e-06,3.00838e-07,-1
39,0,-4.58905e-06,-8.15955e-15,-1
39,1,-4.55461e-06,-3.22282e-07,-1
39,2,-4.45121e-06,-6.51953e-07,-1
39,3,-4.27858e-06,-9.96588e-07,-1
39,4,-4.03619e-06,-1.36411e-06,-1
39,5,-3.72313e-06,-1.76293e-06,-1
39,6,-3.33789e-06,-2.20192e-06,-1
39,7,-2.87812e-06,-2.69044e-06,-1
39,8,-2.34025e-06,-3.23803e-06,-1
39,9,-1.71912e-06,-3.85402e-06,-1
39,10,-1.00754e-06,-4.54667e-06,-1
39,11,-1.96088e-07,-5.32178e-06,-1
39,12,7.26512e-07,-6.18027e-06,-1
39,13,1.7718e-06,-7.11411e-06,-1
39,14,2.94708e-06,-8.09955e-06,-1
39,15,4.24559e-06,-9.08597e-06,-1
39,16,5.62681e-06,-9.97887e-06,-0.999999
39,17,6.98403e-06,-1.06179e-05,-0.999997
39,18,8.10339e-06,-1.07629e-05,-0.999989
39,19,8.64965e-06,-1.01214e-05,-0.999957
39,20,8.27704e-06,-8.47104e-06,-0.999839
39,21,7.01872e-06,-5.96179e-06,-0.999452
39,22,5.57014e-06,-3.39288e-06,-0.998292
39,23,4.40499e-06,-1.63575e-06,-0.994762
39,24,3.2671e-06,-7.54368e-07,-0.982953
39,25,1.9483e-06,-3.44079e-07,-0.940714
39,26,1.02654e-06,-1.73208e-07,-0.796282
39,27,4.47914e-07,-8.91133e-08,-0.404174
39,28,2.17779e-07,-4.74102e-08,0.223454
39,29,1.23785e-07,-2.67164e-08,0.704756
39,30,4.87459e-08,-1.42273e-08,0.908493
39,31,-3.91088e-08,-9.30374e-09,0.973382
39,32,-1.08901e-07,-1.20093e-08,0.992306
39,33,-1.24016e-07,-1.88286e-08,0.997748
39,34,-9.45301e-08,-2.52994e-08,0.999328
39,35,-5.8201e-08,-2.90427e-08,0.999795
39,36,-3.88524e-08,-3.04115e-08,0.999936
39,37,-3.49232e-08,-3.08071e-08,0.999979
39,38,-3.46607e-08,-3.10597e-08,0.999993
39,39,-3.11672e-08,-3.11672e-08,0.999998
39,40,-2.41883e-08,-3.08164e-08,0.999999
39,41,-1.59647e-08,-2.97914e-08,1
39,42,-9.33715e-09,-2.81088e-08,1
39,43,-3.57497e-09,-2.58817e-08,1
39,44,2.43587e-09,-2.31337e-08,1
39,45,6.90819e-09,-1.99207e-08,1
39,46,1.00046e-08,-1.63754e-08,1
39,47,1.29632e-08,-1.25638e-08,1
39,48,1.54012e-08,-8.51265e-09,1
39,49,1.67363e-08,-4.29407e-09,1
39,50,1.71151e-08,9.83363e-16,1
39,51,1.67363e-08,4.29407e-09,1
39,52,1.54012e-08,8.51265e-09,1
39,53,1.29632e-08,1.25638e-08,1
39,54,1.00046e-08,1.63754e-08,1
39,55,6.90819e-09,1.99207e-08,1
39,56,2.43587e-09,2.31337e-08,1
39,57,-3.57497e-09,2.58817e-08,1
39,58,-9.33715e-09,2.81088e-08,1
39,59,-1.59647e-08,2.97914e-08,1
39,60,-2.41883e-08,3.08164e-08,0.999999
39,61,-3.11672e-08,3.11672e-08,0.999998
39,62,-3.46607e-08,3.10597e-08,0.999993
39,63,-3.49232e-08,3.08071e-08,0.999979
39,64,-3.88524e-08,3.04115e-08,0.999936
39,65,-5.8201e-08,2.90427e-08,0.999795
39,66,-9.45301e-08,2.52994e-08,0.999328
39,67,-1.24016e-07,1.88286e-08,0.997748
39,68,-1.08901e-07,1.20093e-08,0.992306
39,69,-3.91088e-08,9.30374e-09,0.973382
39,70,4.87459e-08,1.42273e-08,0.908493
39,71,1.23785e-07,2.67164e-08,0.704756
39,72,2.17779e-07,4.74102e-08,0.223454
39,73,4.47914e-07,8.91133e-08,-0.404174
39,74,1.02654e-06,1.73208e-07,-0.796282
39,75,1.9483e-06,3.44079e-07,-0.940714
39,76,3.2671e-06,7.54368e-07,-0.982953
39,77,4.40499e-06,1.63575e-06,-0.994762
39,78,5.57014e-06,3.39288e-06,-0.998292
39,79,7.01872e-06,5.96179e-06,-0.999452
39,80,8.27704e-06,8.47104e-06,-0.999839
39,81,8.64965e-06,1.01214e-05,-0.999957
39,82,8.10339e-06,1.07629e-05,-0.999989
39,83,6.98403e-06,1.06179e-05,-0.999997
39,84,5.62681e-06,9.97887e-06,-0.999999
39,85,4.24559e-06,9.08597e-06,-1
39,86,2.94708e-06,8.09955e-06,-1
39,87,1.7718e-06,7.11411e-06,-1
39,88,7.26512e-07,6.18027e-06,-1
39,89,-1.96088e-07,5.32178e-06,-1
39,90,-1.00754e-06,4.54667e-06,-1
39,91,-1.71912e-06,3.85402e-06,-1
39,92,-2.34025e-06,3.23803e-06,-1
39,93,-2.87812e-06,2.69044e-06,-1
39,94,-3.33789e-06,2.20192e-06,-1
39,95,-3.72313e-06,1.76293e-06,-1
39,96,-4.03619e-06,1.36411e-06,-1
39,97,-4.27858e-06,9.96588e-07,-1
39,98,-4.45121e-06,6.51953e-07,-1
39,99,-4.55461e-06,3.22282e-07,-1
40,0,-4.25714e-06,-8.33331e-15,-1
40,1,-4.21931e-06,-3.43148e-07,-1
40,2,-4.10564e-06,-6.92384e-07,-1
40,3,-3.91558e-06,-1.05399e-06,-1
40,4,-3.6482e-06,-1.43458e-06,-1
40,5,-3.30213e-06,-1.8412e-06,-1
40,6,-2.87546e-06,-2.28125e-06,-1
40,7,-2.36568e-06,-2.76226e-06,-1
40,8,-1.76957e-06,-3.29143e-06,-1
40,9,-1.08314e-06,-3.87474e-06,-1
40,10,-3.01804e-07,-4.51558e-06,-1
40,11,5.78902e-07,-5.21256e-06,-1
40,12,1.56164e-06,-5.95612e-06,-1
40,13,2.64352e-06,-6.72352e-06,-1
40,14,3.80893e-06,-7.47196e-06,-1
40,15,5.01683e-06,-8.13016e-06,-1
40,16,6.1813e-06,-8.59146e-06,-0.999999
40,17,7.15078e-06,-8.71465e-06,-0.999996
40,18,7.70584e-06,-8.34433e-06,-0.999983
40,19,7.60651e-06,-7.35274e-06,-0.999933
40,20,6.73616e-06,-5.70357e-06,-0.999751
40,21,5.36889e-06,-3.63436e-06,-0.999169
40,22,4.12903e-06,-1.81308e-06,-0.997417
40,23,3.18688e-06,-7.73087e-07,-0.991831
40,24,2.20039e-06,-3.26162e-07,-0.972069
40,25,1.2109e-06,-1.46223e-07,-0.899782
40,26,6.66373e-07,-8.25777e-08,-0.663358
40,27,3.13472e-07,-4.83148e-08,-0.125064
40,28,1.67839e-07,-2.65931e-08,0.495172
40,29,1.07686e-07,-1.12432e-08,0.835382
40,30,4.64403e-08,-5.09777e-10,0.952861
40,31,-3.51407e-08,3.32497e-09,0.986908
40,32,-1.00282e-07,-1.10202e-10,0.996352
40,33,-1.14587e-07,-7.69949e-09,0.998969
40,34,-8.81589e-08,-1.49572e-08,0.999704
40,35,-5.53174e-08,-1.94278e-08,0.999913
40,36,-3.77781e-08,-2.14814e-08,0.999974
40,37,-3.42201e-08,-2.25404e-08,0.999992
40,38,-3.39868e-08,-2.34412e-08,0.999997
40,39,-3.08164e-08,-2.41883e-08,0.999999
40,40,-2.44741e-08,-2.44741e-08,1
40,41,-1.70017e-08,-2.40849e-08,1
40,42,-1.09752e-08,-2.30377e-08,1
40,43,-5.7348e-09,-2.14449e-08,1
40,44,-2.72677e-10,-1.9331e-08,1
40,45,3.79399e-09,-1.67523e-08,1
40,46,6.61066e-09,-1.38408e-08,1
40,47,9.29984e-09,-1.06629e-08,1
40,48,1.15159e-08,-7.24542e-09,1
40,49,1.27299e-08,-3.66051e-09,1
40,50,1.30746e-08,-6.5385e-16,1
40,51,1.27299e-08,3.66051e-09,1
40,52,1.15159e-08,7.24542e-09,1
40,53,9.29984e-09,1.06629e-08,1
40,54,6.61066e-09,1.38408e-08,1
40,55,3.79399e-09,1.67523e-08,1
40,56,-2.72676e-10,1.9331e-08,1
40,57,-5.7348e-09,2.14449e-08,1
40,58,-1.09752e-08,2.30377e-08,1
40,59,-1.70017e-08,2.40849e-08,1
40,60,-2.44741e-08,2.44741e-08,1
40,61,-3.08164e-08,2.41883e-08,0.999999
40,62,-3.39868e-08,2.34412e-08,0.999997
40,63,-3.42201e-08,2.25404e-08,0.999992
40,64,-3.77781e-08,2.14814e-08,0.999974
40,65,-5.53174e-08,1.94278e-08,0.999913
40,66,-8.81589e-08,1.49572e-08,0.999704
40,67,-1.14587e-07,7.69949e-09,0.998969
40,68,-1.00282e-07,1.10202e-10,0.996352
40,69,-3.51407e-08,-3.32497e-09,0.986908
40,70,4.64403e-08,5.09776e-10,0.952861
40,71,1.07686e-07,1.12432e-08,0.835382
40,72,1.67839e-07,2.65931e-08,0.495172
40,73,3.13472e-07,4.83148e-08,-0.125064
40,74,6.66373e-07,8.25777e-08,-0.663358
40,75,1.2109e-06,1.46223e-07,-0.899782
40,76,2.20039e-06,3.26162e-07,-0.972069
40,77,3.18688e-06,7.73087e-07,-0.991831
40,78,4.12903e-06,1.81308e-06,-0.997417
40,79,5.36889e-06,3.63436e-06,-0.999169
40,80,6.73616e-06,5.70357e-06,-0.999751
40,81,7.60651e-06,7.35274e-06,-0.999933
40,82,7.70584e-06,8.34433e-06,-0.999983
40,83,7.15078e-06,8.71465e-06,-0.999996
40,84,6.1813e-06,8.59146e-06,-0.999999
40,85,5.01683e-06,8.13016e-06,-1
40,86,3.80893e-06,7.47196e-06,-1
40,87,2.64352e-06,6.72352e-06,-1
40,88,1.56164e-06,5.95612e-06,-1
40,89,5.78902e-07,5.21256e-06,-1
40,90,-3.01804e-07,4.51558e-06,-1
40,91,-1.08314e-06,3.87474e-06,-1
40,92,-1.76957e-06,3.29143e-06,-1
40,93,-2.36568e-06,2.76226e-06,-1
40,94,-2.87546e-06,2.28125e-06,-1
40,95,-3.30213e-06,1.8412e-06,-1
40,96,-3.6482e-06,1.43458e-06,-1
40,97,-3.91558e-06,1.05399e-06,-1
40,98,-4.10564e-06,6.92384e-07,-1
40,99,-4.21931e-06,3.43148e-07,-1
41,0,-3.90446e-06,-8.54876e-15,-1
41,1,-3.86403e-06,-3.63373e-07,-1
41,2,-3.74247e-06,-7.30956e-07,-1
41,3,-3.53898e-06,-1.10714e-06,-1
41,4,-3.25224e-06,-1.49661e-06,-1
41,5,-2.88054e-06,-1.90438e-06,-1
41,6,-2.42183e-06,-2.33562e-06,-1
41,7,-1.87392e-06,-2.79527e-06,-1
41,8,-1.2347e-06,-3.28727e-06,-1
41,9,-5.02604e-07,-3.81341e-06,-1
41,10,3.22468e-07,-4.3714e-06,-1
41,11,1.2375e-06,-4.95229e-06,-1
41,12,2.23339e-06,-5.5367e-06,-1
41,13,3.28988e-06,-6.09028e-06,-1
41,14,4.36789e-06,-6.55889e-06,-1
41,15,5.39919e-06,-6.86589e-06,-1
41,16,6.27692e-06,-6.91674e-06,-0.999998
41,17,6.85194e-06,-6.61667e-06,-0.999994
41,18,6.95114e-06,-5.89371e-06,-0.999974
41,19,6.42834e-06,-4.71344e-06,-0.999899
41,20,5.30403e-06,-3.12961e-06,-0.999633
41,21,3.98218e-06,-1.51352e-06,-0.998795
41,22,2.98703e-06,-4.7389e-07,-0.996225
41,23,2.27086e-06,-1.29799e-07,-0.987598
41,24,1.44746e-06,-5.20252e-08,-0.955693
41,25,7.70099e-07,-3.70621e-08,-0.838799
41,26,4.60295e-07,-3.30044e-08,-0.486245
41,27,2.33291e-07,-2.10011e-08,0.152823
41,28,1.37055e-07,-7.83208e-09,0.683054
41,29,9.71027e-08,5.06916e-09,0.907052
41,30,4.33437e-08,1.47442e-08,0.974806
41,31,-3.21416e-08,1.78818e-08,0.993261
41,32,-9.15181e-08,1.36895e-08,0.998185
41,33,-1.04784e-07,5.22973e-09,0.999505
41,34,-8.12642e-08,-2.8644e-09,0.999863
41,35,-5.18032e-08,-8.137e-09,0.999961
41,36,-3.6047e-08,-1.09758e-08,0.999989
41,37,-3.28521e-08,-1.28049e-08,0.999997
41,38,-3.26418e-08,-1.44643e-08,0.999999
41,39,-2.97914e-08,-1.59647e-08,1
41,40,-2.40849e-08,-1.70017e-08,1
41,41,-1.73627e-08,-1.73627e-08,1
41,42,-1.19378e-08,-1.70647e-08,1
41,43,-7.21998e-09,-1.62199e-08,1
41,44,-2.30615e-09,-1.48535e-08,1
41,45,1.35439e-09,-1.3022e-08,1
41,46,3.89062e-09,-1.08571e-08,1
41,47,6.31039e-09,-8.42523e-09,1
41,48,8.30447e-09,-5.75377e-09,1
41,49,9.39728e-09,-2.91477e-09,1
41,50,9.70766e-09,-1.51381e-15,1
41,51,9.39728e-09,2.91476e-09,1
41,52,8.30447e-09,5.75377e-09,1
41,53,6.31039e-09,8.42523e-09,1
41,54,3.89062e-09,1.08571e-08,1
41,55,1.35439e-09,1.3022e-08,1
41,56,-2.30615e-09,1.48535e-08,1
41,57,-7.21998e-09,1.62199e-08,1
41,58,-1.19378e-08,1.70647e-08,1
41,59,-1.73627e-08,1.73627e-08,1
41,60,-2.40849e-08,1.70017e-08,1
41,61,-2.97914e-08,1.59647e-08,1
41,62,-3.26418e-08,1.44643e-08,0.999999
41,63,-3.28521e-08,1.28049e-08,0.999997
41,64,-3.6047e-08,1.09758e-08,0.999989
41,65,-5.18032e-08,8.137e-09,0.999961
41,66,-8.12642e-08,2.8644e-09,0.999863
41,67,-1.04784e-07,-5.22973e-09,0.999505
41,68,-9.15181e-08,-1.36895e-08,0.998185
41,69,-3.21416e-08,-1.78818e-08,0.993261
41,70,4.33437e-08,-1.47442e-08,0.974806
41,71,9.71027e-08,-5.06916e-09,0.907052
41,72,1.37055e-07,7.83208e-09,0.683054
41,73,2.33291e-07,2.10011e-08,0.152823
41,74,4.60295e-07,3.30044e-08,-0.486245
41,75,7.70099e-07,3.70621e-08,-0.838799
41,76,1.44746e-06,5.20252e-08,-0.955693
41,77,2.27086e-06,1.29799e-07,-0.987598
41,78,2.98703e-06,4.7389e-07,-0.996225
41,79,3.98218e-06,1.51352e-06,-0.998795
41,80,5.30403e-06,3.12961e-06,-0.999633
41,81,6.42834e-06,4.71344e-06,-0.999899
41,82,6.95114e-06,5.89371e-06,-0.999974
41,83,6.85194e-06,6.61667e-06,-0.999994
41,84,6.27692e-06,6.91674e-06,-0.999998
41,85,5.39919e-06,6.86589e-06,-1
41,86,4.36789e-06,6.55889e-06,-1
41,87,3.28988e-06,6.09028e-06,-1
41,88,2.23339e-06,5.5367e-06,-1
41,89,1.2375e-06,4.95229e-06,-1
41,90,3.22468e-07,4.3714e-06,-1
41,91,-5.02604e-07,3.81341e-06,-1
41,92,-1.2347e-06,3.28727e-06,-1
41,93,-1.87392e-06,2.79527e-06,-1
41,94,-2.42183e-06,2.33562e-06,-1
41,95,-2.88054e-06,1.90438e-06,-1
41,96,-3.25224e-06,1.49661e-06,-1
41,97,-3.53898e-06,1.10714e-06,-1
41,98,-3.74247e-06,7.30956e-07,-1
41,99,-3.86403e-06,3.63373e-07,-1
42,0,-3.53165e-06,-8.68777e-15,-1
42,1,-3.4897e-06,-3.82795e-07,-1
42,2,-3.36351e-06,-7.67358e-07,-1
42,3,-3.15204e-06,-1.1556e-06,-1
42,4,-2.8537e-06,-1.54967e-06,-1
42,5,-2.46658e-06,-1.95188e-06,-1
42,6,-1.9888e-06,-2.3645e-06,-1
42,7,-1.41896e-06,-2.78917e-06,-1
42,8,-7.56813e-07,-3.22601e-06,-1
42,9,-4.31262e-09,-3.67216e-06,-1
42,10,8.32808e-07,-4.11983e-06,-1
42,11,1.74259e-06,-4.55361e-06,-1
42,12,2.7032e-06,-4.94749e-06,-1
42,13,3.67801e-06,-5.26187e-06,-1
42,14,4.60984e-06,-5.44236e-06,-1
42,15,5.41652e-06,-5.42278e-06,-0.999999
42,16,5.99213e-06,-5.1349e-06,-0.999998
42,17,6.21471e-06,-4.52496e-06,-0.999991
42,18,5.96356e-06,-3.57158e-06,-0.999963
42,19,5.16623e-06,-2.31232e-06,-0.999855
42,20,3.967e-06,-9.64005e-07,-0.999483
42,21,2.84467e-06,-2.36638e-08,-0.998322
42,22,2.12596e-06,2.33031e-07,-0.994658
42,23,1.6087e-06,1.19702e-07,-0.981731
42,24,9.40838e-07,3.65555e-08,-0.932442
42,25,5.13397e-07,-3.41959e-09,-0.755143
42,26,3.36971e-07,-1.55458e-08,-0.279391
42,27,1.79612e-07,-7.87871e-09,0.387783
42,28,1.1661e-07,4.69493e-09,0.801103
42,29,8.81308e-08,1.72311e-08,0.945757
42,30,3.91257e-08,2.66638e-08,0.985894
42,31,-2.92732e-08,2.94639e-08,0.996349
42,32,-8.24299e-08,2.46563e-08,0.999048
42,33,-9.45404e-08,1.55385e-08,0.999749
42,34,-7.37845e-08,6.81291e-09,0.999933
42,35,-4.76541e-08,9.15911e-10,0.999982
42,36,-3.36686e-08,-2.53895e-09,0.999995
42,37,-3.08299e-08,-4.97492e-09,0.999999
42,38,-3.06409e-08,-7.23614e-09,1
42,39,-2.81088e-08,-9.33715e-09,1
42,40,-2.30377e-08,-1.09752e-08,1
42,41,-1.70647e-08,-1.19378e-08,1
42,42,-1.22418e-08,-1.22418e-08,1
42,43,-8.04728e-09,-1.19991e-08,1
42,44,-3.68123e-09,-1.12351e-08,1
42,45,-4.27096e-10,-1.00065e-08,1
42,46,1.82819e-09,-8.44438e-09,1
42,47,3.97862e-09,-6.61544e-09,1
42,48,5.75077e-09,-4.54718e-09,1
42,49,6.72229e-09,-2.31147e-09,1
42,50,6.99832e-09,-1.07932e-15,1
42,51,6.72229e-09,2.31147e-09,1
42,52,5.75077e-09,4.54718e-09,1
42,53,3.97862e-09,6.61544e-09,1
42,54,1.82819e-09,8.44438e-09,1
42,55,-4.27095e-10,1.00065e-08,1
42,56,-3.68123e-09,1.12351e-08,1
42,57,-8.04728e-09,1.19991e-08,1
42,58,-1.22418e-08,1.22418e-08,1
42,59,-1.70647e-08,1.19378e-08,1
42,60,-2.30377e-08,1.09752e-08,1
42,61,-2.81088e-08,9.33715e-09,1
42,62,-3.06409e-08,7.23614e-09,1
42,63,-3.08299e-08,4.97492e-09,0.999999
42,64,-3.36686e-08,2.53894e-09,0.999995
42,65,-4.76541e-08,-9.15913e-10,0.999982
42,66,-7.37845e-08,-6.81291e-09,0.999933
42,67,-9.45404e-08,-1.55385e-08,0.999749
42,68,-8.24299e-08,-2.46563e-08,0.999048
42,69,-2.92732e-08,-2.94639e-08,0.996349
42,70,3.91257e-08,-2.66638e-08,0.985894
42,71,8.81308e-08,-1.72311e-08,0.945757
42,72,1.1661e-07,-4.69493e-09,0.801103
42,73,1.79612e-07,7.87871e-09,0.387783
42,74,3.36971e-07,1.55458e-08,-0.279391
42,75,5.13397e-07,3.41959e-09,-0.755143
42,76,9.40838e-07,-3.65555e-08,-0.932442
42,77,1.6087e-06,-1.19702e-07,-0.981731
42,78,2.12596e-06,-2.33031e-07,-0.994658
42,79,2.84467e-06,2.36638e-08,-0.998322
42,80,3.967e-06,9.64005e-07,-0.999483
42,81,5.16623e-06,2.31232e-06,-0.999855
42,82,5.96356e-06,3.57158e-06,-0.999963
42,83,6.21471e-06,4.52496e-06,-0.999991
42,84,5.99213e-06,5.1349e-06,-0.999998
42,85,5.41652e-06,5.42278e-06,-0.999999
42,86,4.60984e-06,5.44236e-06,-1
42,87,3.67801e-06,5.26187e-06,-1
42,88,2.7032e-06,4.94749e-06,-1
42,89,1.74259e-06,4.55361e-06,-1
42,90,8.32808e-07,4.11983e-06,-1
42,91,-4.31262e-09,3.67216e-06,-1
42,92,-7.56813e-07,3.22601e-06,-1
42,93,-1.41896e-06,2.78917e-06,-1
42,94,-1.9888e-06,2.3645e-06,-1
42,95,-2.46658e-06,1.95188e-06,-1
42,96,-2.8537e-06,1.54967e-06,-1
42,97,-3.15204e-06,1.1556e-06,-1
42,98,-3.36351e-06,7.67358e-07,-1
42,99,-3.4897e-06,3.82795e-07,-1
43,0,-3.13955e-06,-8.93797e-15,-1
43,1,-3.09745e-06,-4.01165e-07,-1
43,2,-2.9707e-06,-8.01151e-07,-1
43,3,-2.7581e-06,-1.19888e-06,-1
43,4,-2.4579e-06,-1.5934e-06,-1
43,5,-2.06821e-06,-1.98378e-06,-1
43,6,-1.58756e-06,-2.36883e-06,-1
43,7,-1.01574e-06,-2.74645e-06,-1
43,8,-3.54912e-07,-3.11267e-06,-1
43,9,3.88899e-07,-3.46028e-06,-1
43,10,1.2037e-06,-3.77705e-06,-1
43,11,2.06882e-06,-4.04372e-06,-1
43,12,2.95148e-06,-4.23229e-06,-1
43,13,3.80326e-06,-4.30556e-06,-1
43,14,4.55769e-06,-4.21907e-06,-1
43,15,5.13093e-06,-3.92671e-06,-0.999999
43,16,5.42815e-06,-3.3893e-06,-0.999997
43,17,5.35622e-06,-2.58482e-06,-0.999988
43,18,4.84511e-06,-1.52829e-06,-0.999949
43,19,3.91413e-06,-3.42367e-07,-0.999802
43,20,2.82605e-06,6.01484e-07,-0.999303
43,21,1.99821e-06,8.62827e-07,-0.997751
43,22,1.51482e-06,5.66873e-07,-0.992683
43,23,1.14094e-06,2.23074e-07,-0.97401
43,24,6.10905e-07,7.39647e-08,-0.901565
43,25,3.60353e-07,1.49431e-08,-0.650439
43,26,2.58931e-07,-2.9779e-09,-0.0677688
43,27,1.41044e-07,2.0553e-09,0.563853
43,28,1.01196e-07,1.48221e-08,0.872147
43,29,7.87347e-08,2.75422e-08,0.966883
43,30,3.4197e-08,3.7018e-08,0.991672
43,31,-2.62677e-08,3.94866e-08,0.997908
43,32,-7.30741e-08,3.4133e-08,0.999471
43,33,-8.38831e-08,2.44741e-08,0.999865
43,34,-6.58019e-08,1.52112e-08,0.999965
43,35,-4.29782e-08,8.77833e-09,0.999991
43,36,-3.07513e-08,4.79318e-09,0.999998
43,37,-2.82652e-08,1.83165e-09,0.999999
43,38,-2.80971e-08,-9.52315e-10,1
43,39,-2.58817e-08,-3.57497e-09,1
43,40,-2.14449e-08,-5.7348e-09,1
43,41,-1.62199e-08,-7.21998e-09,1
43,42,-1.19991e-08,-8.04728e-09,1
43,43,-8.32779e-09,-8.32779e-09,1
43,44,-4.50864e-09,-8.08756e-09,1
43,45,-1.66085e-09,-7.38321e-09,1
43,46,3.13347e-10,-6.34546e-09,1
43,47,2.19473e-09,-5.04097e-09,1
43,48,3.74516e-09,-3.49744e-09,1
43,49,4.59541e-09,-1.7866e-09,1
43,50,4.83704e-09,-6.22703e-16,1
43,51,4.5954e-09,1.7866e-09,1
43,52,3.74516e-09,3.49744e-09,1
43,53,2.19473e-09,5.04097e-09,1
43,54,3.13348e-10,6.34545e-09,1
43,55,-1.66085e-09,7.3832e-09,1
43,56,-4.50864e-09,8.08756e-09,1
43,57,-8.32779e-09,8.32779e-09,1
43,58,-1.19991e-08,8.04728e-09,1
43,59,-1.62199e-08,7.21998e-09,1
43,60,-2.14449e-08,5.7348e-09,1
43,61,-2.58817e-08,3.57497e-09,1
43,62,-2.80971e-08,9.52314e-10,1
43,63,-2.82652e-08,-1.83165e-09,0.999999
43,64,-3.07513e-08,-4.79319e-09,0.999998
43,65,-4.29782e-08,-8.77833e-09,0.999991
43,66,-6.58019e-08,-1.52112e-08,0.999965
43,67,-8.38831e-08,-2.44741e-08,0.999865
43,68,-7.30741e-08,-3.4133e-08,0.999471
43,69,-2.62677e-08,-3.94866e-08,0.997908
43,70,3.4197e-08,-3.7018e-08,0.991672
43,71,7.87347e-08,-2.75422e-08,0.966883
43,72,1.01196e-07,-1.48221e-08,0.872147
43,73,1.41044e-07,-2.0553e-09,0.563853
43,74,2.58931e-07,2.9779e-09,-0.0677688
43,75,3.60353e-07,-1.49431e-08,-0.650439
43,76,6.10905e-07,-7.39647e-08,-0.901565
43,77,1.14094e-06,-2.23074e-07,-0.97401
43,78,1.51482e-06,-5.66873e-07,-0.992683
43,79,1.99821e-06,-8.62827e-07,-0.997751
43,80,2.82605e-06,-6.01484e-07,-0.999303
43,81,3.91413e-06,3.42367e-07,-0.999802
43,82,4.84511e-06,1.52829e-06,-0.999949
43,83,5.35622e-06,2.58482e-06,-0.999988
43,84,5.42815e-06,3.3893e-06,-0.999997
43,85,5.13093e-06,3.92671e-06,-0.999999
43,86,4.55769e-06,4.21907e-06,-1
43,87,3.80326e-06,4.30556e-06,-1
43,88,2.95148e-06,4.23229e-06,-1
43,89,2.06882e-06,4.04372e-06,-1
43,90,1.2037e-06,3.77705e-06,-1
43,91,3.88899e-07,3.46028e-06,-1
43,92,-3.54912e-07,3.11267e-06,-1
43,93,-1.01574e-06,2.74645e-06,-1
43,94,-1.58756e-06,2.36883e-06,-1
43,95,-2.06821e-06,1.98378e-06,-1
43,96,-2.4579e-06,1.5934e-06,-1
43,97,-2.7581e-06,1.19888e-06,-1
43,98,-2.9707e-06,8.01151e-07,-1
43,99,-3.09745e-06,4.01165e-07,-1
44,0,-2.72933e-06,-9.21598e-15,-1
44,1,-2.68863e-06,-4.18157e-07,-1
44,2,-2.56606e-06,-8.31819e-07,-1
44,3,-2.36034e-06,-1.23652e-06,-1
44,4,-2.06967e-06,-1.62783e-06,-1
44,5,-1.69235e-06,-2.00116e-06,-1
44,6,-1.22754e-06,-2.35152e-06,-1
44,7,-6.76407e-07,-2.67291e-06,-1
44,8,-4.35925e-08,-2.95753e-06,-1
44,9,6.60977e-07,-3.19466e-06,-1
44,10,1.41986e-06,-3.36951e-06,-1
44,11,2.20562e-06,-3.46226e-06,-1
44,12,2.97844e-06,-3.44793e-06,-1
44,13,3.68462e-06,-3.29787e-06,-1
44,14,4.25694e-06,-2.98354e-06,-1
44,15,4.61815e-06,-2.48229e-06,-0.999999
44,16,4.68821e-06,-1.78412e-06,-0.999996
44,17,4.39921e-06,-9.00166e-07,-0.999984
44,18,3.72904e-06,1.11598e-07,-0.999933
44,19,2.79095e-06,1.05858e-06,-0.999741
44,20,1.91218e-06,1.53097e-06,-0.9991
44,21,1.36864e-06,1.27469e-06,-0.997096
44,22,1.06476e-06,6.79355e-07,-0.990319
44,23,8.01574e-07,2.5372e-07,-0.964454
44,24,3.96691e-07,8.5024e-08,-0.863515
44,25,2.60594e-07,2.47102e-08,-0.531536
44,26,2.03725e-07,8.83781e-09,0.12435
44,27,1.12449e-07,1.32513e-08,0.686133
44,28,8.77615e-08,2.57461e-08,0.914475
44,29,6.84477e-08,3.86032e-08,0.978681
44,30,2.91092e-08,4.80041e-08,0.994788
44,31,-2.3029e-08,4.99912e-08,0.998726
44,32,-6.33903e-08,4.40639e-08,0.999687
44,33,-7.27709e-08,3.38375e-08,0.999923
44,34,-5.73228e-08,2.40055e-08,0.999981
44,35,-3.77877e-08,1.70076e-08,0.999995
44,36,-2.73118e-08,1.24618e-08,0.999999
44,37,-2.51787e-08,8.94395e-09,1
44,38,-2.50325e-08,5.60811e-09,1
44,39,-2.31337e-08,2.43587e-09,1
44,40,-1.9331e-08,-2.72676e-10,1
44,41,-1.48535e-08,-2.30615e-09,1
44,42,-1.12351e-08,-3.68123e-09,1
44,43,-8.08756e-09,-4.50864e-09,1
44,44,-4.81489e-09,-4.81489e-09,1
44,45,-2.37365e-09,-4.65679e-09,1
44,46,-6.80899e-10,-4.16474e-09,1
44,47,9.31516e-10,-3.40559e-09,1
44,48,2.26029e-09,-2.4073e-09,1
44,49,2.98918e-09,-1.24159e-09,1
44,50,3.19638e-09,4.05196e-17,1
44,51,2.98918e-09,1.24159e-09,1
44,52,2.26029e-09,2.4073e-09,1
44,53,9.31515e-10,3.40559e-09,1
44,54,-6.80899e-10,4.16474e-09,1
44,55,-2.37365e-09,4.65679e-09,1
44,56,-4.81489e-09,4.81489e-09,1
44,57,-8.08756e-09,4.50864e-09,1
44,58,-1.12351e-08,3.68123e-09,1
44,59,-1.48535e-08,2.30615e-09,1
44,60,-1.9331e-08,2.72676e-10,1
44,61,-2.31337e-08,-2.43587e-09,1
44,62,-2.50325e-08,-5.60811e-09,1
44,63,-2.51787e-08,-8.94395e-09,1
44,64,-2.73118e-08,-1.24618e-08,0.999999
44,65,-3.77877e-08,-1.70076e-08,0.999995
44,66,-5.73228e-08,-2.40055e-08,0.999981
44,67,-7.27709e-08,-3.38375e-08,0.999923
44,68,-6.33903e-08,-4.40639e-08,0.999687
44,69,-2.3029e-08,-4.99912e-08,0.998726
44,70,2.91092e-08,-4.80041e-08,0.994788
44,71,6.84477e-08,-3.86032e-08,0.978681
44,72,8.77615e-08,-2.57461e-08,0.914475
44,73,1.12449e-07,-1.32513e-08,0.686133
44,74,2.03725e-07,-8.83781e-09,0.12435
44,75,2.60594e-07,-2.47102e-08,-0.531536
44,76,3.96691e-07,-8.5024e-08,-0.863515
44,77,8.01574e-07,-2.5372e-07,-0.964454
44,78,1.06476e-06,-6.79355e-07,-0.990319
44,79,1.36864e-06,-1.27469e-06,-0.997096
44,80,1.91218e-06,-1.53097e-06,-0.9991
44,81,2.79095e-06,-1.05858e-06,-0.999741
44,82,3.72904e-06,-1.11598e-07,-0.999933
44,83,4.39921e-06,9.00166e-07,-0.999984
44,84,4.68821e-06,1.78412e-06,-0.999996
44,85,4.61815e-06,2.48229e-06,-0.999999
44,86,4.25694e-06,2.98354e-06,-1
44,87,3.68462e-06,3.29787e-06,-1
44,88,2.97844e-06,3.44793e-06,-1
44,89,2.20562e-06,3.46226e-06,-1
44,90,1.41986e-06,3.36951e-06,-1
44,91,6.60977e-07,3.19466e-06,-1
44,92,-4.35925e-08,2.95753e-06,-1
44,93,-6.76407e-07,2.67291e-06,-1
44,94,-1.22754e-06,2.35152e-06,-1
44,95,-1.69235e-06,2.00116e-06,-1
44,96,-2.06967e-06,1.62783e-06,-1
44,97,-2.36034e-06,1.23652e-06,-1
44,98,-2.56606e-06,8.31819e-07,-1
44,99,-2.68863e-06,4.18157e-07,-1
45,0,-2.30249e-06,-9.40364e-15,-1
45,1,-2.26491e-06,-4.33407e-07,-1
45,2,-2.1517e-06,-8.58822e-07,-1
45,3,-1.96157e-06,-1.26822e-06,-1
45,4,-1.69286e-06,-1.65347e-06,-1
45,5,-1.34414e-06,-2.0062e-06,-1
45,6,-9.15273e-07,-2.31754e-06,-1
45,7,-4.08701e-07,-2.57779e-06,-1
45,8,1.68914e-07,-2.77587e-06,-1
45,9,8.04768e-07,-2.89887e-06,-1
45,10,1.4779e-06,-2.93162e-06,-1
45,11,2.15735e-06,-2.8569e-06,-1
45,12,2.80111e-06,-2.65658e-06,-1
45,13,3.35638e-06,-2.31423e-06,-1
45,14,3.76189e-06,-1.81922e-06,-1
45,15,3.95239e-06,-1.17205e-06,-0.999999
45,16,3.86621e-06,-3.90807e-07,-0.999995
45,17,3.46147e-06,4.77741e-07,-0.99998
45,18,2.75672e-06,1.32596e-06,-0.999915
45,19,1.92162e-06,1.90714e-06,-0.999675
45,20,1.26935e-06,1.874e-06,-0.998885
45,21,9.37411e-07,1.24869e-06,-0.996387
45,22,7.48087e-07,5.70302e-07,-0.987659
45,23,5.61603e-07,1.97575e-07,-0.953447
45,24,2.61125e-07,6.26443e-08,-0.820328
45,25,1.9048e-07,1.94112e-08,-0.409207
45,26,1.59178e-07,1.28631e-08,0.282525
45,27,8.99049e-08,2.03737e-08,0.767553
45,28,7.45951e-08,3.3464e-08,0.939866
45,29,5.7484e-08,4.67391e-08,0.985446
45,30,2.41145e-08,5.61034e-08,0.996528
45,31,-1.95608e-08,5.77255e-08,0.999172
45,32,-5.33562e-08,5.13956e-08,0.999802
45,33,-6.12325e-08,4.07594e-08,0.999953
45,34,-4.83943e-08,3.05161e-08,0.999989
45,35,-3.21325e-08,2.3108e-08,0.999997
45,36,-2.34048e-08,1.81528e-08,0.999999
45,37,-2.16255e-08,1.42278e-08,1
45,38,-2.15028e-08,1.04859e-08,1
45,39,-1.99207e-08,6.90819e-09,1
45,40,-1.67523e-08,3.79399e-09,1
45,41,-1.3022e-08,1.35439e-09,1
45,42,-1.00065e-08,-4.27095e-10,1
45,43,-7.3832e-09,-1.66085e-09,1
45,44,-4.65679e-09,-2.37365e-09,1
45,45,-2.62236e-09,-2.62236e-09,1
45,46,-1.21144e-09,-2.53707e-09,1
45,47,1.32001e-10,-2.1847e-09,1
45,48,1.23913e-09,-1.59334e-09,1
45,49,1.84658e-09,-8.34618e-10,1
45,50,2.01929e-09,1.43373e-16,1
45,51,1.84658e-09,8.34618e-10,1
45,52,1.23913e-09,1.59334e-09,1
45,53,1.32e-10,2.1847e-09,1
45,54,-1.21144e-09,2.53707e-09,1
45,55,-2.62236e-09,2.62236e-09,1
45,56,-4.65678e-09,2.37365e-09,1
45,57,-7.3832e-09,1.66085e-09,1
45,58,-1.00065e-08,4.27096e-10,1
45,59,-1.3022e-08,-1.35439e-09,1
45,60,-1.67523e-08,-3.79399e-09,1
45,61,-1.99207e-08,-6.90819e-09,1
45,62,-2.15028e-08,-1.04859e-08,1
45,63,-2.16255e-08,-1.42278e-08,1
45,64,-2.34048e-08,-1.81528e-08,0.999999
45,65,-3.21325e-08,-2.3108e-08,0.999997
45,66,-4.83943e-08,-3.05161e-08,0.999989
45,67,-6.12325e-08,-4.07594e-08,0.999953
45,68,-5.33562e-08,-5.13956e-08,0.999802
45,69,-1.95608e-08,-5.77255e-08,0.999172
45,70,2.41145e-08,-5.61033e-08,0.996528
45,71,5.7484e-08,-4.67391e-08,0.985446
45,72,7.45951e-08,-3.3464e-08,0.939866
45,73,8.99049e-08,-2.03737e-08,0.767553
45,74,1.59178e-07,-1.28631e-08,0.282525
45,75,1.9048e-07,-1.94112e-08,-0.409207
45,76,2.61125e-07,-6.26443e-08,-0.820328
45,77,5.61603e-07,-1.97575e-07,-0.953447
45,78,7.48087e-07,-5.70302e-07,-0.987659
45,79,9.37411e-07,-1.24869e-06,-0.996387
45,80,1.26935e-06,-1.874e-06,-0.998885
45,81,1.92162e-06,-1.90714e-06,-0.999675
45,82,2.75672e-06,-1.32596e-06,-0.999915
45,83,3.46147e-06,-4.77741e-07,-0.99998
45,84,3.86621e-06,3.90807e-07,-0.999995
45,85,3.95238e-06,1.17205e-06,-0.999999
45,86,3.76189e-06,1.81922e-06,-1
45,87,3.35638e-06,2.31423e-06,-1
45,88,2.80111e-06,2.65658e-06,-1
45,89,2.15735e-06,2.8569e-06,-1
45,90,1.4779e-06,2.93162e-06,-1
45,91,8.04768e-07,2.89887e-06,-1
45,92,1.68914e-07,2.77587e-06,-1
45,93,-4.08701e-07,2.57779e-06,-1
45,94,-9.15273e-07,2.31754e-06,-1
45,95,-1.34414e-06,2.0062e-06,-1
45,96,-1.69286e-06,1.65347e-06,-1
45,97,-1.96157e-06,1.26822e-06,-1
45,98,-2.1517e-06,8.58822e-07,-1
45,99,-2.26491e-06,4.33407e-07,-1
46,0,-1.86097e-06,-9.60519e-15,-1
46,1,-1.82825e-06,-4.46532e-07,-1
46,2,-1.72965e-06,-8.81648e-07,-1
46,3,-1.56401e-06,-1.29382e-06,-1
46,4,-1.32986e-06,-1.67133e-06,-1
46,5,-1.02616e-06,-2.0021e-06,-1
46,6,-6.53343e-07,-2.27367e-06,-1
46,7,-2.14687e-07,-2.47305e-06,-1
46,8,2.82074e-07,-2.58676e-06,-1
46,9,8.22979e-07,-2.60097e-06,-1
46,10,1.38624e-06,-2.50204e-06,-1
46,11,1.94117e-06,-2.27765e-06,-1
46,12,2.4482e-06,-1.91865e-06,-1
46,13,2.8604e-06,-1.42198e-06,-1
46,14,3.1269e-06,-7.94308e-07,-1
46,15,3.19802e-06,-5.6632e-08,-0.999999
46,16,3.03371e-06,7.49467e-07,-0.999994
46,17,2.6198e-06,1.54856e-06,-0.999975
46,18,2.00333e-06,2.19516e-06,-0.999898
46,19,1.35219e-06,2.41947e-06,-0.99961
46,20,8.95126e-07,1.98609e-06,-0.998673
46,21,6.79816e-07,1.14652e-06,-0.99567
46,22,5.38981e-07,4.70034e-07,-0.984883
46,23,3.9541e-07,1.56631e-07,-0.94179
46,24,1.76528e-07,4.71436e-08,-0.775591
46,25,1.39231e-07,1.46368e-08,-0.295153
46,26,1.20624e-07,1.40984e-08,0.403138
46,27,7.03748e-08,2.45544e-08,0.820523
46,28,6.08153e-08,3.85621e-08,0.95526
46,29,4.61053e-08,5.23431e-08,0.989418
46,30,1.91832e-08,6.16729e-08,0.997526
46,31,-1.5942e-08,6.30519e-08,0.999423
46,32,-4.30613e-08,5.6452e-08,0.999865
46,33,-4.93953e-08,4.55362e-08,0.999969
46,34,-3.91471e-08,3.50135e-08,0.999993
46,35,-2.61466e-08,2.73247e-08,0.999998
46,36,-1.91656e-08,2.20882e-08,1
46,37,-1.77402e-08,1.78829e-08,1
46,38,-1.76412e-08,1.38617e-08,1
46,39,-1.63754e-08,1.00046e-08,1
46,40,-1.38408e-08,6.61066e-09,1
46,41,-1.08571e-08,3.89062e-09,1
46,42,-8.44438e-09,1.82819e-09,1
46,43,-6.34546e-09,3.13347e-10,1
46,44,-4.16474e-09,-6.80899e-10,1
46,45,-2.53707e-09,-1.21144e-09,1
46,46,-1.40807e-09,-1.40807e-09,1
46,47,-3.33413e-10,-1.33775e-09,1
46,48,5.52215e-10,-1.02863e-09,1
46,49,1.03822e-09,-5.52257e-10,1
46,50,1.17643e-09,-3.28554e-17,1
46,51,1.03822e-09,5.52257e-10,1
46,52,5.52215e-10,1.02863e-09,1
46,53,-3.33413e-10,1.33775e-09,1
46,54,-1.40807e-09,1.40807e-09,1
46,55,-2.53707e-09,1.21144e-09,1
46,56,-4.16474e-09,6.80899e-10,1
46,57,-6.34545e-09,-3.13347e-10,1
46,58,-8.44438e-09,-1.82819e-09,1
46,59,-1.08571e-08,-3.89062e-09,1
46,60,-1.38408e-08,-6.61066e-09,1
46,61,-1.63754e-08,-1.00046e-08,1
46,62,-1.76412e-08,-1.38617e-08,1
46,63,-1.77402e-08,-1.78829e-08,1
46,64,-1.91656e-08,-2.20882e-08,1
46,65,-2.61466e-08,-2.73247e-08,0.999998
46,66,-3.91471e-08,-3.50135e-08,0.999993
46,67,-4.93953e-08,-4.55362e-08,0.999969
46,68,-4.30613e-08,-5.6452e-08,0.999865
46,69,-1.5942e-08,-6.30519e-08,0.999423
46,70,1.91832e-08,-6.16729e-08,0.997526
46,71,4.61053e-08,-5.23431e-08,0.989418
46,72,6.08153e-08,-3.85621e-08,0.95526
46,73,7.03748e-08,-2.45545e-08,0.820523
46,74,1.20624e-07,-1.40984e-08,0.403138
46,75,1.39231e-07,-1.46368e-08,-0.295153
46,76,1.76528e-07,-4.71436e-08,-0.775591
46,77,3.9541e-07,-1.56631e-07,-0.94179
46,78,5.38981e-07,-4.70034e-07,-0.984883
46,79,6.79816e-07,-1.14652e-06,-0.99567
46,80,8.95126e-07,-1.98609e-06,-0.998673
46,81,1.35219e-06,-2.41947e-06,-0.99961
46,82,2.00333e-06,-2.19516e-06,-0.999898
46,83,2.6198e-06,-1.54856e-06,-0.999975
46,84,3.03371e-06,-7.49467e-07,-0.999994
46,85,3.19802e-06,5.6632e-08,-0.999999
46,86,3.1269e-06,7.94308e-07,-1
46,87,2.8604e-06,1.42198e-06,-1
46,88,2.4482e-06,1.91865e-06,-1
46,89,1.94117e-06,2.27765e-06,-1
46,90,1.38624e-06,2.50204e-06,-1
46,91,8.22979e-07,2.60097e-06,-1
46,92,2.82074e-07,2.58676e-06,-1
46,93,-2.14687e-07,2.47305e-06,-1
46,94,-6.53343e-07,2.27367e-06,-1
46,95,-1.02616e-06,2.0021e-06,-1
46,96,-1.32986e-06,1.67133e-06,-1
46,97,-1.56401e-06,1.29382e-06,-1
46,98,-1.72965e-06,8.81648e-07,-1
46,99,-1.82825e-06,4.46532e-07,-1
47,0,-1.4071e-06,-9.84845e-15,-1
47,1,-1.38088e-06,-4.57172e-07,-1
47,2,-1.30184e-06,-8.99855e-07,-1
47,3,-1.16903e-06,-1.31339e-06,-1
47,4,-9.81279e-07,-1.68281e-06,-1
47,5,-7.37916e-07,-1.99281e-06,-1
47,6,-4.39698e-07,-2.22781e-06,-1
47,7,-9.00563e-08,-2.37221e-06,-1
47,8,3.03488e-07,-2.41095e-06,-1
47,9,7.27906e-07,-2.33035e-06,-1
47,10,1.16353e-06,-2.11944e-06,-1
47,11,1.58359e-06,-1.77171e-06,-1
47,12,1.95489e-06,-1.28742e-06,-1
47,13,2.2399e-06,-6.76153e-07,-1
47,14,2.40049e-06,4.05528e-08,-1
47,15,2.40407e-06,8.25963e-07,-0.999998
47,16,2.23112e-06,1.62275e-06,-0.999993
47,17,1.88697e-06,2.34377e-06,-0.999971
47,18,1.42276e-06,2.8379e-06,-0.999881
47,19,9.61535e-07,2.84458e-06,-0.999551
47,20,6.45038e-07,2.18812e-06,-0.99848
47,21,4.91909e-07,1.20793e-06,-0.995007
47,22,3.79384e-07,4.84899e-07,-0.982253
47,23,2.70226e-07,1.64329e-07,-0.930647
47,24,1.19084e-07,5.0115e-08,-0.7339
47,25,9.91614e-08,1.71657e-08,-0.199103
47,26,8.65966e-08,1.75837e-08,0.489188
47,27,5.21984e-08,2.91914e-08,0.854263
47,28,4.62618e-08,4.3776e-08,0.964609
47,29,3.45582e-08,5.78605e-08,0.991774
47,30,1.43003e-08,6.70523e-08,0.998108
47,31,-1.21722e-08,6.81866e-08,0.999566
47,32,-3.25444e-08,6.13166e-08,0.999901
47,33,-3.73147e-08,5.01271e-08,0.999977
47,34,-2.96402e-08,3.93318e-08,0.999995
47,35,-1.98939e-08,3.1369e-08,0.999999
47,36,-1.46588e-08,2.58584e-08,1
47,37,-1.35884e-08,2.13812e-08,1
47,38,-1.35134e-08,1.70898e-08,1
47,39,-1.25638e-08,1.29632e-08,1
47,40,-1.06629e-08,9.29984e-09,1
47,41,-8.42523e-09,6.31039e-09,1
47,42,-6.61544e-09,3.97862e-09,1
47,43,-5.04097e-09,2.19473e-09,1
47,44,-3.40559e-09,9.31516e-10,1
47,45,-2.1847e-09,1.32001e-10,1
47,46,-1.33775e-09,-3.33413e-10,1
47,47,-5.31767e-10,-5.31767e-10,1
47,48,1.32438e-10,-4.91336e-10,1
47,49,4.96988e-10,-2.83629e-10,1
47,50,6.00675e-10,1.32393e-16,1
47,51,4.96988e-10,2.8363e-10,1
47,52,1.32438e-10,4.91336e-10,1
47,53,-5.31768e-10,5.31767e-10,1
47,54,-1.33775e-09,3.33413e-10,1
47,55,-2.1847e-09,-1.32001e-10,1
47,56,-3.40559e-09,-9.31516e-10,1
47,57,-5.04097e-09,-2.19473e-09,1
47,58,-6.61544e-09,-3.97862e-09,1
47,59,-8.42523e-09,-6.31039e-09,1
47,60,-1.06629e-08,-9.29984e-09,1
47,61,-1.25638e-08,-1.29632e-08,1
47,62,-1.35134e-08,-1.70898e-08,1
47,63,-1.35884e-08,-2.13812e-08,1
47,64,-1.46588e-08,-2.58584e-08,1
47,65,-1.98939e-08,-3.1369e-08,0.999999
47,66,-2.96402e-08,-3.93318e-08,0.999995
47,67,-3.73147e-08,-5.01271e-08,0.999977
47,68,-3.25444e-08,-6.13166e-08,0.999901
47,69,-1.21722e-08,-6.81866e-08,0.999566
47,70,1.43003e-08,-6.70523e-08,0.998108
47,71,3.45582e-08,-5.78605e-08,0.991774
47,72,4.62618e-08,-4.3776e-08,0.964609
47,73,5.21984e-08,-2.91914e-08,0.854263
47,74,8.65966e-08,-1.75837e-08,0.489188
47,75,9.91614e-08,-1.71657e-08,-0.199103
47,76,1.19084e-07,-5.0115e-08,-0.7339
47,77,2.70226e-07,-1.64329e-07,-0.930647
47,78,3.79384e-07,-4.84899e-07,-0.982253
47,79,4.91909e-07,-1.20793e-06,-0.995007
47,80,6.45038e-07,-2.18812e-06,-0.99848
47,81,9.61535e-07,-2.84458e-06,-0.999551
47,82,1.42276e-06,-2.8379e-06,-0.999881
47,83,1.88697e-06,-2.34377e-06,-0.999971
47,84,2.23112e-06,-1.62275e-06,-0.999993
47,85,2.40407e-06,-8.25963e-07,-0.999998
47,86,2.40049e-06,-4.05528e-08,-1
47,87,2.2399e-06,6.76153e-07,-1
47,88,1.95489e-06,1.28742e-06,-1
47,89,1.58359e-06,1.77171e-06,-1
47,90,1.16353e-06,2.11944e-06,-1
47,91,7.27906e-07,2.33035e-06,-1
47,92,3.03488e-07,2.41095e-06,-1
47,93,-9.00563e-08,2.37221e-06,-1
47,94,-4.39698e-07,2.22781e-06,-1
47,95,-7.37916e-07,1.99281e-06,-1
47,96,-9.81279e-07,1.68281e-06,-1
47,97,-1.16903e-06,1.31339e-06,-1
47,98,-1.30184e-06,8.99855e-07,-1
47,99,-1.38088e-06,4.57172e-07,-1
48,0,-9.43598e-07,-9.91795e-15,-1
48,1,-9.2526e-07,-4.65015e-07,-1
48,2,-8.69987e-07,-9.13097e-07,-1
48,3,-7.77095e-07,-1.32709e-06,-1
48,4,-6.45786e-07,-1.68949e-06,-1
48,5,-4.75676e-07,-1.98242e-06,-1
48,6,-2.67526e-07,-2.18793e-06,-1
48,7,-2.41785e-08,-2.28857e-06,-1
48,8,2.48413e-07,-2.26838e-06,-1
48,9,5.40196e-07,-2.11437e-06,-1
48,10,8.36317e-07,-1.8184e-06,-1
48,11,1.11702e-06,-1.37943e-06,-1
48,12,1.35848e-06,-8.0585e-07,-1
48,13,1.53478e-06,-1.17465e-07,-1
48,14,1.62135e-06,6.52777e-07,-1
48,15,1.60063e-06,1.45787e-06,-0.999998
48,16,1.46668e-06,2.23595e-06,-0.999993
48,17,1.22836e-06,2.90233e-06,-0.999968
48,18,9.1794e-07,3.31182e-06,-0.999868
48,19,6.11969e-07,3.19876e-06,-0.999503
48,20,4.05622e-07,2.39276e-06,-0.998326
48,21,3.10192e-07,1.28993e-06,-0.994467
48,22,2.37162e-07,5.10028e-07,-0.980069
48,23,1.66888e-07,1.73316e-07,-0.921361
48,24,7.42447e-08,5.39232e-08,-0.699993
48,25,6.44861e-08,2.06681e-08,-0.127454
48,26,5.59866e-08,2.12726e-08,0.545852
48,27,3.46312e-08,3.32834e-08,0.874842
48,28,3.11363e-08,4.82073e-08,0.970134
48,29,2.30112e-08,6.24441e-08,0.993144
48,30,9.49115e-09,7.14834e-08,0.998442
48,31,-8.22475e-09,7.24155e-08,0.999648
48,32,-2.18157e-08,6.53207e-08,0.999921
48,33,-2.50066e-08,5.39071e-08,0.999982
48,34,-1.98952e-08,4.28874e-08,0.999996
48,35,-1.33996e-08,3.46996e-08,0.999999
48,36,-9.9101e-09,2.89648e-08,1
48,37,-9.19601e-09,2.4264e-08,1
48,38,-9.14572e-09,1.975e-08,1
48,39,-8.51265e-09,1.54012e-08,1
48,40,-7.24542e-09,1.15159e-08,1
48,41,-5.75377e-09,8.30447e-09,1
48,42,-4.54718e-09,5.75077e-09,1
48,43,-3.49744e-09,3.74516e-09,1
48,44,-2.4073e-09,2.26029e-09,1
48,45,-1.59334e-09,1.23913e-09,1
48,46,-1.02863e-09,5.52216e-10,1
48,47,-4.91336e-10,1.32439e-10,1
48,48,-4.85539e-11,-4.8553e-11,1
48,49,1.94493e-10,-6.22524e-11,1
48,50,2.63628e-10,7.28078e-16,1
48,51,1.94493e-10,6.22539e-11,1
48,52,-4.85544e-11,4.85546e-11,1
48,53,-4.91337e-10,-1.32438e-10,1
48,54,-1.02863e-09,-5.52214e-10,1
48,55,-1.59334e-09,-1.23913e-09,1
48,56,-2.4073e-09,-2.26029e-09,1
48,57,-3.49744e-09,-3.74516e-09,1
48,58,-4.54718e-09,-5.75077e-09,1
48,59,-5.75377e-09,-8.30447e-09,1
48,60,-7.24542e-09,-1.15159e-08,1
48,61,-8.51265e-09,-1.54012e-08,1
48,62,-9.14572e-09,-1.975e-08,1
48,63,-9.19601e-09,-2.4264e-08,1
48,64,-9.9101e-09,-2.89648e-08,1
48,65,-1.33996e-08,-3.46996e-08,0.999999
48,66,-1.98952e-08,-4.28874e-08,0.999996
48,67,-2.50066e-08,-5.39071e-08,0.999982
48,68,-2.18157e-08,-6.53207e-08,0.999921
48,69,-8.22475e-09,-7.24155e-08,0.999648
48,70,9.49115e-09,-7.14834e-08,0.998442
48,71,2.30112e-08,-6.24441e-08,0.993144
48,72,3.11363e-08,-4.82073e-08,0.970134
48,73,3.46312e-08,-3.32834e-08,0.874842
48,74,5.59866e-08,-2.12726e-08,0.545852
48,75,6.44861e-08,-2.06681e-08,-0.127454
48,76,7.42447e-08,-5.39232e-08,-0.699993
48,77,1.66888e-07,-1.73316e-07,-0.921361
48,78,2.37162e-07,-5.10028e-07,-0.980069
48,79,3.10192e-07,-1.28993e-06,-0.994467
48,80,4.05622e-07,-2.39276e-06,-0.998326
48,81,6.11969e-07,-3.19876e-06,-0.999503
48,82,9.1794e-07,-3.31182e-06,-0.999868
48,83,1.22836e-06,-2.90233e-06,-0.999968
48,84,1.46668e-06,-2.23595e-06,-0.999993
48,85,1.60063e-06,-1.45787e-06,-0.999998
48,86,1.62135e-06,-6.52777e-07,-1
48,87,1.53478e-06,1.17465e-07,-1
48,88,1.35848e-06,8.0585e-07,-1
48,89,1.11702e-06,1.37943e-06,-1
48,90,8.36317e-07,1.8184e-06,-1
48,91,5.40196e-07,2.11437e-06,-1
48,92,2.48413e-07,2.26838e-06,-1
48,93,-2.41785e-08,2.28857e-06,-1
48,94,-2.67526e-07,2.18793e-06,-1
48,95,-4.75676e-07,1.98242e-06,-1
48,96,-6.45786e-07,1.68949e-06,-1
48,97,-7.77095e-07,1.32709e-06,-1
48,98,-8.69987e-07,9.13097e-07,-1
48,99,-9.2526e-07,4.65015e-07,-1
49,0,-4.73481e-07,-9.9249e-15,-1
49,1,-4.64045e-07,-4.69821e-07,-1
49,2,-4.356e-07,-9.21135e-07,-1
49,3,-3.87793e-07,-1.33518e-06,-1
49,4,-3.20219e-07,-1.69281e-06,-1
49,5,-2.32709e-07,-1.97452e-06,-1
49,6,-1.25735e-07,-2.16089e-06,-1
49,7,-9.0058e-10,-2.23336e-06,-1
49,8,1.38508e-07,-2.17555e-06,-1
49,9,2.87023e-07,-1.97515e-06,-1
49,10,4.36666e-07,-1.62615e-06,-1
49,11,5.76952e-07,-1.13136e-06,-1
49,12,6.95429e-07,-5.0473e-07,-1
49,13,7.78955e-07,2.27092e-07,-1
49,14,8.15904e-07,1.02446e-06,-1
49,15,7.9918e-07,1.83635e-06,-0.999998
49,16,7.28035e-07,2.602e-06,-0.999992
49,17,6.06405e-07,3.24116e-06,-0.999966
49,18,4.45864e-07,3.60134e-06,-0.999859
49,19,2.8645e-07,3.39234e-06,-0.999472
49,20,1.84813e-07,2.46259e-06,-0.998225
49,21,1.43806e-07,1.28486e-06,-0.994113
49,22,1.11587e-07,4.94555e-07,-0.978621
49,23,7.88565e-08,1.66516e-07,-0.915189
49,24,3.56492e-08,5.22101e-08,-0.677882
49,25,3.19156e-08,2.1647e-08,-0.0835659
49,26,2.75098e-08,2.30891e-08,0.577817
49,27,1.72923e-08,3.54259e-08,0.885918
49,28,1.56565e-08,5.05943e-08,0.973051
49,29,1.14991e-08,6.49296e-08,0.99386
49,30,4.73659e-09,7.38876e-08,0.998615
49,31,-4.14254e-09,7.47151e-08,0.999689
49,32,-1.09398e-08,6.75001e-08,0.999931
49,33,-1.25388e-08,5.59678e-08,0.999985
49,34,-9.98445e-09,4.48283e-08,0.999997
49,35,-6.73744e-09,3.65195e-08,0.999999
49,36,-4.99293e-09,3.06632e-08,1
49,37,-4.63578e-09,2.5841e-08,1
49,38,-4.61057e-09,2.1206e-08,1
49,39,-4.29407e-09,1.67363e-08,1
49,40,-3.66051e-09,1.27299e-08,1
49,41,-2.91476e-09,9.39728e-09,1
49,42,-2.31147e-09,6.72229e-09,1
49,43,-1.7866e-09,4.59541e-09,1
49,44,-1.24159e-09,2.98918e-09,1
49,45,-8.34618e-10,1.84658e-09,1
49,46,-5.52257e-10,1.03822e-09,1
49,47,-2.8363e-10,4.96988e-10,1
49,48,-6.22532e-11,1.94493e-10,1
49,49,5.92699e-11,5.92698e-11,1
49,50,9.38389e-11,8.14176e-16,1
49,51,5.92691e-11,-5.92681e-11,1
49,52,-6.22538e-11,-1.94492e-10,1
49,53,-2.8363e-10,-4.96987e-10,1
49,54,-5.52257e-10,-1.03822e-09,1
49,55,-8.34617e-10,-1.84658e-09,1
49,56,-1.24159e-09,-2.98918e-09,1
49,57,-1.7866e-09,-4.5954e-09,1
49,58,-2.31147e-09,-6.72229e-09,1
49,59,-2.91476e-09,-9.39727e-09,1
49,60,-3.66051e-09,-1.27299e-08,1
49,61,-4.29407e-09,-1.67363e-08,1
49,62,-4.61057e-09,-2.1206e-08,1
49,63,-4.63578e-09,-2.5841e-08,1
49,64,-4.99293e-09,-3.06632e-08,1
49,65,-6.73744e-09,-3.65195e-08,0.999999
49,66,-9.98445e-09,-4.48283e-08,0.999997
49,67,-1.25388e-08,-5.59678e-08,0.999985
49,68,-1.09398e-08,-6.75001e-08,0.999931
49,69,-4.14254e-09,-7.47151e-08,0.999689
49,70,4.73659e-09,-7.38876e-08,0.998615
49,71,1.14991e-08,-6.49296e-08,0.99386
49,72,1.56565e-08,-5.05942e-08,0.973051
49,73,1.72923e-08,-3.54259e-08,0.885918
49,74,2.75098e-08,-2.30891e-08,0.577817
49,75,3.19156e-08,-2.1647e-08,-0.0835659
49,76,3.56492e-08,-5.221e-08,-0.677882
49,77,7.88565e-08,-1.66516e-07,-0.915189
49,78,1.11587e-07,-4.94555e-07,-0.978621
49,79,1.43806e-07,-1.28486e-06,-0.994113
49,80,1.84813e-07,-2.46259e-06,-0.998225
49,81,2.8645e-07,-3.39234e-06,-0.999472
49,82,4.45864e-07,-3.60134e-06,-0.999859
49,83,6.06405e-07,-3.24116e-06,-0.999966
49,84,7.28035e-07,-2.602e-06,-0.999992
49,85,7.9918e-07,-1.83635e-06,-0.999998
49,86,8.15904e-07,-1.02446e-06,-1
49,87,7.78955e-07,-2.27092e-07,-1
49,88,6.95429e-07,5.0473e-07,-1
49,89,5.76952e-07,1.13136e-06,-1
49,90,4.36666e-07,1.62615e-06,-1
49,91,2.87023e-07,1.97515e-06,-1
49,92,1.38508e-07,2.17555e-06,-1
49,93,-9.00573e-10,2.23336e-06,-1
49,94,-1.25735e-07,2.16089e-06,-1
49,95,-2.32709e-07,1.97452e-06,-1
49,96,-3.20219e-07,1.69281e-06,-1
49,97,-3.87793e-07,1.33518e-06,-1
49,98,-4.356e-07,9.21135e-07,-1
49,99,-4.64045e-07,4.69821e-07,-1
50,0,5.49067e-16,-9.911e-15,-1
50,1,-6.95021e-17,-4.7144e-07,-1
50,2,-6.32469e-16,-9.23829e-07,-1
50,3,-1.07728e-15,-1.33785e-06,-1
50,4,-1.42479e-15,-1.69379e-06,-1
50,5,-1.6333e-15,-1.9716e-06,-1
50,6,-1.76535e-15,-2.15134e-06,-1
50,7,-1.77925e-15,-2.21408e-06,-1
50,8,-1.47344e-15,-2.14334e-06,-1
50,9,-9.03528e-16,-1.92708e-06,-1
50,10,-2.43257e-16,-1.56008e-06,-1
50,11,5.97717e-16,-1.04652e-06,-1
50,12,1.53598e-15,-4.02359e-07,-1
50,13,2.34906e-15,3.43366e-07,-1
50,14,2.99493e-15,1.14886e-06,-1
50,15,3.24977e-15,1.96231e-06,-0.999998
50,16,2.3814e-15,2.72436e-06,-0.999992
50,17,1.57127e-16,3.35568e-06,-0.999965
50,18,-3.70932e-15,3.6961e-06,-0.999856
50,19,-8.57293e-15,3.44289e-06,-0.999462
50,20,-9.67915e-15,2.46199e-06,-0.998191
50,21,-8.00834e-15,1.26353e-06,-0.993989
50,22,-6.30195e-15,4.79825e-07,-0.978113
50,23,-4.83589e-15,1.60778e-07,-0.913024
50,24,-1.34828e-15,5.04895e-08,-0.670206
50,25,1.7227e-15,2.15693e-08,-0.0688221
50,26,1.15347e-15,2.34986e-08,0.588126
50,27,-2.18608e-15,3.59869e-08,0.889411
50,28,-2.66524e-15,5.12532e-08,0.973962
50,29,1.21194e-15,6.56277e-08,0.994082
50,30,2.86812e-15,7.4565e-08,0.998669
50,31,9.02675e-16,7.53644e-08,0.999702
50,32,-5.79284e-16,6.81158e-08,0.999934
50,33,-8.00404e-16,5.65506e-08,0.999985
50,34,-9.00109e-16,4.53776e-08,0.999997
50,35,-1.39569e-17,3.7035e-08,0.999999
50,36,1.67642e-15,3.11445e-08,1
50,37,2.10581e-15,2.62882e-08,1
50,38,-3.28886e-16,2.1619e-08,1
50,39,-2.21074e-15,1.71151e-08,1
50,40,-7.13309e-16,1.30746e-08,1
50,41,3.1404e-16,9.70766e-09,1
50,42,1.46406e-16,6.99832e-09,1
50,43,-1.79612e-17,4.83704e-09,1
50,44,-5.2313e-16,3.19638e-09,1
50,45,-6.30994e-16,2.01929e-09,1
50,46,-3.35977e-16,1.17643e-09,1
50,47,-2.87187e-16,6.00673e-10,1
50,48,1.0745e-17,2.63627e-10,1
50,49,9.84697e-16,9.38375e-11,1
50,50,1.1776e-15,-2.7476e-16,1
50,51,1.25294e-16,-9.3838e-11,1
50,52,-6.40332e-16,-2.63627e-10,1
50,53,-5.40057e-16,-6.00674e-10,1
50,54,8.61808e-17,-1.17643e-09,1
50,55,6.62353e-16,-2.01929e-09,1
50,56,6.55958e-16,-3.19638e-09,1
50,57,5.65283e-16,-4.83704e-09,1
50,58,5.70011e-16,-6.99832e-09,1
50,59,6.62134e-16,-9.70766e-09,1
50,60,-2.53353e-16,-1.30746e-08,1
50,61,-1.39295e-15,-1.71151e-08,1
50,62,-2.95362e-16,-2.1619e-08,1
50,63,4.07341e-16,-2.62882e-08,1
50,64,-4.79131e-16,-3.11445e-08,1
50,65,1.66697e-16,-3.7035e-08,0.999999
50,66,2.35579e-17,-4.53776e-08,0.999997
50,67,-1.03101e-15,-5.65506e-08,0.999985
50,68,3.12502e-16,-6.81158e-08,0.999934
50,69,1.71777e-15,-7.53644e-08,0.999702
50,70,1.48718e-15,-7.4565e-08,0.998669
50,71,2.60143e-16,-6.56277e-08,0.994082
50,72,-3.12947e-16,-5.12532e-08,0.973962
50,73,-1.71361e-16,-3.59869e-08,0.889411
50,74,-1.02492e-15,-2.34986e-08,0.588126
50,75,-2.7217e-15,-2.15693e-08,-0.0688221
50,76,-4.71043e-15,-5.04895e-08,-0.670206
50,77,-5.33914e-15,-1.60778e-07,-0.913024
50,78,-2.74708e-15,-4.79825e-07,-0.978113
50,79,1.24296e-15,-1.26353e-06,-0.993989
50,80,6.76409e-15,-2.46199e-06,-0.998191
50,81,1.06483e-14,-3.44289e-06,-0.999462
50,82,9.86957e-15,-3.6961e-06,-0.999856
50,83,8.30784e-15,-3.35568e-06,-0.999965
50,84,7.42112e-15,-2.72436e-06,-0.999992
50,85,7.34669e-15,-1.96231e-06,-0.999998
50,86,7.4908e-15,-1.14886e-06,-1
50,87,7.53368e-15,-3.43366e-07,-1
50,88,7.4297e-15,4.02359e-07,-1
50,89,7.31161e-15,1.04652e-06,-1
50,90,7.05446e-15,1.56008e-06,-1
50,91,6.6722e-15,1.92708e-06,-1
50,92,6.24824e-15,2.14334e-06,-1
50,93,5.72002e-15,2.21408e-06,-1
50,94,5.13621e-15,2.15134e-06,-1
50,95,4.37863e-15,1.9716e-06,-1
50,96,3.60021e-15,1.69379e-06,-1
50,97,2.77313e-15,1.33785e-06,-1
50,98,2.04336e-15,9.23829e-07,-1
50,99,1.25104e-15,4.7144e-07,-1
51,0,4.73481e-07,-9.8276e-15,-1
51,1,4.64045e-07,-4.69821e-07,-1
51,2,4.356e-07,-9.21135e-07,-1
51,3,3.87793e-07,-1.33518e-06,-1
51,4,3.20219e-07,-1.69281e-06,-1
51,5,2.32709e-07,-1.97452e-06,-1
51,6,1.25735e-07,-2.16089e-06,-1
51,7,9.00577e-10,-2.23336e-06,-1
51,8,-1.38508e-07,-2.17555e-06,-1
51,9,-2.87023e-07,-1.97515e-06,-1
51,10,-4.36666e-07,-1.62615e-06,-1
51,11,-5.76952e-07,-1.13136e-06,-1
51,12,-6.95429e-07,-5.0473e-07,-1
51,13,-7.78955e-07,2.27092e-07,-1
51,14,-8.15904e-07,1.02446e-06,-1
51,15,-7.9918e-07,1.83635e-06,-0.999998
51,16,-7.28035e-07,2.602e-06,-0.999992
51,17,-6.06405e-07,3.24116e-06,-0.999966
51,18,-4.45864e-07,3.60134e-06,-0.999859
51,19,-2.8645e-07,3.39234e-06,-0.999472
51,20,-1.84813e-07,2.46259e-06,-0.998225
51,21,-1.43806e-07,1.28486e-06,-0.994113
51,22,-1.11587e-07,4.94555e-07,-0.978621
51,23,-7.88565e-08,1.66516e-07,-0.915189
51,24,-3.56492e-08,5.221e-08,-0.677882
51,25,-3.19156e-08,2.1647e-08,-0.0835659
51,26,-2.75098e-08,2.30891e-08,0.577817
51,27,-1.72923e-08,3.54259e-08,0.885918
51,28,-1.56565e-08,5.05943e-08,0.973051
51,29,-1.14991e-08,6.49296e-08,0.99386
51,30,-4.73658e-09,7.38876e-08,0.998615
51,31,4.14254e-09,7.47151e-08,0.999689
51,32,1.09398e-08,6.75001e-08,0.999931
51,33,1.25388e-08,5.59678e-08,0.999985
51,34,9.98445e-09,4.48283e-08,0.999997
51,35,6.73744e-09,3.65195e-08,0.999999
51,36,4.99293e-09,3.06632e-08,1
51,37,4.63578e-09,2.5841e-08,1
51,38,4.61057e-09,2.1206e-08,1
51,39,4.29407e-09,1.67363e-08,1
51,40,3.66051e-09,1.27299e-08,1
51,41,2.91477e-09,9.39728e-09,1
51,42,2.31147e-09,6.72229e-09,1
51,43,1.7866e-09,4.59541e-09,1
51,44,1.24159e-09,2.98918e-09,1
51,45,8.34617e-10,1.84658e-09,1
51,46,5.52257e-10,1.03822e-09,1
51,47,2.83629e-10,4.96988e-10,1
51,48,6.22532e-11,1.94493e-10,1
51,49,-5.92679e-11,5.92691e-11,1
51,50,-9.38365e-11,5.25673e-17,1
51,51,-5.92689e-11,-5.9269e-11,1
51,52,6.22526e-11,-1.94492e-10,1
51,53,2.83629e-10,-4.96988e-10,1
51,54,5.52257e-10,-1.03822e-09,1
51,55,8.34618e-10,-1.84658e-09,1
51,56,1.24159e-09,-2.98918e-09,1
51,57,1.7866e-09,-4.5954e-09,1
51,58,2.31147e-09,-6.72229e-09,1
51,59,2.91477e-09,-9.39728e-09,1
51,60,3.66051e-09,-1.27299e-08,1
51,61,4.29407e-09,-1.67363e-08,1
51,62,4.61057e-09,-2.1206e-08,1
51,63,4.63578e-09,-2.5841e-08,1
51,64,4.99293e-09,-3.06632e-08,1
51,65,6.73744e-09,-3.65195e-08,0.999999
51,66,9.98445e-09,-4.48283e-08,0.999997
51,67,1.25388e-08,-5.59678e-08,0.999985
51,68,1.09398e-08,-6.75001e-08,0.999931
51,69,4.14254e-09,-7.47151e-08,0.999689
51,70,-4.73659e-09,-7.38876e-08,0.998615
51,71,-1.14991e-08,-6.49296e-08,0.99386
51,72,-1.56565e-08,-5.05943e-08,0.973051
51,73,-1.72923e-08,-3.54259e-08,0.885918
51,74,-2.75098e-08,-2.30891e-08,0.577817
51,75,-3.19156e-08,-2.1647e-08,-0.0835659
51,76,-3.56492e-08,-5.22101e-08,-0.677882
51,77,-7.88565e-08,-1.66516e-07,-0.915189
51,78,-1.11587e-07,-4.94555e-07,-0.978621
51,79,-1.43806e-07,-1.28486e-06,-0.994113
51,80,-1.84813e-07,-2.46259e-06,-0.998225
51,81,-2.8645e-07,-3.39234e-06,-0.999472
51,82,-4.45864e-07,-3.60134e-06,-0.999859
51,83,-6.06405e-07,-3.24116e-06,-0.999966
51,84,-7.28035e-07,-2.602e-06,-0.999992
51,85,-7.9918e-07,-1.83635e-06,-0.999998
51,86,-8.15904e-07,-1.02446e-06,-1
51,87,-7.78955e-07,-2.27092e-07,-1
51,88,-6.95429e-07,5.0473e-07,-1
51,89,-5.76952e-07,1.13136e-06,-1
51,90,-4.36666e-07,1.62615e-06,-1
51,91,-2.87023e-07,1.97515e-06,-1
51,92,-1.38508e-07,2.17555e-06,-1
51,93,9.00584e-10,2.23336e-06,-1
51,94,1.25735e-07,2.16089e-06,-1
51,95,2.32709e-07,1.97452e-06,-1
51,96,3.20219e-07,1.69281e-06,-1
51,97,3.87793e-07,1.33518e-06,-1
51,98,4.356e-07,9.21135e-07,-1
51,99,4.64045e-07,4.69821e-07,-1
52,0,9.43598e-07,-9.61214e-15,-1
52,1,9.2526e-07,-4.65015e-07,-1
52,2,8.69987e-07,-9.13097e-07,-1
52,3,7.77095e-07,-1.32709e-06,-1
52,4,6.45786e-07,-1.68949e-06,-1
52,5,4.75676e-07,-1.98242e-06,-1
52,6,2.67526e-07,-2.18793e-06,-1
52,7,2.41785e-08,-2.28857e-06,-1
52,8,-2.48413e-07,-2.26838e-06,-1
52,9,-5.40196e-07,-2.11437e-06,-1
52,10,-8.36317e-07,-1.8184e-06,-1
52,11,-1.11702e-06,-1.37943e-06,-1
52,12,-1.35848e-06,-8.0585e-07,-1
52,13,-1.53478e-06,-1.17465e-07,-1
52,14,-1.62135e-06,6.52777e-07,-1
52,15,-1.60063e-06,1.45787e-06,-0.999998
52,16,-1.46668e-06,2.23595e-06,-0.999993
52,17,-1.22836e-06,2.90233e-06,-0.999968
52,18,-9.1794e-07,3.31182e-06,-0.999868
52,19,-6.11969e-07,3.19876e-06,-0.999503
52,20,-4.05622e-07,2.39276e-06,-0.998326
52,21,-3.10192e-07,1.28993e-06,-0.994467
52,22,-2.37162e-07,5.10028e-07,-0.980069
52,23,-1.66888e-07,1.73316e-07,-0.921361
52,24,-7.42447e-08,5.39232e-08,-0.699993
52,25,-6.44861e-08,2.06681e-08,-0.127454
52,26,-5.59866e-08,2.12726e-08,0.545852
52,27,-3.46312e-08,3.32834e-08,0.874842
52,28,-3.11363e-08,4.82073e-08,0.970134
52,29,-2.30112e-08,6.24441e-08,0.993144
52,30,-9.49114e-09,7.14834e-08,0.998442
52,31,8.22476e-09,7.24155e-08,0.999648
52,32,2.18157e-08,6.53207e-08,0.999921
52,33,2.50066e-08,5.39071e-08,0.999982
52,34,1.98952e-08,4.28874e-08,0.999996
52,35,1.33996e-08,3.46996e-08,0.999999
52,36,9.9101e-09,2.89648e-08,1
52,37,9.19601e-09,2.4264e-08,1
52,38,9.14572e-09,1.975e-08,1
52,39,8.51265e-09,1.54012e-08,1
52,40,7.24542e-09,1.15159e-08,1
52,41,5.75377e-09,8.30447e-09,1
52,42,4.54718e-09,5.75077e-09,1
52,43,3.49744e-09,3.74516e-09,1
52,44,2.4073e-09,2.26029e-09,1
52,45,1.59334e-09,1.23913e-09,1
52,46,1.02863e-09,5.52216e-10,1
52,47,4.91336e-10,1.3244e-10,1
52,48,4.85539e-11,-4.85527e-11,1
52,49,-1.94491e-10,-6.22521e-11,1
52,50,-2.63626e-10,1.05951e-15,1
52,51,-1.94492e-10,6.22542e-11,1
52,52,4.85532e-11,4.85549e-11,1
52,53,4.91336e-10,-1.32437e-10,1
52,54,1.02863e-09,-5.52214e-10,1
52,55,1.59334e-09,-1.23913e-09,1
52,56,2.4073e-09,-2.26029e-09,1
52,57,3.49744e-09,-3.74516e-09,1
52,58,4.54718e-09,-5.75077e-09,1
52,59,5.75377e-09,-8.30447e-09,1
52,60,7.24542e-09,-1.15159e-08,1
52,61,8.51265e-09,-1.54012e-08,1
52,62,9.14572e-09,-1.975e-08,1
52,63,9.19601e-09,-2.4264e-08,1
52,64,9.9101e-09,-2.89648e-08,1
52,65,1.33996e-08,-3.46996e-08,0.999999
52,66,1.98952e-08,-4.28874e-08,0.999996
52,67,2.50066e-08,-5.39071e-08,0.999982
52,68,2.18157e-08,-6.53207e-08,0.999921
52,69,8.22476e-09,-7.24155e-08,0.999648
52,70,-9.49114e-09,-7.14834e-08,0.998442
52,71,-2.30112e-08,-6.24441e-08,0.993144
52,72,-3.11363e-08,-4.82073e-08,0.970134
52,73,-3.46312e-08,-3.32834e-08,0.874842
52,74,-5.59866e-08,-2.12726e-08,0.545852
52,75,-6.44861e-08,-2.06681e-08,-0.127454
52,76,-7.42447e-08,-5.39232e-08,-0.699993
52,77,-1.66888e-07,-1.73316e-07,-0.921361
52,78,-2.37162e-07,-5.10028e-07,-0.980069
52,79,-3.10192e-07,-1.28993e-06,-0.994467
52,80,-4.05622e-07,-2.39276e-06,-0.998326
52,81,-6.11969e-07,-3.19876e-06,-0.999503
52,82,-9.1794e-07,-3.31182e-06,-0.999868
52,83,-1.22836e-06,-2.90233e-06,-0.999968
52,84,-1.46668e-06,-2.23595e-06,-0.999993
52,85,-1.60063e-06,-1.45787e-06,-0.999998
52,86,-1.62135e-06,-6.52777e-07,-1
52,87,-1.53478e-06,1.17465e-07,-1
52,88,-1.35848e-06,8.0585e-07,-1
52,89,-1.11702e-06,1.37943e-06,-1
52,90,-8.36317e-07,1.8184e-06,-1
52,91,-5.40196e-07,2.11437e-06,-1
52,92,-2.48413e-07,2.26838e-06,-1
52,93,2.41785e-08,2.28857e-06,-1
52,94,2.67526e-07,2.18793e-06,-1
52,95,4.75676e-07,1.98242e-06,-1
52,96,6.45786e-07,1.68949e-06,-1
52,97,7.77095e-07,1.32709e-06,-1
52,98,8.69987e-07,9.13097e-07,-1
52,99,9.2526e-07,4.65015e-07,-1
53,0,1.4071e-06,-9.32719e-15,-1
53,1,1.38088e-06,-4.57172e-07,-1
53,2,1.30184e-06,-8.99855e-07,-1
53,3,1.16903e-06,-1.31339e-06,-1
53,4,9.81279e-07,-1.68281e-06,-1
53,5,7.37916e-07,-1.99281e-06,-1
53,6,4.39698e-07,-2.22781e-06,-1
53,7,9.00563e-08,-2.37221e-06,-1
53,8,-3.03488e-07,-2.41095e-06,-1
53,9,-7.27906e-07,-2.33035e-06,-1
53,10,-1.16353e-06,-2.11944e-06,-1
53,11,-1.58359e-06,-1.77171e-06,-1
53,12,-1.95489e-06,-1.28742e-06,-1
53,13,-2.2399e-06,-6.76153e-07,-1
53,14,-2.40049e-06,4.05528e-08,-1
53,15,-2.40407e-06,8.25963e-07,-0.999998
53,16,-2.23112e-06,1.62275e-06,-0.999993
53,17,-1.88697e-06,2.34377e-06,-0.999971
53,18,-1.42276e-06,2.8379e-06,-0.999881
53,19,-9.61535e-07,2.84458e-06,-0.999551
53,20,-6.45038e-07,2.18812e-06,-0.99848
53,21,-4.91909e-07,1.20793e-06,-0.995007
53,22,-3.79384e-07,4.84899e-07,-0.982253
53,23,-2.70226e-07,1.64329e-07,-0.930647
53,24,-1.19084e-07,5.0115e-08,-0.7339
53,25,-9.91614e-08,1.71657e-08,-0.199103
53,26,-8.65966e-08,1.75837e-08,0.489188
53,27,-5.21984e-08,2.91914e-08,0.854263
53,28,-4.62618e-08,4.3776e-08,0.964609
53,29,-3.45582e-08,5.78605e-08,0.991774
53,30,-1.43003e-08,6.70523e-08,0.998108
53,31,1.21722e-08,6.81866e-08,0.999566
53,32,3.25444e-08,6.13166e-08,0.999901
53,33,3.73147e-08,5.01271e-08,0.999977
53,34,2.96402e-08,3.93318e-08,0.999995
53,35,1.98939e-08,3.1369e-08,0.999999
53,36,1.46588e-08,2.58584e-08,1
53,37,1.35884e-08,2.13812e-08,1
53,38,1.35134e-08,1.70898e-08,1
53,39,1.25638e-08,1.29632e-08,1
53,40,1.06629e-08,9.29984e-09,1
53,41,8.42523e-09,6.31039e-09,1
53,42,6.61544e-09,3.97862e-09,1
53,43,5.04097e-09,2.19473e-09,1
53,44,3.40559e-09,9.31516e-10,1
53,45,2.1847e-09,1.32001e-10,1
53,46,1.33775e-09,-3.33413e-10,1
53,47,5.31767e-10,-5.31767e-10,1
53,48,-1.32438e-10,-4.91336e-10,1
53,49,-4.96986e-10,-2.83629e-10,1
53,50,-6.00672e-10,3.60369e-16,1
53,51,-4.96988e-10,2.8363e-10,1
53,52,-1.32439e-10,4.91337e-10,1
53,53,5.31767e-10,5.31768e-10,1
53,54,1.33775e-09,3.33413e-10,1
53,55,2.1847e-09,-1.32001e-10,1
53,56,3.40559e-09,-9.31515e-10,1
53,57,5.04097e-09,-2.19473e-09,1
53,58,6.61544e-09,-3.97862e-09,1
53,59,8.42523e-09,-6.31039e-09,1
53,60,1.06629e-08,-9.29984e-09,1
53,61,1.25638e-08,-1.29632e-08,1
53,62,1.35134e-08,-1.70898e-08,1
53,63,1.35884e-08,-2.13812e-08,1
53,64,1.46588e-08,-2.58584e-08,1
53,65,1.98939e-08,-3.1369e-08,0.999999
53,66,2.96402e-08,-3.93318e-08,0.999995
53,67,3.73147e-08,-5.01271e-08,0.999977
53,68,3.25444e-08,-6.13166e-08,0.999901
53,69,1.21722e-08,-6.81866e-08,0.999566
53,70,-1.43003e-08,-6.70523e-08,0.998108
53,71,-3.45582e-08,-5.78605e-08,0.991774
53,72,-4.62618e-08,-4.3776e-08,0.964609
53,73,-5.21984e-08,-2.91914e-08,0.854263
53,74,-8.65966e-08,-1.75837e-08,0.489188
53,75,-9.91614e-08,-1.71657e-08,-0.199103
53,76,-1.19084e-07,-5.0115e-08,-0.7339
53,77,-2.70226e-07,-1.64329e-07,-0.930647
53,78,-3.79384e-07,-4.84899e-07,-0.982253
53,79,-4.91909e-07,-1.20793e-06,-0.995007
53,80,-6.45038e-07,-2.18812e-06,-0.99848
53,81,-9.61535e-07,-2.84458e-06,-0.999551
53,82,-1.42276e-06,-2.8379e-06,-0.999881
53,83,-1.88697e-06,-2.34377e-06,-0.999971
53,84,-2.23112e-06,-1.62275e-06,-0.999993
53,85,-2.40407e-06,-8.25963e-07,-0.999998
53,86,-2.40049e-06,-4.05528e-08,-1
53,87,-2.2399e-06,6.76153e-07,-1
53,88,-1.95489e-06,1.28742e-06,-1
53,89,-1.58359e-06,1.77171e-06,-1
53,90,-1.16353e-06,2.11944e-06,-1
53,91,-7.27906e-07,2.33035e-06,-1
53,92,-3.03488e-07,2.41095e-06,-1
53,93,9.00563e-08,2.37221e-06,-1
53,94,4.39698e-07,2.22781e-06,-1
53,95,7.37916e-07,1.99281e-06,-1
53,96,9.81279e-07,1.68281e-06,-1
53,97,1.16903e-06,1.31339e-06,-1
53,98,1.30184e-06,8.99855e-07,-1
53,99,1.38088e-06,4.57172e-07,-1
54,0,1.86097e-06,-9.03528e-15,-1
54,1,1.82825e-06,-4.46532e-07,-1
54,2,1.72965e-06,-8.81648e-07,-1
54,3,1.56401e-06,-1.29382e-06,-1
54,4,1.32986e-06,-1.67133e-06,-1
54,5,1.02616e-06,-2.0021e-06,-1
54,6,6.53343e-07,-2.27367e-06,-1
54,7,2.14687e-07,-2.47305e-06,-1
54,8,-2.82074e-07,-2.58676e-06,-1
54,9,-8.22979e-07,-2.60097e-06,-1
54,10,-1.38624e-06,-2.50204e-06,-1
54,11,-1.94117e-06,-2.27765e-06,-1
54,12,-2.4482e-06,-1.91865e-06,-1
54,13,-2.8604e-06,-1.42198e-06,-1
54,14,-3.1269e-06,-7.94308e-07,-1
54,15,-3.19802e-06,-5.6632e-08,-0.999999
54,16,-3.03371e-06,7.49467e-07,-0.999994
54,17,-2.6198e-06,1.54856e-06,-0.999975
54,18,-2.00333e-06,2.19516e-06,-0.999898
54,19,-1.35219e-06,2.41947e-06,-0.99961
54,20,-8.95126e-07,1.98609e-06,-0.998673
54,21,-6.79816e-07,1.14652e-06,-0.99567
54,22,-5.38981e-07,4.70034e-07,-0.984883
54,23,-3.9541e-07,1.56631e-07,-0.94179
54,24,-1.76528e-07,4.71436e-08,-0.775591
54,25,-1.39231e-07,1.46368e-08,-0.295153
54,26,-1.20624e-07,1.40984e-08,0.403138
54,27,-7.03748e-08,2.45544e-08,0.820523
54,28,-6.08153e-08,3.85621e-08,0.95526
54,29,-4.61053e-08,5.23431e-08,0.989418
54,30,-1.91832e-08,6.16729e-08,0.997526
54,31,1.5942e-08,6.30519e-08,0.999423
54,32,4.30613e-08,5.6452e-08,0.999865
54,33,4.93953e-08,4.55362e-08,0.999969
54,34,3.91471e-08,3.50135e-08,0.999993
54,35,2.61466e-08,2.73247e-08,0.999998
54,36,1.91656e-08,2.20882e-08,1
54,37,1.77402e-08,1.78829e-08,1
54,38,1.76412e-08,1.38617e-08,1
54,39,1.63754e-08,1.00046e-08,1
54,40,1.38408e-08,6.61066e-09,1
54,41,1.08571e-08,3.89062e-09,1
54,42,8.44438e-09,1.82819e-09,1
54,43,6.34546e-09,3.13347e-10,1
54,44,4.16474e-09,-6.80899e-10,1
54,45,2.53707e-09,-1.21144e-09,1
54,46,1.40807e-09,-1.40807e-09,1
54,47,3.33413e-10,-1.33775e-09,1
54,48,-5.52215e-10,-1.02863e-09,1
54,49,-1.03822e-09,-5.52257e-10,1
54,50,-1.17643e-09,1.34847e-16,1
54,51,-1.03822e-09,5.52257e-10,1
54,52,-5.52216e-10,1.02863e-09,1
54,53,3.33413e-10,1.33775e-09,1
54,54,1.40807e-09,1.40807e-09,1
54,55,2.53707e-09,1.21144e-09,1
54,56,4.16474e-09,6.80899e-10,1
54,57,6.34546e-09,-3.13347e-10,1
54,58,8.44438e-09,-1.82819e-09,1
54,59,1.08571e-08,-3.89062e-09,1
54,60,1.38408e-08,-6.61066e-09,1
54,61,1.63754e-08,-1.00046e-08,1
54,62,1.76412e-08,-1.38617e-08,1
54,63,1.77402e-08,-1.78829e-08,1
54,64,1.91656e-08,-2.20882e-08,1
54,65,2.61466e-08,-2.73247e-08,0.999998
54,66,3.91471e-08,-3.50135e-08,0.999993
54,67,4.93953e-08,-4.55362e-08,0.999969
54,68,4.30613e-08,-5.6452e-08,0.999865
54,69,1.5942e-08,-6.30519e-08,0.999423
54,70,-1.91832e-08,-6.16729e-08,0.997526
54,71,-4.61053e-08,-5.23431e-08,0.989418
54,72,-6.08153e-08,-3.85621e-08,0.95526
54,73,-7.03748e-08,-2.45545e-08,0.820523
54,74,-1.20624e-07,-1.40984e-08,0.403138
54,75,-1.39231e-07,-1.46368e-08,-0.295153
54,76,-1.76529e-07,-4.71436e-08,-0.775591
54,77,-3.9541e-07,-1.56631e-07,-0.94179
54,78,-5.38981e-07,-4.70034e-07,-0.984883
54,79,-6.79816e-07,-1.14652e-06,-0.99567
54,80,-8.95126e-07,-1.98609e-06,-0.998673
54,81,-1.35219e-06,-2.41947e-06,-0.99961
54,82,-2.00333e-06,-2.19516e-06,-0.999898
54,83,-2.6198e-06,-1.54856e-06,-0.999975
54,84,-3.03371e-06,-7.49467e-07,-0.999994
54,85,-3.19802e-06,5.6632e-08,-0.999999
54,86,-3.1269e-06,7.94308e-07,-1
54,87,-2.8604e-06,1.42198e-06,-1
54,88,-2.4482e-06,1.91865e-06,-1
54,89,-1.94117e-06,2.27765e-06,-1
54,90,-1.38624e-06,2.50204e-06,-1
54,91,-8.22979e-07,2.60097e-06,-1
54,92,-2.82074e-07,2.58676e-06,-1
54,93,2.14687e-07,2.47305e-06,-1
54,94,6.53343e-07,2.27367e-06,-1
54,95,1.02616e-06,2.0021e-06,-1
54,96,1.32986e-06,1.67133e-06,-1
54,97,1.56401e-06,1.29382e-06,-1
54,98,1.72965e-06,8.81648e-07,-1
54,99,1.82825e-06,4.46532e-07,-1
55,0,2.30249e-06,-8.61826e-15,-1
55,1,2.26491e-06,-4.33407e-07,-1
55,2,2.1517e-06,-8.58822e-07,-1
55,3,1.96157e-06,-1.26822e-06,-1
55,4,1.69286e-06,-1.65347e-06,-1
55,5,1.34414e-06,-2.0062e-06,-1
55,6,9.15273e-07,-2.31754e-06,-1
55,7,4.08701e-07,-2.57779e-06,-1
55,8,-1.68914e-07,-2.77587e-06,-1
55,9,-8.04768e-07,-2.89887e-06,-1
55,10,-1.4779e-06,-2.93162e-06,-1
55,11,-2.15735e-06,-2.8569e-06,-1
55,12,-2.80111e-06,-2.65658e-06,-1
55,13,-3.35638e-06,-2.31423e-06,-1
55,14,-3.76189e-06,-1.81922e-06,-1
55,15,-3.95239e-06,-1.17205e-06,-0.999999
55,16,-3.86621e-06,-3.90807e-07,-0.999995
55,17,-3.46147e-06,4.77741e-07,-0.99998
55,18,-2.75672e-06,1.32596e-06,-0.999915
55,19,-1.92162e-06,1.90714e-06,-0.999675
55,20,-1.26935e-06,1.874e-06,-0.998885
55,21,-9.37411e-07,1.24869e-06,-0.996387
55,22,-7.48087e-07,5.70302e-07,-0.987659
55,23,-5.61603e-07,1.97575e-07,-0.953447
55,24,-2.61125e-07,6.26443e-08,-0.820328
55,25,-1.9048e-07,1.94112e-08,-0.409207
55,26,-1.59178e-07,1.28631e-08,0.282525
55,27,-8.99049e-08,2.03737e-08,0.767553
55,28,-7.45952e-08,3.3464e-08,0.939866
55,29,-5.7484e-08,4.67391e-08,0.985446
55,30,-2.41145e-08,5.61033e-08,0.996528
55,31,1.95608e-08,5.77255e-08,0.999172
55,32,5.33562e-08,5.13956e-08,0.999802
55,33,6.12325e-08,4.07594e-08,0.999953
55,34,4.83943e-08,3.05161e-08,0.999989
55,35,3.21325e-08,2.3108e-08,0.999997
55,36,2.34048e-08,1.81528e-08,0.999999
55,37,2.16255e-08,1.42278e-08,1
55,38,2.15028e-08,1.04859e-08,1
55,39,1.99207e-08,6.90819e-09,1
55,40,1.67523e-08,3.79399e-09,1
55,41,1.3022e-08,1.35439e-09,1
55,42,1.00065e-08,-4.27095e-10,1
55,43,7.3832e-09,-1.66085e-09,1
55,44,4.65679e-09,-2.37365e-09,1
55,45,2.62236e-09,-2.62236e-09,1
55,46,1.21144e-09,-2.53707e-09,1
55,47,-1.32001e-10,-2.1847e-09,1
55,48,-1.23913e-09,-1.59334e-09,1
55,49,-1.84658e-09,-8.34617e-10,1
55,50,-2.01929e-09,6.88737e-16,1
55,51,-1.84658e-09,8.34618e-10,1
55,52,-1.23913e-09,1.59334e-09,1
55,53,-1.32001e-10,2.1847e-09,1
55,54,1.21144e-09,2.53707e-09,1
55,55,2.62236e-09,2.62236e-09,1
55,56,4.65679e-09,2.37365e-09,1
55,57,7.38321e-09,1.66085e-09,1
55,58,1.00065e-08,4.27096e-10,1
55,59,1.3022e-08,-1.35439e-09,1
55,60,1.67523e-08,-3.79399e-09,1
55,61,1.99207e-08,-6.90819e-09,1
55,62,2.15028e-08,-1.04859e-08,1
55,63,2.16255e-08,-1.42278e-08,1
55,64,2.34048e-08,-1.81528e-08,0.999999
55,65,3.21325e-08,-2.3108e-08,0.999997
55,66,4.83943e-08,-3.05161e-08,0.999989
55,67,6.12325e-08,-4.07594e-08,0.999953
55,68,5.33562e-08,-5.13956e-08,0.999802
55,69,1.95608e-08,-5.77255e-08,0.999172
55,70,-2.41145e-08,-5.61033e-08,0.996528
55,71,-5.7484e-08,-4.67391e-08,0.985446
55,72,-7.45952e-08,-3.3464e-08,0.939866
55,73,-8.99049e-08,-2.03737e-08,0.767553
55,74,-1.59178e-07,-1.28631e-08,0.282525
55,75,-1.9048e-07,-1.94112e-08,-0.409207
55,76,-2.61125e-07,-6.26443e-08,-0.820328
55,77,-5.61603e-07,-1.97575e-07,-0.953447
55,78,-7.48087e-07,-5.70302e-07,-0.987659
55,79,-9.37411e-07,-1.24869e-06,-0.996387
55,80,-1.26935e-06,-1.874e-06,-0.998885
55,81,-1.92162e-06,-1.90714e-06,-0.999675
55,82,-2.75672e-06,-1.32596e-06,-0.999915
55,83,-3.46147e-06,-4.77741e-07,-0.99998
55,84,-3.86621e-06,3.90807e-07,-0.999995
55,85,-3.95238e-06,1.17205e-06,-0.999999
55,86,-3.76189e-06,1.81922e-06,-1
55,87,-3.35638e-06,2.31423e-06,-1
55,88,-2.80111e-06,2.65658e-06,-1
55,89,-2.15735e-06,2.8569e-06,-1
55,90,-1.4779e-06,2.93162e-06,-1
55,91,-8.04768e-07,2.89887e-06,-1
55,92,-1.68914e-07,2.77587e-06,-1
55,93,4.08701e-07,2.57779e-06,-1
55,94,9.15273e-07,2.31754e-06,-1
55,95,1.34414e-06,2.0062e-06,-1
55,96,1.69286e-06,1.65347e-06,-1
55,97,1.96157e-06,1.26822e-06,-1
55,98,2.1517e-06,8.58822e-07,-1
55,99,2.26491e-06,4.33407e-07,-1
56,0,2.72933e-06,-8.17345e-15,-1
56,1,2.68863e-06,-4.18157e-07,-1
56,2,2.56606e-06,-8.31819e-07,-1
56,3,2.36034e-06,-1.23652e-06,-1
56,4,2.06967e-06,-1.62783e-06,-1
56,5,1.69235e-06,-2.00116e-06,-1
56,6,1.22754e-06,-2.35152e-06,-1
56,7,6.76407e-07,-2.67291e-06,-1
56,8,4.35925e-08,-2.95753e-06,-1
56,9,-6.60977e-07,-3.19466e-06,-1
56,10,-1.41986e-06,-3.36951e-06,-1
56,11,-2.20562e-06,-3.46226e-06,-1
56,12,-2.97844e-06,-3.44793e-06,-1
56,13,-3.68462e-06,-3.29787e-06,-1
56,14,-4.25694e-06,-2.98354e-06,-1
56,15,-4.61815e-06,-2.48229e-06,-0.999999
56,16,-4.68821e-06,-1.78412e-06,-0.999996
56,17,-4.39921e-06,-9.00166e-07,-0.999984
56,18,-3.72904e-06,1.11598e-07,-0.999933
56,19,-2.79095e-06,1.05858e-06,-0.999741
56,20,-1.91218e-06,1.53097e-06,-0.9991
56,21,-1.36864e-06,1.27469e-06,-0.997096
56,22,-1.06476e-06,6.79355e-07,-0.990319
56,23,-8.01574e-07,2.5372e-07,-0.964454
56,24,-3.96691e-07,8.5024e-08,-0.863515
56,25,-2.60594e-07,2.47102e-08,-0.531536
56,26,-2.03725e-07,8.83781e-09,0.12435
56,27,-1.12449e-07,1.32513e-08,0.686133
56,28,-8.77615e-08,2.57461e-08,0.914475
56,29,-6.84477e-08,3.86032e-08,0.978681
56,30,-2.91092e-08,4.80041e-08,0.994788
56,31,2.3029e-08,4.99912e-08,0.998726
56,32,6.33903e-08,4.40639e-08,0.999687
56,33,7.27709e-08,3.38375e-08,0.999923
56,34,5.73228e-08,2.40055e-08,0.999981
56,35,3.77877e-08,1.70076e-08,0.999995
56,36,2.73118e-08,1.24618e-08,0.999999
56,37,2.51787e-08,8.94395e-09,1
56,38,2.50325e-08,5.60811e-09,1
56,39,2.31337e-08,2.43587e-09,1
56,40,1.9331e-08,-2.72676e-10,1
56,41,1.48535e-08,-2.30615e-09,1
56,42,1.12351e-08,-3.68123e-09,1
56,43,8.08756e-09,-4.50864e-09,1
56,44,4.81489e-09,-4.81489e-09,1
56,45,2.37365e-09,-4.65679e-09,1
56,46,6.80899e-10,-4.16474e-09,1
56,47,-9.31516e-10,-3.40559e-09,1
56,48,-2.26029e-09,-2.4073e-09,1
56,49,-2.98918e-09,-1.24159e-09,1
56,50,-3.19638e-09,1.89055e-16,1
56,51,-2.98918e-09,1.24159e-09,1
56,52,-2.26029e-09,2.4073e-09,1
56,53,-9.31516e-10,3.40559e-09,1
56,54,6.80899e-10,4.16474e-09,1
56,55,2.37365e-09,4.65679e-09,1
56,56,4.8149e-09,4.81489e-09,1
56,57,8.08756e-09,4.50864e-09,1
56,58,1.12351e-08,3.68123e-09,1
56,59,1.48535e-08,2.30615e-09,1
56,60,1.9331e-08,2.72677e-10,1
56,61,2.31337e-08,-2.43587e-09,1
56,62,2.50325e-08,-5.60811e-09,1
56,63,2.51787e-08,-8.94395e-09,1
56,64,2.73118e-08,-1.24618e-08,0.999999
56,65,3.77877e-08,-1.70076e-08,0.999995
56,66,5.73228e-08,-2.40055e-08,0.999981
56,67,7.27709e-08,-3.38375e-08,0.999923
56,68,6.33903e-08,-4.40639e-08,0.999687
56,69,2.3029e-08,-4.99912e-08,0.998726
56,70,-2.91092e-08,-4.80041e-08,0.994788
56,71,-6.84477e-08,-3.86032e-08,0.978681
56,72,-8.77615e-08,-2.57461e-08,0.914475
56,73,-1.12449e-07,-1.32513e-08,0.686133
56,74,-2.03725e-07,-8.83781e-09,0.12435
56,75,-2.60594e-07,-2.47102e-08,-0.531536
56,76,-3.96691e-07,-8.5024e-08,-0.863515
56,77,-8.01574e-07,-2.5372e-07,-0.964454
56,78,-1.06476e-06,-6.79355e-07,-0.990319
56,79,-1.36864e-06,-1.27469e-06,-0.997096
56,80,-1.91218e-06,-1.53097e-06,-0.9991
56,81,-2.79095e-06,-1.05858e-06,-0.999741
56,82,-3.72904e-06,-1.11598e-07,-0.999933
56,83,-4.39921e-06,9.00166e-07,-0.999984
56,84,-4.68821e-06,1.78412e-06,-0.999996
56,85,-4.61815e-06,2.48229e-06,-0.999999
56,86,-4.25694e-06,2.98354e-06,-1
56,87,-3.68462e-06,3.29787e-06,-1
56,88,-2.97844e-06,3.44793e-06,-1
56,89,-2.20562e-06,3.46226e-06,-1
56,90,-1.41986e-06,3.36951e-06,-1
56,91,-6.60977e-07,3.19466e-06,-1
56,92,4.35925e-08,2.95753e-06,-1
56,93,6.76407e-07,2.67291e-06,-1
56,94,1.22754e-06,2.35152e-06,-1
56,95,1.69235e-06,2.00116e-06,-1
56,96,2.06967e-06,1.62783e-06,-1
56,97,2.36034e-06,1.23652e-06,-1
56,98,2.56606e-06,8.31819e-07,-1
56,99,2.68863e-06,4.18157e-07,-1
57,0,3.13955e-06,-7.58963e-15,-1
57,1,3.09745e-06,-4.01165e-07,-1
57,2,2.9707e-06,-8.01151e-07,-1
57,3,2.7581e-06,-1.19888e-06,-1
57,4,2.4579e-06,-1.5934e-06,-1
57,5,2.06821e-06,-1.98378e-06,-1
57,6,1.58756e-06,-2.36883e-06,-1
57,7,1.01574e-06,-2.74645e-06,-1
57,8,3.54912e-07,-3.11267e-06,-1
57,9,-3.88899e-07,-3.46028e-06,-1
57,10,-1.2037e-06,-3.77705e-06,-1
57,11,-2.06882e-06,-4.04372e-06,-1
57,12,-2.95148e-06,-4.23229e-06,-1
57,13,-3.80326e-06,-4.30556e-06,-1
57,14,-4.55769e-06,-4.21907e-06,-1
57,15,-5.13093e-06,-3.92671e-06,-0.999999
57,16,-5.42815e-06,-3.3893e-06,-0.999997
57,17,-5.35622e-06,-2.58482e-06,-0.999988
57,18,-4.84511e-06,-1.52829e-06,-0.999949
57,19,-3.91413e-06,-3.42367e-07,-0.999802
57,20,-2.82605e-06,6.01484e-07,-0.999303
57,21,-1.99821e-06,8.62827e-07,-0.997751
57,22,-1.51482e-06,5.66873e-07,-0.992683
57,23,-1.14094e-06,2.23074e-07,-0.97401
57,24,-6.10905e-07,7.39647e-08,-0.901565
57,25,-3.60353e-07,1.49431e-08,-0.650439
57,26,-2.58931e-07,-2.9779e-09,-0.0677688
57,27,-1.41044e-07,2.0553e-09,0.563853
57,28,-1.01196e-07,1.48221e-08,0.872147
57,29,-7.87347e-08,2.75422e-08,0.966883
57,30,-3.4197e-08,3.7018e-08,0.991672
57,31,2.62677e-08,3.94866e-08,0.997908
57,32,7.30741e-08,3.4133e-08,0.999471
57,33,8.38831e-08,2.44741e-08,0.999865
57,34,6.58019e-08,1.52112e-08,0.999965
57,35,4.29782e-08,8.77833e-09,0.999991
57,36,3.07513e-08,4.79318e-09,0.999998
57,37,2.82652e-08,1.83165e-09,0.999999
57,38,2.80971e-08,-9.52315e-10,1
57,39,2.58817e-08,-3.57497e-09,1
57,40,2.14449e-08,-5.7348e-09,1
57,41,1.62199e-08,-7.21998e-09,1
57,42,1.19991e-08,-8.04728e-09,1
57,43,8.32779e-09,-8.32779e-09,1
57,44,4.50864e-09,-8.08756e-09,1
57,45,1.66085e-09,-7.3832e-09,1
57,46,-3.13348e-10,-6.34546e-09,1
57,47,-2.19473e-09,-5.04097e-09,1
57,48,-3.74516e-09,-3.49744e-09,1
57,49,-4.5954e-09,-1.7866e-09,1
57,50,-4.83704e-09,-6.73774e-16,1
57,51,-4.5954e-09,1.7866e-09,1
57,52,-3.74516e-09,3.49744e-09,1
57,53,-2.19473e-09,5.04097e-09,1
57,54,-3.13348e-10,6.34545e-09,1
57,55,1.66085e-09,7.3832e-09,1
57,56,4.50864e-09,8.08756e-09,1
57,57,8.32779e-09,8.32779e-09,1
57,58,1.19991e-08,8.04728e-09,1
57,59,1.62199e-08,7.21998e-09,1
57,60,2.14449e-08,5.7348e-09,1
57,61,2.58817e-08,3.57497e-09,1
57,62,2.80971e-08,9.52314e-10,1
57,63,2.82652e-08,-1.83165e-09,0.999999
57,64,3.07513e-08,-4.79319e-09,0.999998
57,65,4.29782e-08,-8.77833e-09,0.999991
57,66,6.58019e-08,-1.52112e-08,0.999965
57,67,8.38831e-08,-2.44741e-08,0.999865
57,68,7.30741e-08,-3.4133e-08,0.999471
57,69,2.62677e-08,-3.94866e-08,0.997908
57,70,-3.4197e-08,-3.7018e-08,0.991672
57,71,-7.87347e-08,-2.75422e-08,0.966883
57,72,-1.01196e-07,-1.48221e-08,0.872147
57,73,-1.41044e-07,-2.0553e-09,0.563853
57,74,-2.58931e-07,2.9779e-09,-0.0677688
57,75,-3.60353e-07,-1.49431e-08,-0.650439
57,76,-6.10905e-07,-7.39647e-08,-0.901565
57,77,-1.14094e-06,-2.23074e-07,-0.97401
57,78,-1.51482e-06,-5.66873e-07,-0.992683
57,79,-1.99821e-06,-8.62827e-07,-0.997751
57,80,-2.82605e-06,-6.01484e-07,-0.999303
57,81,-3.91413e-06,3.42367e-07,-0.999802
57,82,-4.84511e-06,1.52829e-06,-0.999949
57,83,-5.35622e-06,2.58482e-06,-0.999988
57,84,-5.42815e-06,3.3893e-06,-0.999997
57,85,-5.13093e-06,3.92671e-06,-0.999999
57,86,-4.55769e-06,4.21907e-06,-1
57,87,-3.80326e-06,4.30556e-06,-1
57,88,-2.95148e-06,4.23229e-06,-1
57,89,-2.06882e-06,4.04372e-06,-1
57,90,-1.2037e-06,3.77705e-06,-1
57,91,-3.88899e-07,3.46028e-06,-1
57,92,3.54912e-07,3.11267e-06,-1
57,93,1.01574e-06,2.74645e-06,-1
57,94,1.58756e-06,2.36883e-06,-1
57,95,2.06821e-06,1.98378e-06,-1
57,96,2.4579e-06,1.5934e-06,-1
57,97,2.7581e-06,1.19888e-06,-1
57,98,2.9707e-06,8.01151e-07,-1
57,99,3.09745e-06,4.01165e-07,-1
58,0,3.53165e-06,-7.02667e-15,-1
58,1,3.4897e-06,-3.82795e-07,-1
58,2,3.36351e-06,-7.67358e-07,-1
58,3,3.15204e-06,-1.1556e-06,-1
58,4,2.8537e-06,-1.54967e-06,-1
58,5,2.46658e-06,-1.95188e-06,-1
58,6,1.9888e-06,-2.3645e-06,-1
58,7,1.41896e-06,-2.78917e-06,-1
58,8,7.56813e-07,-3.22601e-06,-1
58,9,4.31262e-09,-3.67216e-06,-1
58,10,-8.32808e-07,-4.11983e-06,-1
58,11,-1.74259e-06,-4.55361e-06,-1
58,12,-2.7032e-06,-4.94749e-06,-1
58,13,-3.67801e-06,-5.26187e-06,-1
58,14,-4.60984e-06,-5.44236e-06,-1
58,15,-5.41652e-06,-5.42278e-06,-0.999999
58,16,-5.99213e-06,-5.1349e-06,-0.999998
58,17,-6.21471e-06,-4.52496e-06,-0.999991
58,18,-5.96356e-06,-3.57158e-06,-0.999963
58,19,-5.16623e-06,-2.31232e-06,-0.999855
58,20,-3.967e-06,-9.64005e-07,-0.999483
58,21,-2.84467e-06,-2.36637e-08,-0.998322
58,22,-2.12596e-06,2.33031e-07,-0.994658
58,23,-1.6087e-06,1.19702e-07,-0.981731
58,24,-9.40838e-07,3.65555e-08,-0.932442
58,25,-5.13397e-07,-3.41958e-09,-0.755143
58,26,-3.36971e-07,-1.55458e-08,-0.279391
58,27,-1.79612e-07,-7.87871e-09,0.387783
58,28,-1.1661e-07,4.69493e-09,0.801103
58,29,-8.81308e-08,1.72311e-08,0.945757
58,30,-3.91257e-08,2.66638e-08,0.985894
58,31,2.92732e-08,2.94639e-08,0.996349
58,32,8.24299e-08,2.46563e-08,0.999048
58,33,9.45404e-08,1.55385e-08,0.999749
58,34,7.37845e-08,6.81291e-09,0.999933
58,35,4.76541e-08,9.15912e-10,0.999982
58,36,3.36686e-08,-2.53894e-09,0.999995
58,37,3.08299e-08,-4.97492e-09,0.999999
58,38,3.06409e-08,-7.23614e-09,1
58,39,2.81088e-08,-9.33715e-09,1
58,40,2.30377e-08,-1.09752e-08,1
58,41,1.70647e-08,-1.19378e-08,1
58,42,1.22418e-08,-1.22418e-08,1
58,43,8.04728e-09,-1.19991e-08,1
58,44,3.68123e-09,-1.12351e-08,1
58,45,4.27095e-10,-1.00065e-08,1
58,46,-1.82819e-09,-8.44438e-09,1
58,47,-3.97862e-09,-6.61544e-09,1
58,48,-5.75077e-09,-4.54718e-09,1
58,49,-6.72229e-09,-2.31147e-09,1
58,50,-6.99831e-09,-5.58873e-16,1
58,51,-6.72229e-09,2.31147e-09,1
58,52,-5.75077e-09,4.54718e-09,1
58,53,-3.97862e-09,6.61544e-09,1
58,54,-1.82819e-09,8.44438e-09,1
58,55,4.27096e-10,1.00065e-08,1
58,56,3.68123e-09,1.12351e-08,1
58,57,8.04728e-09,1.19991e-08,1
58,58,1.22418e-08,1.22418e-08,1
58,59,1.70647e-08,1.19378e-08,1
58,60,2.30377e-08,1.09752e-08,1
58,61,2.81088e-08,9.33715e-09,1
58,62,3.06409e-08,7.23614e-09,1
58,63,3.08299e-08,4.97492e-09,0.999999
58,64,3.36686e-08,2.53894e-09,0.999995
58,65,4.76541e-08,-9.15913e-10,0.999982
58,66,7.37845e-08,-6.81291e-09,0.999933
58,67,9.45404e-08,-1.55385e-08,0.999749
58,68,8.24299e-08,-2.46563e-08,0.999048
58,69,2.92732e-08,-2.94639e-08,0.996349
58,70,-3.91257e-08,-2.66638e-08,0.985894
58,71,-8.81308e-08,-1.72311e-08,0.945757
58,72,-1.1661e-07,-4.69493e-09,0.801103
58,73,-1.79612e-07,7.87871e-09,0.387783
58,74,-3.36971e-07,1.55458e-08,-0.279391
58,75,-5.13397e-07,3.41958e-09,-0.755143
58,76,-9.40838e-07,-3.65555e-08,-0.932442
58,77,-1.6087e-06,-1.19702e-07,-0.981731
58,78,-2.12596e-06,-2.33031e-07,-0.994658
58,79,-2.84467e-06,2.36637e-08,-0.998322
58,80,-3.967e-06,9.64005e-07,-0.999483
58,81,-5.16623e-06,2.31232e-06,-0.999855
58,82,-5.96356e-06,3.57158e-06,-0.999963
58,83,-6.21471e-06,4.52496e-06,-0.999991
58,84,-5.99213e-06,5.1349e-06,-0.999998
58,85,-5.41652e-06,5.42278e-06,-0.999999
58,86,-4.60984e-06,5.44236e-06,-1
58,87,-3.67801e-06,5.26187e-06,-1
58,88,-2.7032e-06,4.94749e-06,-1
58,89,-1.74259e-06,4.55361e-06,-1
58,90,-8.32808e-07,4.11983e-06,-1
58,91,4.31262e-09,3.67216e-06,-1
58,92,7.56813e-07,3.22601e-06,-1
58,93,1.41896e-06,2.78917e-06,-1
58,94,1.9888e-06,2.3645e-06,-1
58,95,2.46658e-06,1.95188e-06,-1
58,96,2.8537e-06,1.54967e-06,-1
58,97,3.15204e-06,1.1556e-06,-1
58,98,3.36351e-06,7.67358e-07,-1
58,99,3.4897e-06,3.82795e-07,-1
59,0,3.90446e-06,-6.5888e-15,-1
59,1,3.86403e-06,-3.63373e-07,-1
59,2,3.74247e-06,-7.30956e-07,-1
59,3,3.53898e-06,-1.10714e-06,-1
59,4,3.25224e-06,-1.49661e-06,-1
59,5,2.88054e-06,-1.90438e-06,-1
59,6,2.42183e-06,-2.33562e-06,-1
59,7,1.87392e-06,-2.79527e-06,-1
59,8,1.2347e-06,-3.28727e-06,-1
59,9,5.02604e-07,-3.81341e-06,-1
59,10,-3.22468e-07,-4.3714e-06,-1
59,11,-1.2375e-06,-4.95229e-06,-1
59,12,-2.23339e-06,-5.5367e-06,-1
59,13,-3.28988e-06,-6.09028e-06,-1
59,14,-4.36789e-06,-6.55889e-06,-1
59,15,-5.39919e-06,-6.86589e-06,-1
59,16,-6.27692e-06,-6.91674e-06,-0.999998
59,17,-6.85194e-06,-6.61667e-06,-0.999994
59,18,-6.95114e-06,-5.89371e-06,-0.999974
59,19,-6.42834e-06,-4.71344e-06,-0.999899
59,20,-5.30403e-06,-3.12961e-06,-0.999633
59,21,-3.98218e-06,-1.51352e-06,-0.998795
59,22,-2.98703e-06,-4.7389e-07,-0.996225
59,23,-2.27086e-06,-1.29799e-07,-0.987598
59,24,-1.44746e-06,-5.20252e-08,-0.955693
59,25,-7.70099e-07,-3.70621e-08,-0.838799
59,26,-4.60295e-07,-3.30044e-08,-0.486245
59,27,-2.33291e-07,-2.10011e-08,0.152823
59,28,-1.37055e-07,-7.83208e-09,0.683054
59,29,-9.71027e-08,5.06916e-09,0.907052
59,30,-4.33437e-08,1.47442e-08,0.974806
59,31,3.21416e-08,1.78818e-08,0.993261
59,32,9.15181e-08,1.36895e-08,0.998185
59,33,1.04784e-07,5.22973e-09,0.999505
59,34,8.12642e-08,-2.8644e-09,0.999863
59,35,5.18032e-08,-8.137e-09,0.999961
59,36,3.6047e-08,-1.09758e-08,0.999989
59,37,3.28521e-08,-1.28049e-08,0.999997
59,38,3.26418e-08,-1.44643e-08,0.999999
59,39,2.97914e-08,-1.59647e-08,1
59,40,2.40849e-08,-1.70017e-08,1
59,41,1.73627e-08,-1.73627e-08,1
59,42,1.19378e-08,-1.70647e-08,1
59,43,7.21998e-09,-1.62199e-08,1
59,44,2.30615e-09,-1.48535e-08,1
59,45,-1.35439e-09,-1.3022e-08,1
59,46,-3.89062e-09,-1.08571e-08,1
59,47,-6.31039e-09,-8.42523e-09,1
59,48,-8.30447e-09,-5.75377e-09,1
59,49,-9.39727e-09,-2.91476e-09,1
59,50,-9.70766e-09,2.15018e-16,1
59,51,-9.39728e-09,2.91477e-09,1
59,52,-8.30447e-09,5.75377e-09,1
59,53,-6.31039e-09,8.42523e-09,1
59,54,-3.89062e-09,1.08571e-08,1
59,55,-1.35439e-09,1.3022e-08,1
59,56,2.30615e-09,1.48535e-08,1
59,57,7.21998e-09,1.62199e-08,1
59,58,1.19378e-08,1.70647e-08,1
59,59,1.73627e-08,1.73627e-08,1
59,60,2.40849e-08,1.70017e-08,1
59,61,2.97914e-08,1.59647e-08,1
59,62,3.26418e-08,1.44643e-08,0.999999
59,63,3.28521e-08,1.28049e-08,0.999997
59,64,3.6047e-08,1.09758e-08,0.999989
59,65,5.18032e-08,8.137e-09,0.999961
59,66,8.12642e-08,2.8644e-09,0.999863
59,67,1.04784e-07,-5.22973e-09,0.999505
59,68,9.15181e-08,-1.36895e-08,0.998185
59,69,3.21416e-08,-1.78818e-08,0.993261
59,70,-4.33437e-08,-1.47442e-08,0.974806
59,71,-9.71027e-08,-5.06916e-09,0.907052
59,72,-1.37055e-07,7.83208e-09,0.683054
59,73,-2.33291e-07,2.10011e-08,0.152823
59,74,-4.60295e-07,3.30044e-08,-0.486245
59,75,-7.70099e-07,3.70621e-08,-0.838799
59,76,-1.44746e-06,5.20252e-08,-0.955693
59,77,-2.27086e-06,1.29799e-07,-0.987598
59,78,-2.98703e-06,4.7389e-07,-0.996225
59,79,-3.98218e-06,1.51352e-06,-0.998795
59,80,-5.30403e-06,3.12961e-06,-0.999633
59,81,-6.42834e-06,4.71344e-06,-0.999899
59,82,-6.95114e-06,5.89371e-06,-0.999974
59,83,-6.85194e-06,6.61667e-06,-0.999994
59,84,-6.27692e-06,6.91674e-06,-0.999998
59,85,-5.39919e-06,6.86589e-06,-1
59,86,-4.36789e-06,6.55889e-06,-1
59,87,-3.28988e-06,6.09028e-06,-1
59,88,-2.23339e-06,5.5367e-06,-1
59,89,-1.2375e-06,4.95229e-06,-1
59,90,-3.22468e-07,4.3714e-06,-1
59,91,5.02604e-07,3.81341e-06,-1
59,92,1.2347e-06,3.28727e-06,-1
59,93,1.87392e-06,2.79527e-06,-1
59,94,2.42183e-06,2.33562e-06,-1
59,95,2.88054e-06,1.90438e-06,-1
59,96,3.25224e-06,1.49661e-06,-1
59,97,3.53898e-06,1.10714e-06,-1
59,98,3.74247e-06,7.30956e-07,-1
59,99,3.86403e-06,3.63373e-07,-1
60,0,4.25714e-06,-6.01193e-15,-1
60,1,4.21931e-06,-3.43148e-07,-1
60,2,4.10564e-06,-6.92384e-07,-1
60,3,3.91558e-06,-1.05399e-06,-1
60,4,3.6482e-06,-1.43458e-06,-1
60,5,3.30213e-06,-1.8412e-06,-1
60,6,2.87546e-06,-2.28125e-06,-1
60,7,2.36568e-06,-2.76226e-06,-1
60,8,1.76957e-06,-3.29143e-06,-1
60,9,1.08314e-06,-3.87474e-06,-1
60,10,3.01804e-07,-4.51558e-06,-1
60,11,-5.78902e-07,-5.21256e-06,-1
60,12,-1.56164e-06,-5.95612e-06,-1
60,13,-2.64352e-06,-6.72352e-06,-1
60,14,-3.80893e-06,-7.47196e-06,-1
60,15,-5.01683e-06,-8.13016e-06,-1
60,16,-6.1813e-06,-8.59146e-06,-0.999999
60,17,-7.15078e-06,-8.71465e-06,-0.999996
60,18,-7.70584e-06,-8.34433e-06,-0.999983
60,19,-7.60651e-06,-7.35274e-06,-0.999933
60,20,-6.73616e-06,-5.70357e-06,-0.999751
60,21,-5.36889e-06,-3.63436e-06,-0.999169
60,22,-4.12903e-06,-1.81308e-06,-0.997417
60,23,-3.18688e-06,-7.73087e-07,-0.991831
60,24,-2.20039e-06,-3.26162e-07,-0.972069
60,25,-1.2109e-06,-1.46223e-07,-0.899782
60,26,-6.66373e-07,-8.25777e-08,-0.663358
60,27,-3.13472e-07,-4.83148e-08,-0.125064
60,28,-1.67839e-07,-2.65931e-08,0.495172
60,29,-1.07686e-07,-1.12432e-08,0.835382
60,30,-4.64403e-08,-5.09776e-10,0.952861
60,31,3.51407e-08,3.32497e-09,0.986908
60,32,1.00282e-07,-1.10202e-10,0.996352
60,33,1.14587e-07,-7.69949e-09,0.998969
60,34,8.81589e-08,-1.49572e-08,0.999704
60,35,5.53174e-08,-1.94278e-08,0.999913
60,36,3.77781e-08,-2.14814e-08,0.999974
60,37,3.42201e-08,-2.25404e-08,0.999992
60,38,3.39868e-08,-2.34412e-08,0.999997
60,39,3.08164e-08,-2.41883e-08,0.999999
60,40,2.44741e-08,-2.44741e-08,1
60,41,1.70017e-08,-2.40849e-08,1
60,42,1.09752e-08,-2.30377e-08,1
60,43,5.7348e-09,-2.14449e-08,1
60,44,2.72676e-10,-1.9331e-08,1
60,45,-3.79399e-09,-1.67523e-08,1
60,46,-6.61066e-09,-1.38408e-08,1
60,47,-9.29984e-09,-1.06629e-08,1
60,48,-1.15159e-08,-7.24542e-09,1
60,49,-1.27299e-08,-3.66051e-09,1
60,50,-1.30746e-08,-4.73872e-16,1
60,51,-1.27299e-08,3.66051e-09,1
60,52,-1.15159e-08,7.24542e-09,1
60,53,-9.29984e-09,1.06629e-08,1
60,54,-6.61066e-09,1.38408e-08,1
60,55,-3.79399e-09,1.67523e-08,1
60,56,2.72677e-10,1.9331e-08,1
60,57,5.7348e-09,2.14449e-08,1
60,58,1.09752e-08,2.30377e-08,1
60,59,1.70017e-08,2.40849e-08,1
60,60,2.44741e-08,2.44741e-08,1
60,61,3.08164e-08,2.41883e-08,0.999999
60,62,3.39868e-08,2.34412e-08,0.999997
60,63,3.42201e-08,2.25404e-08,0.999992
60,64,3.77781e-08,2.14814e-08,0.999974
60,65,5.53174e-08,1.94278e-08,0.999913
60,66,8.81589e-08,1.49572e-08,0.999704
60,67,1.14587e-07,7.69949e-09,0.998969
60,68,1.00282e-07,1.10201e-10,0.996352
60,69,3.51407e-08,-3.32497e-09,0.986908
60,70,-4.64403e-08,5.09776e-10,0.952861
60,71,-1.07686e-07,1.12432e-08,0.835382
60,72,-1.67839e-07,2.65931e-08,0.495172
60,73,-3.13472e-07,4.83148e-08,-0.125064
60,74,-6.66373e-07,8.25777e-08,-0.663358
60,75,-1.2109e-06,1.46223e-07,-0.899782
60,76,-2.20039e-06,3.26162e-07,-0.972069
60,77,-3.18688e-06,7.73087e-07,-0.991831
60,78,-4.12903e-06,1.81308e-06,-0.997417
60,79,-5.36889e-06,3.63436e-06,-0.999169
60,80,-6.73616e-06,5.70357e-06,-0.999751
60,81,-7.60651e-06,7.35274e-06,-0.999933
60,82,-7.70584e-06,8.34433e-06,-0.999983
60,83,-7.15078e-06,8.71465e-06,-0.999996
60,84,-6.1813e-06,8.59146e-06,-0.999999
60,85,-5.01683e-06,8.13016e-06,-1
60,86,-3.80893e-06,7.47196e-06,-1
60,87,-2.64352e-06,6.72352e-06,-1
60,88,-1.56164e-06,5.95612e-06,-1
60,89,-5.78902e-07,5.21256e-06,-1
60,90,3.01804e-07,4.51558e-06,-1
60,91,1.08314e-06,3.87474e-06,-1
60,92,1.76957e-06,3.29143e-06,-1
60,93,2.36568e-06,2.76226e-06,-1
60,94,2.87546e-06,2.28125e-06,-1
60,95,3.30213e-06,1.8412e-06,-1
60,96,3.6482e-06,1.43458e-06,-1
60,97,3.91558e-06,1.05399e-06,-1
60,98,4.10564e-06,6.92384e-07,-1
60,99,4.21931e-06,3.43148e-07,-1
61,0,4.58905e-06,-5.50457e-15,-1
61,1,4.55461e-06,-3.22282e-07,-1
61,2,4.45121e-06,-6.51953e-07,-1
61,3,4.27858e-06,-9.96588e-07,-1
61,4,4.03619e-06,-1.36411e-06,-1
61,5,3.72313e-06,-1.76293e-06,-1
61,6,3.33789e-06,-2.20192e-06,-1
61,7,2.87812e-06,-2.69044e-06,-1
61,8,2.34025e-06,-3.23803e-06,-1
61,9,1.71912e-06,-3.85402e-06,-1
61,10,1.00754e-06,-4.54667e-06,-1
61,11,1.96088e-07,-5.32178e-06,-1
61,12,-7.26512e-07,-6.18027e-06,-1
61,13,-1.7718e-06,-7.11411e-06,-1
61,14,-2.94708e-06,-8.09955e-06,-1
61,15,-4.24559e-06,-9.08597e-06,-1
61,16,-5.62681e-06,-9.97887e-06,-0.999999
61,17,-6.98403e-06,-1.06179e-05,-0.999997
61,18,-8.10339e-06,-1.07629e-05,-0.999989
61,19,-8.64965e-06,-1.01214e-05,-0.999957
61,20,-8.27704e-06,-8.47104e-06,-0.999839
61,21,-7.01872e-06,-5.96179e-06,-0.999452
61,22,-5.57014e-06,-3.39288e-06,-0.998292
61,23,-4.40499e-06,-1.63575e-06,-0.994762
61,24,-3.2671e-06,-7.54368e-07,-0.982953
61,25,-1.9483e-06,-3.44079e-07,-0.940714
61,26,-1.02654e-06,-1.73208e-07,-0.796282
61,27,-4.47914e-07,-8.91133e-08,-0.404174
61,28,-2.17779e-07,-4.74102e-08,0.223454
61,29,-1.23785e-07,-2.67164e-08,0.704756
61,30,-4.87459e-08,-1.42273e-08,0.908493
61,31,3.91088e-08,-9.30374e-09,0.973382
61,32,1.08901e-07,-1.20093e-08,0.992306
61,33,1.24016e-07,-1.88286e-08,0.997748
61,34,9.45301e-08,-2.52994e-08,0.999328
61,35,5.8201e-08,-2.90427e-08,0.999795
61,36,3.88524e-08,-3.04115e-08,0.999936
61,37,3.49232e-08,-3.08071e-08,0.999979
61,38,3.46607e-08,-3.10597e-08,0.999993
61,39,3.11672e-08,-3.11672e-08,0.999998
61,40,2.41883e-08,-3.08164e-08,0.999999
61,41,1.59647e-08,-2.97914e-08,1
61,42,9.33715e-09,-2.81088e-08,1
61,43,3.57497e-09,-2.58817e-08,1
61,44,-2.43587e-09,-2.31337e-08,1
61,45,-6.90819e-09,-1.99207e-08,1
61,46,-1.00046e-08,-1.63754e-08,1
61,47,-1.29632e-08,-1.25638e-08,1
61,48,-1.54012e-08,-8.51265e-09,1
61,49,-1.67363e-08,-4.29407e-09,1
61,50,-1.71151e-08,-1.85595e-15,1
61,51,-1.67363e-08,4.29407e-09,1
61,52,-1.54012e-08,8.51265e-09,1
61,53,-1.29632e-08,1.25638e-08,1
61,54,-1.00046e-08,1.63754e-08,1
61,55,-6.90819e-09,1.99207e-08,1
61,56,-2.43587e-09,2.31337e-08,1
61,57,3.57497e-09,2.58817e-08,1
61,58,9.33715e-09,2.81088e-08,1
61,59,1.59647e-08,2.97914e-08,1
61,60,2.41883e-08,3.08164e-08,0.999999
61,61,3.11672e-08,3.11672e-08,0.999998
61,62,3.46607e-08,3.10597e-08,0.999993
61,63,3.49232e-08,3.08071e-08,0.999979
61,64,3.88524e-08,3.04115e-08,0.999936
61,65,5.8201e-08,2.90427e-08,0.999795
61,66,9.45301e-08,2.52994e-08,0.999328
61,67,1.24016e-07,1.88286e-08,0.997748
61,68,1.08901e-07,1.20093e-08,0.992306
61,69,3.91088e-08,9.30374e-09,0.973382
61,70,-4.87459e-08,1.42273e-08,0.908493
61,71,-1.23785e-07,2.67164e-08,0.704756
61,72,-2.17779e-07,4.74102e-08,0.223454
61,73,-4.47914e-07,8.91133e-08,-0.404174
61,74,-1.02654e-06,1.73208e-07,-0.796282
61,75,-1.9483e-06,3.44079e-07,-0.940714
61,76,-3.2671e-06,7.54368e-07,-0.982953
61,77,-4.40499e-06,1.63575e-06,-0.994762
61,78,-5.57014e-06,3.39288e-06,-0.998292
61,79,-7.01872e-06,5.96179e-06,-0.999452
61,80,-8.27704e-06,8.47104e-06,-0.999839
61,81,-8.64965e-06,1.01214e-05,-0.999957
61,82,-8.10339e-06,1.07629e-05,-0.999989
61,83,-6.98403e-06,1.06179e-05,-0.999997
61,84,-5.62681e-06,9.97887e-06,-0.999999
61,85,-4.24559e-06,9.08597e-06,-1
61,86,-2.94708e-06,8.09955e-06,-1
61,87,-1.7718e-06,7.11411e-06,-1
61,88,-7.26512e-07,6.18027e-06,-1
61,89,1.96088e-07,5.32178e-06,-1
61,90,1.00754e-06,4.54667e-06,-1
61,91,1.71912e-06,3.85402e-06,-1
61,92,2.34025e-06,3.23803e-06,-1
61,93,2.87812e-06,2.69044e-06,-1
61,94,3.33789e-06,2.20192e-06,-1
61,95,3.72313e-06,1.76293e-06,-1
61,96,4.03619e-06,1.36411e-06,-1
61,97,4.27858e-06,9.96588e-07,-1
61,98,4.45121e-06,6.51953e-07,-1
61,99,4.55461e-06,3.22282e-07,-1
62,0,4.89967e-06,-4.9972e-15,-1
62,1,4.86914e-06,-3.00838e-07,-1
62,2,4.77753e-06,-6.09817e-07,-1
62,3,4.62486e-06,-9.3525e-07,-1
62,4,4.411e-06,-1.28578e-06,-1
62,5,4.13557e-06,-1.67052e-06,-1
62,6,3.79761e-06,-2.09916e-06,-1
62,7,3.3953e-06,-2.58201e-06,-1
62,8,2.9254e-06,-3.13005e-06,-1
62,9,2.38269e-06,-3.75475e-06,-1
62,10,1.75922e-06,-4.46785e-06,-1
62,11,1.04346e-06,-5.28076e-06,-1
62,12,2.19537e-07,-6.20328e-06,-1
62,13,-7.33091e-07,-7.24118e-06,-1
62,14,-1.83883e-06,-8.39114e-06,-1
62,15,-3.12216e-06,-9.63098e-06,-1
62,16,-4.5968e-06,-1.0901e-05,-1
62,17,-6.23998e-06,-1.20706e-05,-0.999998
62,18,-7.93454e-06,-1.28856e-05,-0.999993
62,19,-9.37429e-06,-1.29137e-05,-0.999974
62,20,-1.00035e-05,-1.15836e-05,-0.999901
62,21,-9.31628e-06,-8.618e-06,-0.999656
62,22,-7.71756e-06,-4.93478e-06,-0.998912
62,23,-6.18698e-06,-2.23431e-06,-0.996726
62,24,-4.80669e-06,-1.00084e-06,-0.989855
62,25,-3.15629e-06,-5.02435e-07,-0.9663
62,26,-1.68415e-06,-2.70233e-07,-0.884863
62,27,-6.97878e-07,-1.35512e-07,-0.636988
62,28,-3.05038e-07,-6.70761e-08,-0.110208
62,29,-1.51732e-07,-3.73353e-08,0.481648
62,30,-5.19439e-08,-2.27021e-08,0.818719
62,31,4.52807e-08,-1.66258e-08,0.94382
62,32,1.18336e-07,-1.85184e-08,0.98306
62,33,1.33415e-07,-2.48094e-08,0.994856
62,34,1.007e-07,-3.07524e-08,0.998408
62,35,6.07372e-08,-3.39976e-08,0.999496
62,36,3.95046e-08,-3.49483e-08,0.999836
62,37,3.51865e-08,-3.49767e-08,0.999945
62,38,3.48846e-08,-3.48846e-08,0.999981
62,39,3.10597e-08,-3.46607e-08,0.999993
62,40,2.34412e-08,-3.39868e-08,0.999997
62,41,1.44643e-08,-3.26418e-08,0.999999
62,42,7.23614e-09,-3.06409e-08,1
62,43,9.52315e-10,-2.80971e-08,1
62,44,-5.60811e-09,-2.50325e-08,1
62,45,-1.04859e-08,-2.15028e-08,1
62,46,-1.38617e-08,-1.76412e-08,1
62,47,-1.70898e-08,-1.35134e-08,1
62,48,-1.975e-08,-9.14572e-09,1
62,49,-2.1206e-08,-4.61057e-09,1
62,50,-2.1619e-08,-9.10146e-16,1
62,51,-2.1206e-08,4.61057e-09,1
62,52,-1.975e-08,9.14572e-09,1
62,53,-1.70898e-08,1.35134e-08,1
62,54,-1.38617e-08,1.76412e-08,1
62,55,-1.04859e-08,2.15028e-08,1
62,56,-5.60811e-09,2.50325e-08,1
62,57,9.52316e-10,2.80971e-08,1
62,58,7.23614e-09,3.06409e-08,1
62,59,1.44643e-08,3.26418e-08,0.999999
62,60,2.34412e-08,3.39868e-08,0.999997
62,61,3.10597e-08,3.46607e-08,0.999993
62,62,3.48846e-08,3.48846e-08,0.999981
62,63,3.51865e-08,3.49767e-08,0.999945
62,64,3.95046e-08,3.49483e-08,0.999836
62,65,6.07373e-08,3.39976e-08,0.999496
62,66,1.007e-07,3.07524e-08,0.998408
62,67,1.33415e-07,2.48094e-08,0.994856
62,68,1.18336e-07,1.85184e-08,0.98306
62,69,4.52807e-08,1.66258e-08,0.94382
62,70,-5.19439e-08,2.27021e-08,0.818719
62,71,-1.51732e-07,3.73353e-08,0.481648
62,72,-3.05038e-07,6.70761e-08,-0.110208
62,73,-6.97878e-07,1.35512e-07,-0.636988
62,74,-1.68415e-06,2.70233e-07,-0.884863
62,75,-3.15629e-06,5.02435e-07,-0.9663
62,76,-4.80669e-06,1.00084e-06,-0.989855
62,77,-6.18698e-06,2.23431e-06,-0.996726
62,78,-7.71756e-06,4.93478e-06,-0.998912
62,79,-9.31628e-06,8.618e-06,-0.999656
62,80,-1.00035e-05,1.15836e-05,-0.999901
62,81,-9.37429e-06,1.29137e-05,-0.999974
62,82,-7.93454e-06,1.28856e-05,-0.999993
62,83,-6.23998e-06,1.20706e-05,-0.999998
62,84,-4.5968e-06,1.0901e-05,-1
62,85,-3.12216e-06,9.63098e-06,-1
62,86,-1.83883e-06,8.39114e-06,-1
62,87,-7.33091e-07,7.24118e-06,-1
62,88,2.19537e-07,6.20328e-06,-1
62,89,1.04346e-06,5.28076e-06,-1
62,90,1.75922e-06,4.46785e-06,-1
62,91,2.38269e-06,3.75475e-06,-1
62,92,2.9254e-06,3.13005e-06,-1
62,93,3.3953e-06,2.58201e-06,-1
62,94,3.79761e-06,2.09916e-06,-1
62,95,4.13557e-06,1.67052e-06,-1
62,96,4.411e-06,1.28578e-06,-1
62,97,4.62486e-06,9.3525e-07,-1
62,98,4.77753e-06,6.09817e-07,-1
62,99,4.86914e-06,3.00838e-07,-1
63,0,5.18849e-06,-4.61494e-15,-1
63,1,5.1621e-06,-2.78778e-07,-1
63,2,5.08304e-06,-5.65958e-07,-1
63,3,4.95153e-06,-8.7009e-07,-1
63,4,4.76784e-06,-1.20001e-06,-1
63,5,4.53211e-06,-1.56499e-06,-1
63,6,4.24402e-06,-1.97487e-06,-1
63,7,3.90247e-06,-2.4402e-06,-1
63,8,3.50504e-06,-2.97241e-06,-1
63,9,3.0473e-06,-3.58394e-06,-1
63,10,2.52196e-06,-4.28836e-06,-1
63,11,1.91771e-06,-5.10043e-06,-1
63,12,1.21785e-06,-6.03581e-06,-1
63,13,3.98415e-07,-7.11017e-06,-1
63,14,-5.7387e-07,-8.33659e-06,-1
63,15,-1.74373e-06,-9.71964e-06,-1
63,16,-3.16758e-06,-1.12422e-05,-1
63,17,-4.90632e-06,-1.28381e-05,-0.999999
63,18,-6.9906e-06,-1.43355e-05,-0.999996
63,19,-9.31649e-06,-1.53461e-05,-0.999984
63,20,-1.14194e-05,-1.51186e-05,-0.999942
63,21,-1.23118e-05,-1.26524e-05,-0.999794
63,22,-1.12932e-05,-7.94328e-06,-0.999336
63,23,-9.27966e-06,-3.36171e-06,-0.99801
63,24,-7.2969e-06,-1.07646e-06,-0.99408
63,25,-5.16073e-06,-4.66265e-07,-0.98139
63,26,-2.91449e-06,-3.02377e-07,-0.938328
63,27,-1.19942e-06,-1.69547e-07,-0.7995
63,28,-4.73959e-07,-8.19746e-08,-0.437772
63,29,-2.03395e-07,-4.21527e-08,0.151208
63,30,-5.88688e-08,-2.56869e-08,0.644439
63,31,5.44328e-08,-1.93414e-08,0.878606
63,32,1.30457e-07,-2.03908e-08,0.961333
63,33,1.4363e-07,-2.60717e-08,0.987771
63,34,1.07089e-07,-3.17029e-08,0.996073
63,35,6.33454e-08,-3.46783e-08,0.998708
63,36,4.01019e-08,-3.54206e-08,0.999563
63,37,3.53369e-08,-3.53369e-08,0.999848
63,38,3.49767e-08,-3.51865e-08,0.999945
63,39,3.08071e-08,-3.49232e-08,0.999979
63,40,2.25404e-08,-3.42201e-08,0.999992
63,41,1.28049e-08,-3.28521e-08,0.999997
63,42,4.97492e-09,-3.08299e-08,0.999999
63,43,-1.83165e-09,-2.82652e-08,0.999999
63,44,-8.94395e-09,-2.51787e-08,1
63,45,-1.42278e-08,-2.16255e-08,1
63,46,-1.78829e-08,-1.77402e-08,1
63,47,-2.13812e-08,-1.35884e-08,1
63,48,-2.4264e-08,-9.19601e-09,1
63,49,-2.5841e-08,-4.63578e-09,1
63,50,-2.62882e-08,4.73762e-16,1
63,51,-2.5841e-08,4.63578e-09,1
63,52,-2.4264e-08,9.19601e-09,1
63,53,-2.13812e-08,1.35884e-08,1
63,54,-1.78829e-08,1.77402e-08,1
63,55,-1.42278e-08,2.16255e-08,1
63,56,-8.94395e-09,2.51787e-08,1
63,57,-1.83164e-09,2.82652e-08,0.999999
63,58,4.97492e-09,3.08299e-08,0.999999
63,59,1.28049e-08,3.28521e-08,0.999997
63,60,2.25404e-08,3.42201e-08,0.999992
63,61,3.08071e-08,3.49232e-08,0.999979
63,62,3.49767e-08,3.51865e-08,0.999945
63,63,3.53369e-08,3.53369e-08,0.999848
63,64,4.01019e-08,3.54206e-08,0.999563
63,65,6.33454e-08,3.46784e-08,0.998708
63,66,1.07089e-07,3.17029e-08,0.996073
63,67,1.4363e-07,2.60717e-08,0.987771
63,68,1.30457e-07,2.03908e-08,0.961333
63,69,5.44328e-08,1.93414e-08,0.878606
63,70,-5.88688e-08,2.56869e-08,0.644439
63,71,-2.03395e-07,4.21527e-08,0.151208
63,72,-4.73959e-07,8.19746e-08,-0.437772
63,73,-1.19942e-06,1.69547e-07,-0.7995
63,74,-2.91449e-06,3.02377e-07,-0.938328
63,75,-5.16073e-06,4.66265e-07,-0.98139
63,76,-7.2969e-06,1.07646e-06,-0.99408
63,77,-9.27966e-06,3.36171e-06,-0.99801
63,78,-1.12932e-05,7.94328e-06,-0.999336
63,79,-1.23118e-05,1.26524e-05,-0.999794
63,80,-1.14194e-05,1.51186e-05,-0.999942
63,81,-9.31649e-06,1.53461e-05,-0.999984
63,82,-6.9906e-06,1.43355e-05,-0.999996
63,83,-4.90632e-06,1.28381e-05,-0.999999
63,84,-3.16758e-06,1.12422e-05,-1
63,85,-1.74373e-06,9.71964e-06,-1
63,86,-5.7387e-07,8.33659e-06,-1
63,87,3.98415e-07,7.11017e-06,-1
63,88,1.21785e-06,6.03581e-06,-1
63,89,1.91771e-06,5.10043e-06,-1
63,90,2.52196e-06,4.28836e-06,-1
63,91,3.0473e-06,3.58394e-06,-1
63,92,3.50504e-06,2.97241e-06,-1
63,93,3.90247e-06,2.4402e-06,-1
63,94,4.24402e-06,1.97487e-06,-1
63,95,4.53211e-06,1.56499e-06,-1
63,96,4.76784e-06,1.20001e-06,-1
63,97,4.95153e-06,8.7009e-07,-1
63,98,5.08304e-06,5.65958e-07,-1
63,99,5.1621e-06,2.78778e-07,-1
64,0,5.45489e-06,-4.18403e-15,-1
64,1,5.43268e-06,-2.55973e-07,-1
64,2,5.36621e-06,-5.2019e-07,-1
64,3,5.2559e-06,-8.01008e-07,-1
64,4,5.10237e-06,-1.10702e-06,-1
64,5,4.90619e-06,-1.44717e-06,-1
64,6,4.66771e-06,-1.83092e-06,-1
64,7,4.38663e-06,-2.26842e-06,-1
64,8,4.06153e-06,-2.77075e-06,-1
64,9,3.68927e-06,-3.35017e-06,-1
64,10,3.26408e-06,-4.02052e-06,-1
64,11,2.77641e-06,-4.79757e-06,-1
64,12,2.21122e-06,-5.69947e-06,-1
64,13,1.54553e-06,-6.74685e-06,-1
64,14,7.44663e-07,-7.96252e-06,-1
64,15,-2.43271e-07,-9.36964e-06,-1
64,16,-1.49498e-06,-1.09868e-05,-1
64,17,-3.11969e-06,-1.28159e-05,-0.999999
64,18,-5.25952e-06,-1.48105e-05,-0.999998
64,19,-8.04276e-06,-1.67947e-05,-0.999991
64,20,-1.13856e-05,-1.82649e-05,-0.999967
64,21,-1.45107e-05,-1.80607e-05,-0.999883
64,22,-1.57375e-05,-1.4641e-05,-0.999614
64,23,-1.4292e-05,-8.54703e-06,-0.998831
64,24,-1.15662e-05,-3.43338e-06,-0.99661
64,25,-8.56163e-06,-1.19068e-06,-0.989911
64,26,-5.20568e-06,-5.55969e-07,-0.96819
64,27,-2.24837e-06,-2.84897e-07,-0.89735
64,28,-8.32052e-07,-1.32541e-07,-0.689719
64,29,-3.05831e-07,-6.41656e-08,-0.235726
64,30,-7.27053e-08,-3.85409e-08,0.343988
64,31,6.73642e-08,-3.04348e-08,0.738633
64,32,1.4735e-07,-3.01632e-08,0.909627
64,33,1.56147e-07,-3.40453e-08,0.969943
64,34,1.14041e-07,-3.84362e-08,0.989953
64,35,6.61171e-08,-4.06477e-08,0.99657
64,36,4.07424e-08,-4.07424e-08,0.998795
64,37,3.54206e-08,-4.01019e-08,0.999563
64,38,3.49483e-08,-3.95046e-08,0.999836
64,39,3.04115e-08,-3.88524e-08,0.999936
64,40,2.14814e-08,-3.77781e-08,0.999974
64,41,1.09758e-08,-3.6047e-08,0.999989
64,42,2.53894e-09,-3.36686e-08,0.999995
64,43,-4.79318e-09,-3.07513e-08,0.999998
64,44,-1.24618e-08,-2.73118e-08,0.999999
64,45,-1.81528e-08,-2.34048e-08,0.999999
64,46,-2.20882e-08,-1.91656e-08,1
64,47,-2.58584e-08,-1.46588e-08,1
64,48,-2.89648e-08,-9.9101e-09,1
64,49,-3.06632e-08,-4.99293e-09,1
64,50,-3.11445e-08,2.45675e-16,1
64,51,-3.06632e-08,4.99293e-09,1
64,52,-2.89648e-08,9.9101e-09,1
64,53,-2.58584e-08,1.46588e-08,1
64,54,-2.20882e-08,1.91656e-08,1
64,55,-1.81528e-08,2.34048e-08,0.999999
64,56,-1.24618e-08,2.73118e-08,0.999999
64,57,-4.79318e-09,3.07513e-08,0.999998
64,58,2.53894e-09,3.36686e-08,0.999995
64,59,1.09758e-08,3.6047e-08,0.999989
64,60,2.14814e-08,3.77781e-08,0.999974
64,61,3.04115e-08,3.88524e-08,0.999936
64,62,3.49483e-08,3.95046e-08,0.999836
64,63,3.54206e-08,4.01019e-08,0.999563
64,64,4.07424e-08,4.07424e-08,0.998795
64,65,6.61171e-08,4.06477e-08,0.99657
64,66,1.14041e-07,3.84362e-08,0.989953
64,67,1.56147e-07,3.40453e-08,0.969943
64,68,1.4735e-07,3.01632e-08,0.909627
64,69,6.73642e-08,3.04348e-08,0.738633
64,70,-7.27053e-08,3.85409e-08,0.343988
64,71,-3.05831e-07,6.41656e-08,-0.235726
64,72,-8.32052e-07,1.32541e-07,-0.689719
64,73,-2.24837e-06,2.84897e-07,-0.89735
64,74,-5.20568e-06,5.55969e-07,-0.96819
64,75,-8.56163e-06,1.19068e-06,-0.989911
64,76,-1.15662e-05,3.43338e-06,-0.99661
64,77,-1.4292e-05,8.54703e-06,-0.998831
64,78,-1.57375e-05,1.4641e-05,-0.999614
64,79,-1.45107e-05,1.80607e-05,-0.999883
64,80,-1.13856e-05,1.82649e-05,-0.999967
64,81,-8.04276e-06,1.67947e-05,-0.999991
64,82,-5.25952e-06,1.48105e-05,-0.999998
64,83,-3.11969e-06,1.28159e-05,-0.999999
64,84,-1.49498e-06,1.09868e-05,-1
64,85,-2.43271e-07,9.36964e-06,-1
64,86,7.44663e-07,7.96252e-06,-1
64,87,1.54553e-06,6.74685e-06,-1
64,88,2.21122e-06,5.69947e-06,-1
64,89,2.77641e-06,4.79757e-06,-1
64,90,3.26408e-06,4.02052e-06,-1
64,91,3.68927e-06,3.35017e-06,-1
64,92,4.06153e-06,2.77075e-06,-1
64,93,4.38663e-06,2.26842e-06,-1
64,94,4.66771e-06,1.83092e-06,-1
64,95,4.90619e-06,1.44717e-06,-1
64,96,5.10237e-06,1.10702e-06,-1
64,97,5.2559e-06,8.01008e-07,-1
64,98,5.36621e-06,5.2019e-07,-1
64,99,5.43268e-06,2.55973e-07,-1
65,0,5.69807e-06,-3.74617e-15,-1
65,1,5.67987e-06,-2.3222e-07,-1
65,2,5.62547e-06,-4.72177e-07,-1
65,3,5.53545e-06,-7.27688e-07,-1
65,4,5.41066e-06,-1.00673e-06,-1
65,5,5.25208e-06,-1.31756e-06,-1
65,6,5.0606e-06,-1.66882e-06,-1
65,7,4.83665e-06,-2.06975e-06,-1
65,8,4.57989e-06,-2.5304e-06,-1
65,9,4.28853e-06,-3.06196e-06,-1
65,10,3.95865e-06,-3.67719e-06,-1
65,11,3.58308e-06,-4.39096e-06,-1
65,12,3.14974e-06,-5.22094e-06,-1
65,13,2.63912e-06,-6.18842e-06,-1
65,14,2.02035e-06,-7.31948e-06,-1
65,15,1.24503e-06,-8.64644e-06,-1
65,16,2.3787e-07,-1.021e-05,-1
65,17,-1.11624e-06,-1.2061e-05,-1
65,18,-2.98842e-06,-1.42591e-05,-0.999999
65,19,-5.61064e-06,-1.68514e-05,-0.999995
65,20,-9.215e-06,-1.97712e-05,-0.999982
65,21,-1.37061e-05,-2.2489e-05,-0.999937
65,22,-1.78654e-05,-2.33217e-05,-0.999787
65,23,-1.9357e-05,-1.98795e-05,-0.999341
65,24,-1.74968e-05,-1.28729e-05,-0.998102
65,25,-1.38602e-05,-6.56996e-06,-0.994597
65,26,-9.18338e-06,-3.00489e-06,-0.98395
65,27,-4.37256e-06,-1.28767e-06,-0.950104
65,28,-1.6153e-06,-5.28798e-07,-0.846095
65,29,-5.21493e-07,-2.284e-07,-0.572489
65,30,-9.70425e-08,-1.18358e-07,-0.0670999
65,31,8.94069e-08,-8.18191e-08,0.467392
65,32,1.71676e-07,-7.1577e-08,0.789156
65,33,1.72535e-07,-6.9613e-08,0.9245
65,34,1.21815e-07,-6.93926e-08,0.973518
65,35,6.83919e-08,-6.83919e-08,0.990592
65,36,4.06477e-08,-6.61171e-08,0.99657
65,37,3.46784e-08,-6.33454e-08,0.998708
65,38,3.39976e-08,-6.07372e-08,0.999496
65,39,2.90427e-08,-5.8201e-08,0.999795
65,40,1.94278e-08,-5.53174e-08,0.999913
65,41,8.137e-09,-5.18032e-08,0.999961
65,42,-9.15912e-10,-4.76541e-08,0.999982
65,43,-8.77833e-09,-4.29782e-08,0.999991
65,44,-1.70076e-08,-3.77877e-08,0.999995
65,45,-2.3108e-08,-3.21325e-08,0.999997
65,46,-2.73247e-08,-2.61466e-08,0.999998
65,47,-3.1369e-08,-1.98939e-08,0.999999
65,48,-3.46996e-08,-1.33996e-08,0.999999
65,49,-3.65195e-08,-6.73744e-09,0.999999
65,50,-3.7035e-08,-9.9952e-17,0.999999
65,51,-3.65195e-08,6.73744e-09,0.999999
65,52,-3.46996e-08,1.33996e-08,0.999999
65,53,-3.1369e-08,1.98939e-08,0.999999
65,54,-2.73247e-08,2.61466e-08,0.999998
65,55,-2.3108e-08,3.21325e-08,0.999997
65,56,-1.70076e-08,3.77877e-08,0.999995
65,57,-8.77833e-09,4.29782e-08,0.999991
65,58,-9.15912e-10,4.76541e-08,0.999982
65,59,8.137e-09,5.18032e-08,0.999961
65,60,1.94278e-08,5.53174e-08,0.999913
65,61,2.90427e-08,5.8201e-08,0.999795
65,62,3.39976e-08,6.07372e-08,0.999496
65,63,3.46784e-08,6.33454e-08,0.998708
65,64,4.06477e-08,6.61171e-08,0.99657
65,65,6.83919e-08,6.83919e-08,0.990592
65,66,1.21815e-07,6.93926e-08,0.973518
65,67,1.72535e-07,6.9613e-08,0.9245
65,68,1.71676e-07,7.1577e-08,0.789156
65,69,8.94069e-08,8.18191e-08,0.467392
65,70,-9.70425e-08,1.18358e-07,-0.0670999
65,71,-5.21493e-07,2.284e-07,-0.572489
65,72,-1.6153e-06,5.28798e-07,-0.846095
65,73,-4.37256e-06,1.28767e-06,-0.950104
65,74,-9.18338e-06,3.00489e-06,-0.98395
65,75,-1.38602e-05,6.56996e-06,-0.994597
65,76,-1.74968e-05,1.28729e-05,-0.998102
65,77,-1.9357e-05,1.98795e-05,-0.999341
65,78,-1.78654e-05,2.33217e-05,-0.999787
65,79,-1.37061e-05,2.2489e-05,-0.999937
65,80,-9.215e-06,1.97712e-05,-0.999982
65,81,-5.61064e-06,1.68514e-05,-0.999995
65,82,-2.98842e-06,1.42591e-05,-0.999999
65,83,-1.11624e-06,1.2061e-05,-1
65,84,2.3787e-07,1.021e-05,-1
65,85,1.24503e-06,8.64644e-06,-1
65,86,2.02035e-06,7.31948e-06,-1
65,87,2.63912e-06,6.18842e-06,-1
65,88,3.14974e-06,5.22094e-06,-1
65,89,3.58308e-06,4.39096e-06,-1
65,90,3.95865e-06,3.67719e-06,-1
65,91,4.28853e-06,3.06196e-06,-1
65,92,4.57989e-06,2.5304e-06,-1
65,93,4.83665e-06,2.06975e-06,-1
65,94,5.0606e-06,1.66882e-06,-1
65,95,5.25208e-06,1.31756e-06,-1
65,96,5.41066e-06,1.00673e-06,-1
65,97,5.53545e-06,7.27688e-07,-1
65,98,5.62547e-06,4.72177e-07,-1
65,99,5.67987e-06,2.3222e-07,-1
66,0,5.91702e-06,-3.28745e-15,-1
66,1,5.90251e-06,-2.07259e-07,-1
66,2,5.85919e-06,-4.21471e-07,-1
66,3,5.78774e-06,-6.49633e-07,-1
66,4,5.68917e-06,-8.98832e-07,-1
66,5,5.56476e-06,-1.17632e-06,-1
66,6,5.41577e-06,-1.4896e-06,-1
66,7,5.24328e-06,-1.84661e-06,-1
66,8,5.04778e-06,-2.25587e-06,-1
66,9,4.82873e-06,-2.72684e-06,-1
66,10,4.58393e-06,-3.27024e-06,-1
66,11,4.30855e-06,-3.89865e-06,-1
66,12,3.99375e-06,-4.62724e-06,-1
66,13,3.62455e-06,-5.47504e-06,-1
66,14,3.17666e-06,-6.4668e-06,-1
66,15,2.61169e-06,-7.63651e-06,-1
66,16,1.87023e-06,-9.03332e-06,-1
66,17,8.61803e-07,-1.07318e-05,-1
66,18,-5.48724e-07,-1.2848e-05,-0.999999
66,19,-2.5609e-06,-1.55547e-05,-0.999997
66,20,-5.45758e-06,-1.90726e-05,-0.999991
66,21,-9.56237e-06,-2.35276e-05,-0.999967
66,22,-1.48274e-05,-2.83558e-05,-0.999888
66,23,-1.97698e-05,-3.10982e-05,-0.999647
66,24,-2.1706e-05,-2.81537e-05,-0.998972
66,25,-1.97938e-05,-2.00225e-05,-0.997143
66,26,-1.48247e-05,-1.14763e-05,-0.991979
66,27,-8.10977e-06,-5.48971e-06,-0.976449
66,28,-3.21679e-06,-2.32282e-06,-0.928919
66,29,-9.73143e-07,-9.58397e-07,-0.792646
66,30,-1.32865e-07,-4.2717e-07,-0.470225
66,31,1.41398e-07,-2.33156e-07,0.0485448
66,32,2.13649e-07,-1.66371e-07,0.534119
66,33,1.95111e-07,-1.42585e-07,0.811091
66,34,1.30762e-07,-1.30762e-07,0.92892
66,35,6.93926e-08,-1.21815e-07,0.973518
66,36,3.84362e-08,-1.14041e-07,0.989953
66,37,3.17029e-08,-1.07089e-07,0.996073
66,38,3.07524e-08,-1.007e-07,0.998408
66,39,2.52994e-08,-9.45301e-08,0.999328
66,40,1.49572e-08,-8.81589e-08,0.999704
66,41,2.8644e-09,-8.12642e-08,0.999863
66,42,-6.81291e-09,-7.37845e-08,0.999933
66,43,-1.52112e-08,-6.58019e-08,0.999965
66,44,-2.40055e-08,-5.73228e-08,0.999981
66,45,-3.05161e-08,-4.83943e-08,0.999989
66,46,-3.50135e-08,-3.91471e-08,0.999993
66,47,-3.93318e-08,-2.96402e-08,0.999995
66,48,-4.28874e-08,-1.98952e-08,0.999996
66,49,-4.48283e-08,-9.98445e-09,0.999997
66,50,-4.53776e-08,-3.72571e-16,0.999997
66,51,-4.48283e-08,9.98445e-09,0.999997
66,52,-4.28874e-08,1.98952e-08,0.999996
66,53,-3.93318e-08,2.96402e-08,0.999995
66,54,-3.50135e-08,3.91471e-08,0.999993
66,55,-3.05161e-08,4.83943e-08,0.999989
66,56,-2.40055e-08,5.73228e-08,0.999981
66,57,-1.52112e-08,6.58019e-08,0.999965
66,58,-6.81291e-09,7.37845e-08,0.999933
66,59,2.8644e-09,8.12642e-08,0.999863
66,60,1.49572e-08,8.81589e-08,0.999704
66,61,2.52994e-08,9.45301e-08,0.999328
66,62,3.07524e-08,1.007e-07,0.998408
66,63,3.17029e-08,1.07089e-07,0.996073
66,64,3.84362e-08,1.14041e-07,0.989953
66,65,6.93926e-08,1.21815e-07,0.973518
66,66,1.30762e-07,1.30762e-07,0.92892
66,67,1.95111e-07,1.42585e-07,0.811091
66,68,2.13649e-07,1.66371e-07,0.534119
66,69,1.41398e-07,2.33156e-07,0.0485448
66,70,-1.32865e-07,4.2717e-07,-0.470225
66,71,-9.73143e-07,9.58397e-07,-0.792646
66,72,-3.21679e-06,2.32282e-06,-0.928919
66,73,-8.10977e-06,5.48971e-06,-0.976449
66,74,-1.48247e-05,1.14763e-05,-0.991979
66,75,-1.97938e-05,2.00225e-05,-0.997143
66,76,-2.1706e-05,2.81537e-05,-0.998972
66,77,-1.97698e-05,3.10982e-05,-0.999647
66,78,-1.48274e-05,2.83558e-05,-0.999888
66,79,-9.56237e-06,2.35276e-05,-0.999967
66,80,-5.45758e-06,1.90726e-05,-0.999991
66,81,-2.5609e-06,1.55547e-05,-0.999997
66,82,-5.48724e-07,1.2848e-05,-0.999999
66,83,8.61803e-07,1.07318e-05,-1
66,84,1.87023e-06,9.03332e-06,-1
66,85,2.61169e-06,7.63651e-06,-1
66,86,3.17666e-06,6.4668e-06,-1
66,87,3.62455e-06,5.47504e-06,-1
66,88,3.99375e-06,4.62724e-06,-1
66,89,4.30855e-06,3.89865e-06,-1
66,90,4.58393e-06,3.27024e-06,-1
66,91,4.82873e-06,2.72684e-06,-1
66,92,5.04778e-06,2.25587e-06,-1
66,93,5.24328e-06,1.84661e-06,-1
66,94,5.41577e-06,1.4896e-06,-1
66,95,5.56476e-06,1.17632e-06,-1
66,96,5.68917e-06,8.98832e-07,-1
66,97,5.78774e-06,6.49633e-07,-1
66,98,5.85919e-06,4.21471e-07,-1
66,99,5.90251e-06,2.07259e-07,-1
67,0,6.11041e-06,-2.83569e-15,-1
67,1,6.09913e-06,-1.808e-07,-1
67,2,6.06554e-06,-3.67555e-07,-1
67,3,6.01033e-06,-5.66224e-07,-1
67,4,5.93461e-06,-7.82785e-07,-1
67,5,5.83978e-06,-1.02326e-06,-1
67,6,5.72736e-06,-1.2938e-06,-1
67,7,5.59881e-06,-1.60071e-06,-1
67,8,5.45522e-06,-1.9507e-06,-1
67,9,5.29697e-06,-2.351e-06,-1
67,10,5.12316e-06,-2.80975e-06,-1
67,11,4.93095e-06,-3.33644e-06,-1
67,12,4.71443e-06,-3.9427e-06,-1
67,13,4.46326e-06,-4.6436e-06,-1
67,14,4.16066e-06,-5.45998e-06,-1
67,15,3.78093e-06,-6.42245e-06,-1
67,16,3.2864e-06,-7.57833e-06,-1
67,17,2.62335e-06,-9.00302e-06,-1
67,18,1.71572e-06,-1.0817e-05,-1
67,19,4.49832e-07,-1.32079e-05,-0.999999
67,20,-1.35885e-06,-1.64496e-05,-0.999995
67,21,-4.03891e-06,-2.08774e-05,-0.999984
67,22,-8.09792e-06,-2.6682e-05,-0.999944
67,23,-1.37404e-05,-3.31041e-05,-0.999821
67,24,-1.94842e-05,-3.69857e-05,-0.999467
67,25,-2.22563e-05,-3.41582e-05,-0.998521
67,26,-2.00245e-05,-2.51115e-05,-0.99601
67,27,-1.31142e-05,-1.47001e-05,-0.988995
67,28,-5.93791e-06,-7.10265e-06,-0.968432
67,29,-1.81547e-06,-3.07619e-06,-0.90849
67,30,-1.54696e-07,-1.30299e-06,-0.748238
67,31,2.8657e-07,-5.94672e-07,-0.401713
67,32,3.10071e-07,-3.30799e-07,0.106169
67,33,2.34684e-07,-2.34683e-07,0.555052
67,34,1.42585e-07,-1.95111e-07,0.811091
67,35,6.9613e-08,-1.72535e-07,0.9245
67,36,3.40453e-08,-1.56147e-07,0.969943
67,37,2.60717e-08,-1.4363e-07,0.987771
67,38,2.48094e-08,-1.33415e-07,0.994856
67,39,1.88286e-08,-1.24016e-07,0.997748
67,40,7.69949e-09,-1.14587e-07,0.998969
67,41,-5.22973e-09,-1.04784e-07,0.999505
67,42,-1.55385e-08,-9.45404e-08,0.999749
67,43,-2.44741e-08,-8.38831e-08,0.999865
67,44,-3.38375e-08,-7.27709e-08,0.999923
67,45,-4.07594e-08,-6.12325e-08,0.999953
67,46,-4.55362e-08,-4.93953e-08,0.999969
67,47,-5.01271e-08,-3.73147e-08,0.999977
67,48,-5.39071e-08,-2.50066e-08,0.999982
67,49,-5.59678e-08,-1.25388e-08,0.999985
67,50,-5.65506e-08,-1.19927e-15,0.999985
67,51,-5.59678e-08,1.25388e-08,0.999985
67,52,-5.39071e-08,2.50066e-08,0.999982
67,53,-5.01271e-08,3.73147e-08,0.999977
67,54,-4.55362e-08,4.93953e-08,0.999969
67,55,-4.07594e-08,6.12325e-08,0.999953
67,56,-3.38375e-08,7.27709e-08,0.999923
67,57,-2.44741e-08,8.38831e-08,0.999865
67,58,-1.55385e-08,9.45404e-08,0.999749
67,59,-5.22973e-09,1.04784e-07,0.999505
67,60,7.69949e-09,1.14587e-07,0.998969
67,61,1.88286e-08,1.24016e-07,0.997748
67,62,2.48094e-08,1.33415e-07,0.994856
67,63,2.60717e-08,1.4363e-07,0.987771
67,64,3.40453e-08,1.56147e-07,0.969943
67,65,6.9613e-08,1.72535e-07,0.9245
67,66,1.42585e-07,1.95111e-07,0.811091
67,67,2.34683e-07,2.34683e-07,0.555052
67,68,3.10071e-07,3.30799e-07,0.106169
67,69,2.8657e-07,5.94672e-07,-0.401713
67,70,-1.54696e-07,1.30299e-06,-0.748238
67,71,-1.81547e-06,3.07619e-06,-0.90849
67,72,-5.93791e-06,7.10265e-06,-0.968432
67,73,-1.31142e-05,1.47001e-05,-0.988995
67,74,-2.00245e-05,2.51115e-05,-0.99601
67,75,-2.22563e-05,3.41582e-05,-0.998521
67,76,-1.94842e-05,3.69857e-05,-0.999467
67,77,-1.37404e-05,3.31041e-05,-0.999821
67,78,-8.09792e-06,2.6682e-05,-0.999944
67,79,-4.03891e-06,2.08774e-05,-0.999984
67,80,-1.35885e-06,1.64496e-05,-0.999995
67,81,4.49832e-07,1.32079e-05,-0.999999
67,82,1.71572e-06,1.0817e-05,-1
67,83,2.62335e-06,9.00302e-06,-1
67,84,3.2864e-06,7.57833e-06,-1
67,85,3.78093e-06,6.42245e-06,-1
67,86,4.16066e-06,5.45998e-06,-1
67,87,4.46326e-06,4.6436e-06,-1
67,88,4.71443e-06,3.9427e-06,-1
67,89,4.93095e-06,3.33644e-06,-1
67,90,5.12316e-06,2.80975e-06,-1
67,91,5.29697e-06,2.351e-06,-1
67,92,5.45522e-06,1.9507e-06,-1
67,93,5.59881e-06,1.60071e-06,-1
67,94,5.72736e-06,1.2938e-06,-1
67,95,5.83978e-06,1.02326e-06,-1
67,96,5.93461e-06,7.82785e-07,-1
67,97,6.01033e-06,5.66224e-07,-1
67,98,6.06554e-06,3.67555e-07,-1
67,99,6.09913e-06,1.808e-07,-1
68,0,6.27662e-06,-2.37697e-15,-1
68,1,6.26804e-06,-1.5255e-07,-1
68,2,6.24253e-06,-3.09893e-07,-1
68,3,6.20077e-06,-4.76792e-07,-1
68,4,6.14385e-06,-6.57955e-07,-1
68,5,6.07318e-06,-8.58023e-07,-1
68,6,5.99033e-06,-1.08158e-06,-1
68,7,5.89689e-06,-1.3332e-06,-1
68,8,5.79426e-06,-1.6175e-06,-1
68,9,5.6833e-06,-1.93932e-06,-1
68,10,5.56397e-06,-2.3039e-06,-1
68,11,5.43485e-06,-2.71733e-06,-1
68,12,5.29244e-06,-3.18725e-06,-1
68,13,5.13052e-06,-3.72407e-06,-1
68,14,4.93942e-06,-4.3431e-06,-1
68,15,4.70559e-06,-5.06805e-06,-1
68,16,4.41145e-06,-5.9363e-06,-1
68,17,4.03533e-06,-7.00619e-06,-1
68,18,3.54887e-06,-8.36566e-06,-1
68,19,2.90626e-06,-1.01412e-05,-0.999999
68,20,2.00981e-06,-1.25037e-05,-0.999998
68,21,6.3397e-07,-1.56699e-05,-0.999992
68,22,-1.70519e-06,-1.98713e-05,-0.999973
68,23,-5.78988e-06,-2.51703e-05,-0.999914
68,24,-1.20001e-05,-3.07727e-05,-0.999739
68,25,-1.85733e-05,-3.39546e-05,-0.999262
68,26,-2.1386e-05,-3.1424e-05,-0.998037
68,27,-1.74346e-05,-2.3282e-05,-0.994852
68,28,-9.40085e-06,-1.37111e-05,-0.986148
68,29,-3.04709e-06,-6.72588e-06,-0.961569
68,30,-3.25847e-08,-2.95506e-06,-0.893612
68,31,6.98235e-07,-1.25213e-06,-0.723109
68,32,5.66772e-07,-5.66772e-07,-0.377773
68,33,3.30799e-07,-3.10071e-07,0.106169
68,34,1.66371e-07,-2.13649e-07,0.534119
68,35,7.1577e-08,-1.71676e-07,0.789156
68,36,3.01632e-08,-1.4735e-07,0.909627
68,37,2.03908e-08,-1.30457e-07,0.961333
68,38,1.85184e-08,-1.18336e-07,0.98306
68,39,1.20093e-08,-1.08901e-07,0.992306
68,40,1.10202e-10,-1.00282e-07,0.996352
68,41,-1.36895e-08,-9.15181e-08,0.998185
68,42,-2.46563e-08,-8.24299e-08,0.999048
68,43,-3.4133e-08,-7.30741e-08,0.999471
68,44,-4.40639e-08,-6.33903e-08,0.999687
68,45,-5.13956e-08,-5.33562e-08,0.999802
68,46,-5.6452e-08,-4.30613e-08,0.999865
68,47,-6.13166e-08,-3.25444e-08,0.999901
68,48,-6.53207e-08,-2.18157e-08,0.999921
68,49,-6.75001e-08,-1.09398e-08,0.999931
68,50,-6.81158e-08,-1.38658e-15,0.999934
68,51,-6.75001e-08,1.09398e-08,0.999931
68,52,-6.53207e-08,2.18157e-08,0.999921
68,53,-6.13166e-08,3.25444e-08,0.999901
68,54,-5.6452e-08,4.30613e-08,0.999865
68,55,-5.13956e-08,5.33562e-08,0.999802
68,56,-4.40639e-08,6.33903e-08,0.999687
68,57,-3.4133e-08,7.30741e-08,0.999471
68,58,-2.46563e-08,8.24299e-08,0.999048
68,59,-1.36895e-08,9.15181e-08,0.998185
68,60,1.10202e-10,1.00282e-07,0.996352
68,61,1.20093e-08,1.08901e-07,0.992306
68,62,1.85184e-08,1.18336e-07,0.98306
68,63,2.03908e-08,1.30457e-07,0.961333
68,64,3.01632e-08,1.4735e-07,0.909627
68,65,7.1577e-08,1.71676e-07,0.789156
68,66,1.66371e-07,2.13649e-07,0.534119
68,67,3.30799e-07,3.10071e-07,0.106169
68,68,5.66772e-07,5.66772e-07,-0.377773
68,69,6.98235e-07,1.25213e-06,-0.723109
68,70,-3.25847e-08,2.95506e-06,-0.893612
68,71,-3.04709e-06,6.72588e-06,-0.961569
68,72,-9.40085e-06,1.37111e-05,-0.986148
68,73,-1.74346e-05,2.3282e-05,-0.994852
68,74,-2.1386e-05,3.1424e-05,-0.998037
68,75,-1.85733e-05,3.39546e-05,-0.999262
68,76,-1.20001e-05,3.07727e-05,-0.999739
68,77,-5.78988e-06,2.51703e-05,-0.999914
68,78,-1.70519e-06,1.98713e-05,-0.999973
68,79,6.3397e-07,1.56699e-05,-0.999992
68,80,2.00981e-06,1.25037e-05,-0.999998
68,81,2.90626e-06,1.01412e-05,-0.999999
68,82,3.54887e-06,8.36566e-06,-1
68,83,4.03533e-06,7.00619e-06,-1
68,84,4.41145e-06,5.9363e-06,-1
68,85,4.70559e-06,5.06805e-06,-1
68,86,4.93942e-06,4.3431e-06,-1
68,87,5.13052e-06,3.72407e-06,-1
68,88,5.29244e-06,3.18725e-06,-1
68,89,5.43485e-06,2.71733e-06,-1
68,90,5.56397e-06,2.3039e-06,-1
68,91,5.6833e-06,1.93932e-06,-1
68,92,5.79426e-06,1.6175e-06,-1
68,93,5.89689e-06,1.3332e-06,-1
68,94,5.99033e-06,1.08158e-06,-1
68,95,6.07318e-06,8.58023e-07,-1
68,96,6.14385e-06,6.57955e-07,-1
68,97,6.20077e-06,4.76792e-07,-1
68,98,6.24253e-06,3.09893e-07,-1
68,99,6.26804e-06,1.5255e-07,-1
69,0,6.41374e-06,-1.93911e-15,-1
69,1,6.40724e-06,-1.22236e-07,-1
69,2,6.38796e-06,-2.47987e-07,-1
69,3,6.35651e-06,-3.80702e-07,-1
69,4,6.31388e-06,-5.23708e-07,-1
69,5,6.26132e-06,-6.80153e-07,-1
69,6,6.20029e-06,-8.52969e-07,-1
69,7,6.13228e-06,-1.04486e-06,-1
69,8,6.05861e-06,-1.2583e-06,-1
69,9,5.98026e-06,-1.49563e-06,-1
69,10,5.89755e-06,-1.75915e-06,-1
69,11,5.8099e-06,-2.05149e-06,-1
69,12,5.71551e-06,-2.3761e-06,-1
69,13,5.61129e-06,-2.73824e-06,-1
69,14,5.49301e-06,-3.14638e-06,-1
69,15,5.35586e-06,-3.61412e-06,-1
69,16,5.19517e-06,-4.16224e-06,-1
69,17,5.00628e-06,-4.81982e-06,-1
69,18,4.78045e-06,-5.62266e-06,-1
69,19,4.49123e-06,-6.60683e-06,-1
69,20,4.06047e-06,-7.79793e-06,-0.999999
69,21,3.29731e-06,-9.20542e-06,-0.999996
69,22,1.81034e-06,-1.08404e-05,-0.999988
69,23,-1.05159e-06,-1.27659e-05,-0.999961
69,24,-6.01993e-06,-1.51114e-05,-0.999879
69,25,-1.29538e-05,-1.78138e-05,-0.99965
69,26,-1.90633e-05,-1.98488e-05,-0.99906
69,27,-1.94491e-05,-1.90451e-05,-0.997595
69,28,-1.27049e-05,-1.4538e-05,-0.993887
69,29,-4.40336e-06,-8.70542e-06,-0.984079
69,30,5.65246e-07,-4.2391e-06,-0.957595
69,31,1.78063e-06,-1.78063e-06,-0.888164
69,32,1.25213e-06,-6.98235e-07,-0.723109
69,33,5.94672e-07,-2.8657e-07,-0.401713
69,34,2.33156e-07,-1.41398e-07,0.0485448
69,35,8.18191e-08,-8.94069e-08,0.467392
69,36,3.04348e-08,-6.73642e-08,0.738633
69,37,1.93414e-08,-5.44328e-08,0.878606
69,38,1.66258e-08,-4.52807e-08,0.94382
69,39,9.30374e-09,-3.91088e-08,0.973382
69,40,-3.32497e-09,-3.51407e-08,0.986908
69,41,-1.78818e-08,-3.21416e-08,0.993261
69,42,-2.94639e-08,-2.92732e-08,0.996349
69,43,-3.94866e-08,-2.62677e-08,0.997908
69,44,-4.99912e-08,-2.3029e-08,0.998726
69,45,-5.77255e-08,-1.95608e-08,0.999172
69,46,-6.30519e-08,-1.5942e-08,0.999423
69,47,-6.81866e-08,-1.21722e-08,0.999566
69,48,-7.24155e-08,-8.22476e-09,0.999648
69,49,-7.47151e-08,-4.14254e-09,0.999689
69,50,-7.53644e-08,-8.05611e-16,0.999702
69,51,-7.47151e-08,4.14254e-09,0.999689
69,52,-7.24155e-08,8.22475e-09,0.999648
69,53,-6.81866e-08,1.21722e-08,0.999566
69,54,-6.30519e-08,1.5942e-08,0.999423
69,55,-5.77255e-08,1.95608e-08,0.999172
69,56,-4.99912e-08,2.3029e-08,0.998726
69,57,-3.94866e-08,2.62677e-08,0.997908
69,58,-2.94639e-08,2.92732e-08,0.996349
69,59,-1.78818e-08,3.21416e-08,0.993261
69,60,-3.32497e-09,3.51407e-08,0.986908
69,61,9.30374e-09,3.91088e-08,0.973382
69,62,1.66258e-08,4.52807e-08,0.94382
69,63,1.93414e-08,5.44328e-08,0.878606
69,64,3.04348e-08,6.73642e-08,0.738633
69,65,8.18191e-08,8.94069e-08,0.467392
69,66,2.33156e-07,1.41398e-07,0.0485448
69,67,5.94672e-07,2.8657e-07,-0.401713
69,68,1.25213e-06,6.98235e-07,-0.723109
69,69,1.78063e-06,1.78063e-06,-0.888164
69,70,5.65246e-07,4.2391e-06,-0.957595
69,71,-4.40336e-06,8.70542e-06,-0.984079
69,72,-1.27049e-05,1.4538e-05,-0.993887
69,73,-1.94491e-05,1.90451e-05,-0.997595
69,74,-1.90633e-05,1.98488e-05,-0.99906
69,75,-1.29538e-05,1.78138e-05,-0.99965
69,76,-6.01993e-06,1.51114e-05,-0.999879
69,77,-1.05159e-06,1.27659e-05,-0.999961
69,78,1.81034e-06,1.08404e-05,-0.999988
69,79,3.29731e-06,9.20542e-06,-0.999996
69,80,4.06047e-06,7.79793e-06,-0.999999
69,81,4.49123e-06,6.60683e-06,-1
69,82,4.78045e-06,5.62266e-06,-1
69,83,5.00628e-06,4.81982e-06,-1
69,84,5.19517e-06,4.16224e-06,-1
69,85,5.35586e-06,3.61412e-06,-1
69,86,5.49301e-06,3.14638e-06,-1
69,87,5.61129e-06,2.73824e-06,-1
69,88,5.71551e-06,2.3761e-06,-1
69,89,5.8099e-06,2.05149e-06,-1
69,90,5.89755e-06,1.75915e-06,-1
69,91,5.98026e-06,1.49563e-06,-1
69,92,6.05861e-06,1.2583e-06,-1
69,93,6.13228e-06,1.04486e-06,-1
69,94,6.20029e-06,8.52969e-07,-1
69,95,6.26132e-06,6.80153e-07,-1
69,96,6.31388e-06,5.23708e-07,-1
69,97,6.35651e-06,3.80702e-07,-1
69,98,6.38796e-06,2.47987e-07,-1
69,99,6.40724e-06,1.22236e-07,-1
70,0,6.51959e-06,-1.44564e-15,-1
70,1,6.51452e-06,-8.96379e-08,-1
70,2,6.49948e-06,-1.81433e-07,-1
70,3,6.47497e-06,-2.77447e-07,-1
70,4,6.44177e-06,-3.79549e-07,-1
70,5,6.40088e-06,-4.89331e-07,-1
70,6,6.35344e-06,-6.08023e-07,-1
70,7,6.30059e-06,-7.36423e-07,-1
70,8,6.24332e-06,-8.74855e-07,-1
70,9,6.18232e-06,-1.02316e-06,-1
70,10,6.11778e-06,-1.18073e-06,-1
70,11,6.04932e-06,-1.34669e-06,-1
70,12,5.9759e-06,-1.52017e-06,-1
70,13,5.896e-06,-1.70064e-06,-1
70,14,5.80789e-06,-1.88825e-06,-1
70,15,5.70997e-06,-2.08368e-06,-1
70,16,5.60017e-06,-2.28655e-06,-1
70,17,5.47297e-06,-2.49116e-06,-1
70,18,5.31069e-06,-2.67792e-06,-1
70,19,5.06493e-06,-2.80046e-06,-1
70,20,4.62542e-06,-2.77219e-06,-0.999999
70,21,3.77702e-06,-2.46259e-06,-0.999998
70,22,2.16345e-06,-1.7283e-06,-0.999995
70,23,-6.94365e-07,-5.11835e-07,-0.999983
70,24,-5.23969e-06,9.76883e-07,-0.999947
70,25,-1.14527e-05,2.03979e-06,-0.999844
70,26,-1.7913e-05,1.54587e-06,-0.999571
70,27,-2.07939e-05,-8.35605e-07,-0.998897
70,28,-1.60574e-05,-3.13662e-06,-0.997283
70,29,-6.07473e-06,-3.33184e-06,-0.993335
70,30,1.91494e-06,-1.91494e-06,-0.98332
70,31,4.2391e-06,-5.65246e-07,-0.957595
70,32,2.95506e-06,3.25847e-08,-0.893612
70,33,1.30299e-06,1.54696e-07,-0.748238
70,34,4.2717e-07,1.32865e-07,-0.470225
70,35,1.18358e-07,9.70425e-08,-0.0670999
70,36,3.85409e-08,7.27053e-08,0.343988
70,37,2.56869e-08,5.88688e-08,0.644439
70,38,2.27021e-08,5.19439e-08,0.818719
70,39,1.42273e-08,4.87459e-08,0.908493
70,40,5.09777e-10,4.64403e-08,0.952861
70,41,-1.47442e-08,4.33437e-08,0.974806
70,42,-2.66638e-08,3.91257e-08,0.985894
70,43,-3.7018e-08,3.4197e-08,0.991672
70,44,-4.80041e-08,2.91092e-08,0.994788
70,45,-5.61034e-08,2.41145e-08,0.996528
70,46,-6.1673e-08,1.91832e-08,0.997526
70,47,-6.70523e-08,1.43003e-08,0.998108
70,48,-7.14834e-08,9.49114e-09,0.998442
70,49,-7.38876e-08,4.73659e-09,0.998615
70,50,-7.4565e-08,-2.61515e-17,0.998669
70,51,-7.38876e-08,-4.73659e-09,0.998615
70,52,-7.14834e-08,-9.49114e-09,0.998442
70,53,-6.70523e-08,-1.43003e-08,0.998108
70,54,-6.1673e-08,-1.91832e-08,0.997526
70,55,-5.61033e-08,-2.41145e-08,0.996528
70,56,-4.80041e-08,-2.91092e-08,0.994788
70,57,-3.7018e-08,-3.4197e-08,0.991672
70,58,-2.66638e-08,-3.91257e-08,0.985894
70,59,-1.47442e-08,-4.33437e-08,0.974806
70,60,5.09777e-10,-4.64403e-08,0.952861
70,61,1.42273e-08,-4.87459e-08,0.908493
70,62,2.27021e-08,-5.19439e-08,0.818719
70,63,2.56869e-08,-5.88688e-08,0.644439
70,64,3.85409e-08,-7.27053e-08,0.343988
70,65,1.18358e-07,-9.70425e-08,-0.0670999
70,66,4.2717e-07,-1.32865e-07,-0.470225
70,67,1.30299e-06,-1.54696e-07,-0.748238
70,68,2.95506e-06,-3.25847e-08,-0.893612
70,69,4.2391e-06,5.65246e-07,-0.957595
70,70,1.91494e-06,1.91494e-06,-0.98332
70,71,-6.07473e-06,3.33184e-06,-0.993335
70,72,-1.60574e-05,3.13662e-06,-0.997283
70,73,-2.07939e-05,8.35605e-07,-0.998897
70,74,-1.7913e-05,-1.54587e-06,-0.999571
70,75,-1.14527e-05,-2.03978e-06,-0.999844
70,76,-5.23969e-06,-9.76883e-07,-0.999947
70,77,-6.94365e-07,5.11835e-07,-0.999983
70,78,2.16345e-06,1.7283e-06,-0.999995
70,79,3.77702e-06,2.46259e-06,-0.999998
70,80,4.62542e-06,2.77219e-06,-0.999999
70,81,5.06493e-06,2.80046e-06,-1
70,82,5.31069e-06,2.67792e-06,-1
70,83,5.47297e-06,2.49116e-06,-1
70,84,5.60017e-06,2.28655e-06,-1
70,85,5.70997e-06,2.08368e-06,-1
70,86,5.80789e-06,1.88825e-06,-1
70,87,5.896e-06,1.70064e-06,-1
70,88,5.9759e-06,1.52017e-06,-1
70,89,6.04932e-06,1.34669e-06,-1
70,90,6.11778e-06,1.18073e-06,-1
70,91,6.18232e-06,1.02316e-06,-1
70,92,6.24332e-06,8.74855e-07,-1
70,93,6.30059e-06,7.36423e-07,-1
70,94,6.35344e-06,6.08023e-07,-1
70,95,6.40088e-06,4.89331e-07,-1
70,96,6.44177e-06,3.79549e-07,-1
70,97,6.47497e-06,2.77447e-07,-1
70,98,6.49948e-06,1.81433e-07,-1
70,99,6.51452e-06,8.96379e-08,-1
71,0,6.59182e-06,-8.54876e-16,-1
71,1,6.58749e-06,-5.46137e-08,-1
71,2,6.57461e-06,-1.09981e-07,-1
71,3,6.5535e-06,-1.66732e-07,-1
71,4,6.52468e-06,-2.25245e-07,-1
71,5,6.48878e-06,-2.85528e-07,-1
71,6,6.44645e-06,-3.47097e-07,-1
71,7,6.39826e-06,-4.08858e-07,-1
71,8,6.34459e-06,-4.69005e-07,-1
71,9,6.28546e-06,-5.24927e-07,-1
71,10,6.22046e-06,-5.73137e-07,-1
71,11,6.14861e-06,-6.09198e-07,-1
71,12,6.06839e-06,-6.27587e-07,-1
71,13,5.97766e-06,-6.21328e-07,-1
71,14,5.87347e-06,-5.81045e-07,-1
71,15,5.75092e-06,-4.92835e-07,-1
71,16,5.60038e-06,-3.34141e-07,-1
71,17,5.40083e-06,-6.68278e-08,-1
71,18,5.10772e-06,3.72478e-07,-1
71,19,4.63352e-06,1.08252e-06,-1
71,20,3.82384e-06,2.20185e-06,-1
71,21,2.43727e-06,3.89616e-06,-0.999999
71,22,1.51264e-07,6.31441e-06,-0.999998
71,23,-3.37445e-06,9.50018e-06,-0.999993
71,24,-8.33277e-06,1.32438e-05,-0.999978
71,25,-1.44595e-05,1.68709e-05,-0.999934
71,26,-2.05775e-05,1.90517e-05,-0.999815
71,27,-2.39882e-05,1.81591e-05,-0.999515
71,28,-2.06159e-05,1.40747e-05,-0.998806
71,29,-9.24653e-06,9.24653e-06,-0.997171
71,30,3.33184e-06,6.07473e-06,-0.993335
71,31,8.70542e-06,4.40336e-06,-0.984079
71,32,6.72588e-06,3.04709e-06,-0.961569
71,33,3.07619e-06,1.81547e-06,-0.90849
71,34,9.58397e-07,9.73143e-07,-0.792646
71,35,2.284e-07,5.21493e-07,-0.572489
71,36,6.41656e-08,3.05831e-07,-0.235726
71,37,4.21527e-08,2.03395e-07,0.151208
71,38,3.73353e-08,1.51732e-07,0.481648
71,39,2.67164e-08,1.23785e-07,0.704756
71,40,1.12432e-08,1.07686e-07,0.835382
71,41,-5.06916e-09,9.71027e-08,0.907052
71,42,-1.72311e-08,8.81308e-08,0.945757
71,43,-2.75422e-08,7.87347e-08,0.966883
71,44,-3.86032e-08,6.84477e-08,0.978681
71,45,-4.67391e-08,5.7484e-08,0.985446
71,46,-5.23431e-08,4.61053e-08,0.989418
71,47,-5.78605e-08,3.45582e-08,0.991774
71,48,-6.24441e-08,2.30112e-08,0.993144
71,49,-6.49296e-08,1.14991e-08,0.99386
71,50,-6.56277e-08,1.23421e-15,0.994082
71,51,-6.49296e-08,-1.14991e-08,0.99386
71,52,-6.24441e-08,-2.30112e-08,0.993144
71,53,-5.78605e-08,-3.45582e-08,0.991774
71,54,-5.23431e-08,-4.61053e-08,0.989418
71,55,-4.67391e-08,-5.7484e-08,0.985446
71,56,-3.86032e-08,-6.84477e-08,0.978681
71,57,-2.75422e-08,-7.87347e-08,0.966883
71,58,-1.72311e-08,-8.81308e-08,0.945757
71,59,-5.06916e-09,-9.71027e-08,0.907052
71,60,1.12432e-08,-1.07686e-07,0.835382
71,61,2.67164e-08,-1.23785e-07,0.704756
71,62,3.73353e-08,-1.51732e-07,0.481648
71,63,4.21527e-08,-2.03395e-07,0.151208
71,64,6.41656e-08,-3.05831e-07,-0.235726
71,65,2.284e-07,-5.21493e-07,-0.572489
71,66,9.58397e-07,-9.73143e-07,-0.792646
71,67,3.07619e-06,-1.81547e-06,-0.90849
71,68,6.72588e-06,-3.04709e-06,-0.961569
71,69,8.70542e-06,-4.40336e-06,-0.984079
71,70,3.33184e-06,-6.07473e-06,-0.993335
71,71,-9.24653e-06,-9.24653e-06,-0.997171
71,72,-2.06159e-05,-1.40747e-05,-0.998806
71,73,-2.39882e-05,-1.81591e-05,-0.999515
71,74,-2.05775e-05,-1.90517e-05,-0.999815
71,75,-1.44595e-05,-1.68709e-05,-0.999934
71,76,-8.33277e-06,-1.32438e-05,-0.999978
71,77,-3.37445e-06,-9.50018e-06,-0.999993
71,78,1.51264e-07,-6.31441e-06,-0.999998
71,79,2.43727e-06,-3.89616e-06,-0.999999
71,80,3.82384e-06,-2.20185e-06,-1
71,81,4.63352e-06,-1.08252e-06,-1
71,82,5.10772e-06,-3.72478e-07,-1
71,83,5.40083e-06,6.68278e-08,-1
71,84,5.60038e-06,3.34141e-07,-1
71,85,5.75092e-06,4.92835e-07,-1
71,86,5.87347e-06,5.81045e-07,-1
71,87,5.97766e-06,6.21328e-07,-1
71,88,6.06839e-06,6.27587e-07,-1
71,89,6.14861e-06,6.09198e-07,-1
71,90,6.22046e-06,5.73137e-07,-1
71,91,6.28546e-06,5.24927e-07,-1
71,92,6.34459e-06,4.69005e-07,-1
71,93,6.39826e-06,4.08858e-07,-1
71,94,6.44645e-06,3.47097e-07,-1
71,95,6.48878e-06,2.85528e-07,-1
71,96,6.52468e-06,2.25245e-07,-1
71,97,6.5535e-06,1.66732e-07,-1
71,98,6.57461e-06,1.09981e-07,-1
71,99,6.58749e-06,5.46137e-08,-1
72,0,6.62798e-06,-1.94606e-16,-1
72,1,6.62368e-06,-1.71248e-08,-1
72,2,6.61082e-06,-3.35846e-08,-1
72,3,6.58952e-06,-4.85646e-08,-1
72,4,6.55996e-06,-6.09497e-08,-1
72,5,6.52227e-06,-6.91718e-08,-1
72,6,6.47648e-06,-7.10534e-08,-1
72,7,6.42243e-06,-6.36476e-08,-1
72,8,6.35957e-06,-4.30693e-08,-1
72,9,6.2869e-06,-4.30644e-09,-1
72,10,6.20279e-06,5.90156e-08,-1
72,11,6.1048e-06,1.54986e-07,-1
72,12,5.9894e-06,2.94007e-07,-1
72,13,5.85142e-06,4.89887e-07,-1
72,14,5.68272e-06,7.61785e-07,-1
72,15,5.4696e-06,1.13745e-06,-1
72,16,5.18773e-06,1.65806e-06,-1
72,17,4.79363e-06,2.38441e-06,-1
72,18,4.21239e-06,3.4027e-06,-1
72,19,3.32316e-06,4.82616e-06,-1
72,20,1.94786e-06,6.78608e-06,-1
72,21,-1.45674e-07,9.40457e-06,-1
72,22,-3.21081e-06,1.2744e-05,-0.999999
72,23,-7.44037e-06,1.67353e-05,-0.999997
72,24,-1.28307e-05,2.10976e-05,-0.999991
72,25,-1.89785e-05,2.52454e-05,-0.999973
72,26,-2.48017e-05,2.81825e-05,-0.999925
72,27,-2.81578e-05,2.85721e-05,-0.999799
72,28,-2.56297e-05,2.56297e-05,-0.999495
72,29,-1.40747e-05,2.06159e-05,-0.998806
72,30,3.13662e-06,1.60574e-05,-0.997283
72,31,1.4538e-05,1.27049e-05,-0.993887
72,32,1.37111e-05,9.40085e-06,-0.986148
72,33,7.10265e-06,5.93791e-06,-0.968432
72,34,2.32282e-06,3.21679e-06,-0.928919
72,35,5.28798e-07,1.6153e-06,-0.846095
72,36,1.32541e-07,8.32052e-07,-0.689719
72,37,8.19746e-08,4.73959e-07,-0.437772
72,38,6.70761e-08,3.05038e-07,-0.110208
72,39,4.74102e-08,2.17779e-07,0.223454
72,40,2.65931e-08,1.67839e-07,0.495172
72,41,7.83208e-09,1.37055e-07,0.683054
72,42,-4.69493e-09,1.1661e-07,0.801103
72,43,-1.48221e-08,1.01196e-07,0.872147
72,44,-2.57461e-08,8.77615e-08,0.914475
72,45,-3.3464e-08,7.45951e-08,0.939866
72,46,-3.85621e-08,6.08153e-08,0.95526
72,47,-4.3776e-08,4.62618e-08,0.964609
72,48,-4.82073e-08,3.11363e-08,0.970134
72,49,-5.05942e-08,1.56565e-08,0.973051
72,50,-5.12532e-08,1.38178e-15,0.973962
72,51,-5.05943e-08,-1.56565e-08,0.973051
72,52,-4.82073e-08,-3.11363e-08,0.970134
72,53,-4.3776e-08,-4.62618e-08,0.964609
72,54,-3.85621e-08,-6.08153e-08,0.95526
72,55,-3.3464e-08,-7.45951e-08,0.939866
72,56,-2.57461e-08,-8.77615e-08,0.914475
72,57,-1.48221e-08,-1.01196e-07,0.872147
72,58,-4.69493e-09,-1.1661e-07,0.801103
72,59,7.83208e-09,-1.37055e-07,0.683054
72,60,2.65931e-08,-1.67839e-07,0.495172
72,61,4.74102e-08,-2.17779e-07,0.223454
72,62,6.70761e-08,-3.05038e-07,-0.110208
72,63,8.19746e-08,-4.73959e-07,-0.437772
72,64,1.32541e-07,-8.32052e-07,-0.689719
72,65,5.28798e-07,-1.6153e-06,-0.846095
72,66,2.32282e-06,-3.21679e-06,-0.928919
72,67,7.10265e-06,-5.93791e-06,-0.968432
72,68,1.37111e-05,-9.40085e-06,-0.986148
72,69,1.4538e-05,-1.27049e-05,-0.993887
72,70,3.13662e-06,-1.60574e-05,-0.997283
72,71,-1.40747e-05,-2.06159e-05,-0.998806
72,72,-2.56297e-05,-2.56297e-05,-0.999495
72,73,-2.81578e-05,-2.85721e-05,-0.999799
72,74,-2.48017e-05,-2.81825e-05,-0.999925
72,75,-1.89785e-05,-2.52454e-05,-0.999973
72,76,-1.28307e-05,-2.10976e-05,-0.999991
72,77,-7.44037e-06,-1.67353e-05,-0.999997
72,78,-3.21081e-06,-1.2744e-05,-0.999999
72,79,-1.45674e-07,-9.40457e-06,-1
72,80,1.94786e-06,-6.78608e-06,-1
72,81,3.32316e-06,-4.82616e-06,-1
72,82,4.21239e-06,-3.4027e-06,-1
72,83,4.79363e-06,-2.38441e-06,-1
72,84,5.18773e-06,-1.65806e-06,-1
72,85,5.4696e-06,-1.13745e-06,-1
72,86,5.68272e-06,-7.61785e-07,-1
72,87,5.85142e-06,-4.89887e-07,-1
72,88,5.9894e-06,-2.94007e-07,-1
72,89,6.1048e-06,-1.54986e-07,-1
72,90,6.20279e-06,-5.90156e-08,-1
72,91,6.2869e-06,4.30644e-09,-1
72,92,6.35957e-06,4.30693e-08,-1
72,93,6.42243e-06,6.36476e-08,-1
72,94,6.47648e-06,7.10534e-08,-1
72,95,6.52227e-06,6.91718e-08,-1
72,96,6.55996e-06,6.09497e-08,-1
72,97,6.58952e-06,4.85646e-08,-1
72,98,6.61082e-06,3.35846e-08,-1
72,99,6.62368e-06,1.71248e-08,-1
73,0,6.62562e-06,5.42117e-16,-1
73,1,6.62065e-06,2.27402e-08,-1
73,2,6.60568e-06,4.75504e-08,-1
73,3,6.58061e-06,7.66709e-08,-1
73,4,6.54519e-06,1.12686e-07,-1
73,5,6.49899e-06,1.58702e-07,-1
73,6,6.4413e-06,2.18538e-07,-1
73,7,6.37098e-06,2.9693e-07,-1
73,8,6.28636e-06,3.99771e-07,-1
73,9,6.18498e-06,5.34408e-07,-1
73,10,6.06337e-06,7.10058e-07,-1
73,11,5.91664e-06,9.38426e-07,-1
73,12,5.73774e-06,1.23469e-06,-1
73,13,5.51623e-06,1.61905e-06,-1
73,14,5.23597e-06,2.11904e-06,-1
73,15,4.87132e-06,2.77267e-06,-1
73,16,4.38125e-06,3.632e-06,-1
73,17,3.70146e-06,4.76595e-06,-1
73,18,2.73578e-06,6.25977e-06,-1
73,19,1.35023e-06,8.20739e-06,-1
73,20,-6.23927e-07,1.06923e-05,-1
73,21,-3.3696e-06,1.37539e-05,-1
73,22,-7.03734e-06,1.73426e-05,-1
73,23,-1.16691e-05,2.12722e-05,-0.999999
73,24,-1.70971e-05,2.51872e-05,-0.999996
73,25,-2.28298e-05,2.85549e-05,-0.99999
73,26,-2.79161e-05,3.06719e-05,-0.999971
73,27,-3.0713e-05,3.0713e-05,-0.999922
73,28,-2.85721e-05,2.81578e-05,-0.999799
73,29,-1.81591e-05,2.39882e-05,-0.999515
73,30,8.35605e-07,2.07939e-05,-0.998897
73,31,1.90451e-05,1.94491e-05,-0.997595
73,32,2.3282e-05,1.74346e-05,-0.994852
73,33,1.47001e-05,1.31142e-05,-0.988995
73,34,5.48971e-06,8.10977e-06,-0.976449
73,35,1.28767e-06,4.37256e-06,-0.950104
73,36,2.84897e-07,2.24837e-06,-0.89735
73,37,1.69547e-07,1.19942e-06,-0.7995
73,38,1.35512e-07,6.97878e-07,-0.636988
73,39,8.91133e-08,4.47914e-07,-0.404174
73,40,4.83148e-08,3.13472e-07,-0.125064
73,41,2.10011e-08,2.33291e-07,0.152823
73,42,7.87871e-09,1.79612e-07,0.387783
73,43,-2.0553e-09,1.41044e-07,0.563853
73,44,-1.32513e-08,1.12449e-07,0.686133
73,45,-2.03737e-08,8.99049e-08,0.767553
73,46,-2.45545e-08,7.03748e-08,0.820523
73,47,-2.91914e-08,5.21984e-08,0.854263
73,48,-3.32834e-08,3.46312e-08,0.874842
73,49,-3.54259e-08,1.72923e-08,0.885918
73,50,-3.59869e-08,6.82504e-16,0.889411
73,51,-3.54259e-08,-1.72923e-08,0.885918
73,52,-3.32834e-08,-3.46312e-08,0.874842
73,53,-2.91914e-08,-5.21984e-08,0.854263
73,54,-2.45545e-08,-7.03748e-08,0.820523
73,55,-2.03737e-08,-8.99049e-08,0.767553
73,56,-1.32513e-08,-1.12449e-07,0.686133
73,57,-2.0553e-09,-1.41044e-07,0.563853
73,58,7.87871e-09,-1.79612e-07,0.387783
73,59,2.10011e-08,-2.33291e-07,0.152823
73,60,4.83148e-08,-3.13472e-07,-0.125064
73,61,8.91133e-08,-4.47914e-07,-0.404174
73,62,1.35512e-07,-6.97878e-07,-0.636988
73,63,1.69547e-07,-1.19942e-06,-0.7995
73,64,2.84897e-07,-2.24837e-06,-0.89735
73,65,1.28767e-06,-4.37256e-06,-0.950104
73,66,5.48971e-06,-8.10977e-06,-0.976449
73,67,1.47001e-05,-1.31142e-05,-0.988995
73,68,2.3282e-05,-1.74346e-05,-0.994852
73,69,1.90451e-05,-1.94491e-05,-0.997595
73,70,8.35605e-07,-2.07939e-05,-0.998897
73,71,-1.81591e-05,-2.39882e-05,-0.999515
73,72,-2.85721e-05,-2.81578e-05,-0.999799
73,73,-3.0713e-05,-3.0713e-05,-0.999922
73,74,-2.79161e-05,-3.06719e-05,-0.999971
73,75,-2.28298e-05,-2.85549e-05,-0.99999
73,76,-1.70971e-05,-2.51872e-05,-0.999996
73,77,-1.16691e-05,-2.12722e-05,-0.999999
73,78,-7.03734e-06,-1.73426e-05,-1
73,79,-3.3696e-06,-1.37539e-05,-1
73,80,-6.23927e-07,-1.06923e-05,-1
73,81,1.35023e-06,-8.20739e-06,-1
73,82,2.73578e-06,-6.25977e-06,-1
73,83,3.70146e-06,-4.76595e-06,-1
73,84,4.38125e-06,-3.632e-06,-1
73,85,4.87132e-06,-2.77267e-06,-1
73,86,5.23597e-06,-2.11904e-06,-1
73,87,5.51623e-06,-1.61905e-06,-1
73,88,5.73774e-06,-1.23469e-06,-1
73,89,5.91664e-06,-9.38426e-07,-1
73,90,6.06337e-06,-7.10058e-07,-1
73,91,6.18498e-06,-5.34408e-07,-1
73,92,6.28636e-06,-3.99771e-07,-1
73,93,6.37098e-06,-2.9693e-07,-1
73,94,6.4413e-06,-2.18538e-07,-1
73,95,6.49899e-06,-1.58702e-07,-1
73,96,6.54519e-06,-1.12686e-07,-1
73,97,6.58061e-06,-7.66709e-08,-1
73,98,6.60568e-06,-4.75503e-08,-1
73,99,6.62065e-06,-2.27402e-08,-1
74,0,6.58247e-06,1.25799e-15,-1
74,1,6.57613e-06,6.47458e-08,-1
74,2,6.55697e-06,1.32923e-07,-1
74,3,6.52462e-06,2.08149e-07,-1
74,4,6.47836e-06,2.94421e-07,-1
74,5,6.41713e-06,3.96315e-07,-1
74,6,6.33933e-06,5.19206e-07,-1
74,7,6.24272e-06,6.69521e-07,-1
74,8,6.12418e-06,8.55043e-07,-1
74,9,5.97945e-06,1.08531e-06,-1
74,10,5.80262e-06,1.37217e-06,-1
74,11,5.58547e-06,1.73058e-06,-1
74,12,5.31631e-06,2.17973e-06,-1
74,13,4.97813e-06,2.74464e-06,-1
74,14,4.54578e-06,3.45799e-06,-1
74,15,3.98195e-06,4.36207e-06,-1
74,16,3.23221e-06,5.50968e-06,-1
74,17,2.22002e-06,6.96256e-06,-1
74,18,8.43965e-07,8.78481e-06,-1
74,19,-1.01884e-06,1.10289e-05,-1
74,20,-3.49852e-06,1.37125e-05,-1
74,21,-6.70273e-06,1.67883e-05,-1
74,22,-1.06695e-05,2.01123e-05,-1
74,23,-1.53071e-05,2.34214e-05,-1
74,24,-2.03286e-05,2.63344e-05,-0.999999
74,25,-2.5194e-05,2.83805e-05,-0.999996
74,26,-2.90565e-05,2.90565e-05,-0.999989
74,27,-3.06719e-05,2.79161e-05,-0.999971
74,28,-2.81825e-05,2.48017e-05,-0.999925
74,29,-1.90517e-05,2.05775e-05,-0.999815
74,30,-1.54587e-06,1.7913e-05,-0.999571
74,31,1.98488e-05,1.90633e-05,-0.99906
74,32,3.1424e-05,2.1386e-05,-0.998037
74,33,2.51115e-05,2.00245e-05,-0.99601
74,34,1.14763e-05,1.48247e-05,-0.991979
74,35,3.00489e-06,9.18338e-06,-0.98395
74,36,5.55969e-07,5.20568e-06,-0.96819
74,37,3.02377e-07,2.91449e-06,-0.938328
74,38,2.70233e-07,1.68415e-06,-0.884863
74,39,1.73208e-07,1.02654e-06,-0.796282
74,40,8.25777e-08,6.66373e-07,-0.663358
74,41,3.30044e-08,4.60295e-07,-0.486245
74,42,1.55458e-08,3.36971e-07,-0.279391
74,43,2.9779e-09,2.58931e-07,-0.0677688
74,44,-8.83781e-09,2.03725e-07,0.12435
74,45,-1.28631e-08,1.59178e-07,0.282525
74,46,-1.40984e-08,1.20624e-07,0.403138
74,47,-1.75837e-08,8.65966e-08,0.489188
74,48,-2.12726e-08,5.59866e-08,0.545852
74,49,-2.30891e-08,2.75098e-08,0.577817
74,50,-2.34986e-08,4.58866e-16,0.588126
74,51,-2.30891e-08,-2.75098e-08,0.577817
74,52,-2.12726e-08,-5.59866e-08,0.545852
74,53,-1.75837e-08,-8.65966e-08,0.489188
74,54,-1.40984e-08,-1.20624e-07,0.403138
74,55,-1.28631e-08,-1.59178e-07,0.282525
74,56,-8.83781e-09,-2.03725e-07,0.12435
74,57,2.9779e-09,-2.58931e-07,-0.0677688
74,58,1.55458e-08,-3.36971e-07,-0.279391
74,59,3.30044e-08,-4.60295e-07,-0.486245
74,60,8.25777e-08,-6.66373e-07,-0.663358
74,61,1.73208e-07,-1.02654e-06,-0.796282
74,62,2.70233e-07,-1.68415e-06,-0.884863
74,63,3.02377e-07,-2.91449e-06,-0.938328
74,64,5.55969e-07,-5.20568e-06,-0.96819
74,65,3.00489e-06,-9.18338e-06,-0.98395
74,66,1.14763e-05,-1.48247e-05,-0.991979
74,67,2.51115e-05,-2.00245e-05,-0.99601
74,68,3.1424e-05,-2.1386e-05,-0.998037
74,69,1.98488e-05,-1.90633e-05,-0.99906
74,70,-1.54587e-06,-1.7913e-05,-0.999571
74,71,-1.90517e-05,-2.05775e-05,-0.999815
74,72,-2.81825e-05,-2.48017e-05,-0.999925
74,73,-3.06719e-05,-2.79161e-05,-0.999971
74,74,-2.90565e-05,-2.90565e-05,-0.999989
74,75,-2.5194e-05,-2.83805e-05,-0.999996
74,76,-2.03286e-05,-2.63344e-05,-0.999999
74,77,-1.53071e-05,-2.34214e-05,-1
74,78,-1.06695e-05,-2.01123e-05,-1
74,79,-6.70273e-06,-1.67883e-05,-1
74,80,-3.49852e-06,-1.37125e-05,-1
74,81,-1.01884e-06,-1.10289e-05,-1
74,82,8.43965e-07,-8.78481e-06,-1
74,83,2.22002e-06,-6.96256e-06,-1
74,84,3.23221e-06,-5.50968e-06,-1
74,85,3.98195e-06,-4.36207e-06,-1
74,86,4.54578e-06,-3.45799e-06,-1
74,87,4.97813e-06,-2.74464e-06,-1
74,88,5.31631e-06,-2.17973e-06,-1
74,89,5.58547e-06,-1.73058e-06,-1
74,90,5.80262e-06,-1.37217e-06,-1
74,91,5.97945e-06,-1.08531e-06,-1
74,92,6.12418e-06,-8.55043e-07,-1
74,93,6.24272e-06,-6.69521e-07,-1
74,94,6.33933e-06,-5.19206e-07,-1
74,95,6.41713e-06,-3.96315e-07,-1
74,96,6.47836e-06,-2.94421e-07,-1
74,97,6.52462e-06,-2.08149e-07,-1
74,98,6.55697e-06,-1.32923e-07,-1
74,99,6.57613e-06,-6.47458e-08,-1
75,0,6.49656e-06,1.96691e-15,-1
75,1,6.48819e-06,1.08494e-07,-1
75,2,6.46284e-06,2.21705e-07,-1
75,3,6.41985e-06,3.44548e-07,-1
75,4,6.35802e-06,4.82341e-07,-1
75,5,6.27555e-06,6.41023e-07,-1
75,6,6.16989e-06,8.27399e-07,-1
75,7,6.03753e-06,1.04943e-06,-1
75,8,5.87372e-06,1.31656e-06,-1
75,9,5.67204e-06,1.64023e-06,-1
75,10,5.42375e-06,2.03441e-06,-1
75,11,5.11681e-06,2.51647e-06,-1
75,12,4.73451e-06,3.10808e-06,-1
75,13,4.25335e-06,3.83632e-06,-1
75,14,3.64043e-06,4.73451e-06,-1
75,15,2.8503e-06,5.8421e-06,-1
75,16,1.8223e-06,7.20265e-06,-1
75,17,4.79596e-07,8.85834e-06,-1
75,18,-1.26743e-06,1.08396e-05,-1
75,19,-3.51075e-06,1.31489e-05,-1
75,20,-6.32446e-06,1.574e-05,-1
75,21,-9.73409e-06,1.84967e-05,-1
75,22,-1.36775e-05,2.12161e-05,-1
75,23,-1.79636e-05,2.3608e-05,-1
75,24,-2.22372e-05,2.53151e-05,-0.999999
75,25,-2.59563e-05,2.59563e-05,-0.999999
75,26,-2.83805e-05,2.5194e-05,-0.999996
75,27,-2.85549e-05,2.28298e-05,-0.99999
75,28,-2.52454e-05,1.89785e-05,-0.999973
75,29,-1.68709e-05,1.44595e-05,-0.999934
75,30,-2.03978e-06,1.14527e-05,-0.999844
75,31,1.78138e-05,1.29538e-05,-0.99965
75,32,3.39546e-05,1.85733e-05,-0.999262
75,33,3.41582e-05,2.22563e-05,-0.998521
75,34,2.00225e-05,1.97938e-05,-0.997143
75,35,6.56996e-06,1.38602e-05,-0.994597
75,36,1.19068e-06,8.56163e-06,-0.989911
75,37,4.66265e-07,5.16073e-06,-0.98139
75,38,5.02435e-07,3.15629e-06,-0.9663
75,39,3.44079e-07,1.9483e-06,-0.940714
75,40,1.46223e-07,1.2109e-06,-0.899782
75,41,3.70621e-08,7.70099e-07,-0.838799
75,42,3.41959e-09,5.13397e-07,-0.755143
75,43,-1.49431e-08,3.60353e-07,-0.650439
75,44,-2.47102e-08,2.60594e-07,-0.531536
75,45,-1.94112e-08,1.9048e-07,-0.409207
75,46,-1.46368e-08,1.39231e-07,-0.295153
75,47,-1.71657e-08,9.91614e-08,-0.199103
75,48,-2.06681e-08,6.44861e-08,-0.127454
75,49,-2.1647e-08,3.19156e-08,-0.0835659
75,50,-2.15693e-08,-4.50847e-16,-0.0688221
75,51,-2.1647e-08,-3.19156e-08,-0.0835659
75,52,-2.06681e-08,-6.44861e-08,-0.127454
75,53,-1.71657e-08,-9.91614e-08,-0.199103
75,54,-1.46368e-08,-1.39231e-07,-0.295153
75,55,-1.94112e-08,-1.9048e-07,-0.409207
75,56,-2.47102e-08,-2.60594e-07,-0.531536
75,57,-1.49431e-08,-3.60353e-07,-0.650439
75,58,3.41959e-09,-5.13397e-07,-0.755143
75,59,3.70621e-08,-7.70099e-07,-0.838799
75,60,1.46223e-07,-1.2109e-06,-0.899782
75,61,3.44079e-07,-1.9483e-06,-0.940714
75,62,5.02435e-07,-3.15629e-06,-0.9663
75,63,4.66265e-07,-5.16073e-06,-0.98139
75,64,1.19068e-06,-8.56163e-06,-0.989911
75,65,6.56996e-06,-1.38602e-05,-0.994597
75,66,2.00225e-05,-1.97938e-05,-0.997143
75,67,3.41582e-05,-2.22563e-05,-0.998521
75,68,3.39546e-05,-1.85733e-05,-0.999262
75,69,1.78138e-05,-1.29538e-05,-0.99965
75,70,-2.03978e-06,-1.14527e-05,-0.999844
75,71,-1.68709e-05,-1.44595e-05,-0.999934
75,72,-2.52454e-05,-1.89785e-05,-0.999973
75,73,-2.85549e-05,-2.28298e-05,-0.99999
75,74,-2.83805e-05,-2.5194e-05,-0.999996
75,75,-2.59563e-05,-2.59563e-05,-0.999999
75,76,-2.22372e-05,-2.53151e-05,-0.999999
75,77,-1.79636e-05,-2.3608e-05,-1
75,78,-1.36775e-05,-2.12161e-05,-1
75,79,-9.73409e-06,-1.84967e-05,-1
75,80,-6.32446e-06,-1.574e-05,-1
75,81,-3.51075e-06,-1.31489e-05,-1
75,82,-1.26743e-06,-1.08396e-05,-1
75,83,4.79596e-07,-8.85834e-06,-1
75,84,1.8223e-06,-7.20265e-06,-1
75,85,2.8503e-06,-5.8421e-06,-1
75,86,3.64043e-06,-4.73451e-06,-1
75,87,4.25335e-06,-3.83632e-06,-1
75,88,4.73451e-06,-3.10808e-06,-1
75,89,5.11681e-06,-2.51647e-06,-1
75,90,5.42375e-06,-2.03441e-06,-1
75,91,5.67204e-06,-1.64023e-06,-1
75,92,5.87372e-06,-1.31656e-06,-1
75,93,6.03753e-06,-1.04943e-06,-1
75,94,6.16989e-06,-8.27399e-07,-1
75,95,6.27555e-06,-6.41023e-07,-1
75,96,6.35802e-06,-4.82341e-07,-1
75,97,6.41985e-06,-3.44548e-07,-1
75,98,6.46284e-06,-2.21705e-07,-1
75,99,6.48819e-06,-1.08494e-07,-1
76,0,6.36639e-06,2.73838e-15,-1
76,1,6.35537e-06,1.53414e-07,-1
76,2,6.32199e-06,3.1272e-07,-1
76,3,6.26526e-06,4.84013e-07,-1
76,4,6.18347e-06,6.738e-07,-1
76,5,6.07407e-06,8.89229e-07,-1
76,6,5.93347e-06,1.13834e-06,-1
76,7,5.75684e-06,1.43037e-06,-1
76,8,5.53764e-06,1.77609e-06,-1
76,9,5.26719e-06,2.18828e-06,-1
76,10,4.93382e-06,2.68221e-06,-1
76,11,4.52183e-06,3.27626e-06,-1
76,12,4.01006e-06,3.99237e-06,-1
76,13,3.37012e-06,4.85631e-06,-1
76,14,2.56457e-06,5.89702e-06,-1
76,15,1.54555e-06,7.14456e-06,-1
76,16,2.54904e-07,8.62559e-06,-1
76,17,-1.3727e-06,1.03556e-05,-1
76,18,-3.40188e-06,1.23277e-05,-1
76,19,-5.88236e-06,1.44978e-05,-1
76,20,-8.82809e-06,1.67702e-05,-1
76,21,-1.21911e-05,1.89867e-05,-1
76,22,-1.58342e-05,2.09237e-05,-1
76,23,-1.95073e-05,2.23059e-05,-1
76,24,-2.28348e-05,2.28348e-05,-1
76,25,-2.53151e-05,2.22372e-05,-0.999999
76,26,-2.63344e-05,2.03286e-05,-0.999999
76,27,-2.51872e-05,1.70971e-05,-0.999996
76,28,-2.10976e-05,1.28307e-05,-0.999991
76,29,-1.32438e-05,8.33277e-06,-0.999978
76,30,-9.76883e-07,5.23969e-06,-0.999947
76,31,1.51114e-05,6.01993e-06,-0.999879
76,32,3.07727e-05,1.20001e-05,-0.999739
76,33,3.69857e-05,1.94842e-05,-0.999467
76,34,2.81537e-05,2.1706e-05,-0.998972
76,35,1.28729e-05,1.74968e-05,-0.998102
76,36,3.43338e-06,1.15662e-05,-0.99661
76,37,1.07646e-06,7.2969e-06,-0.99408
76,38,1.00084e-06,4.80669e-06,-0.989855
76,39,7.54368e-07,3.2671e-06,-0.982953
76,40,3.26162e-07,2.20039e-06,-0.972069
76,41,5.20252e-08,1.44746e-06,-0.955693
76,42,-3.65555e-08,9.40838e-07,-0.932442
76,43,-7.39647e-08,6.10905e-07,-0.901565
76,44,-8.5024e-08,3.96691e-07,-0.863515
76,45,-6.26443e-08,2.61125e-07,-0.820328
76,46,-4.71436e-08,1.76529e-07,-0.775591
76,47,-5.0115e-08,1.19084e-07,-0.7339
76,48,-5.39231e-08,7.42447e-08,-0.699993
76,49,-5.221e-08,3.56492e-08,-0.677882
76,50,-5.04895e-08,-1.06386e-15,-0.670206
76,51,-5.221e-08,-3.56492e-08,-0.677882
76,52,-5.39231e-08,-7.42447e-08,-0.699993
76,53,-5.0115e-08,-1.19084e-07,-0.7339
76,54,-4.71436e-08,-1.76529e-07,-0.775591
76,55,-6.26443e-08,-2.61125e-07,-0.820328
76,56,-8.5024e-08,-3.96691e-07,-0.863515
76,57,-7.39647e-08,-6.10905e-07,-0.901565
76,58,-3.65555e-08,-9.40838e-07,-0.932442
76,59,5.20252e-08,-1.44746e-06,-0.955693
76,60,3.26162e-07,-2.20039e-06,-0.972069
76,61,7.54368e-07,-3.2671e-06,-0.982953
76,62,1.00084e-06,-4.80669e-06,-0.989855
76,63,1.07646e-06,-7.2969e-06,-0.99408
76,64,3.43338e-06,-1.15662e-05,-0.99661
76,65,1.28729e-05,-1.74968e-05,-0.998102
76,66,2.81537e-05,-2.1706e-05,-0.998972
76,67,3.69857e-05,-1.94842e-05,-0.999467
76,68,3.07727e-05,-1.20001e-05,-0.999739
76,69,1.51114e-05,-6.01993e-06,-0.999879
76,70,-9.76883e-07,-5.23969e-06,-0.999947
76,71,-1.32438e-05,-8.33277e-06,-0.999978
76,72,-2.10976e-05,-1.28307e-05,-0.999991
76,73,-2.51872e-05,-1.70971e-05,-0.999996
76,74,-2.63344e-05,-2.03286e-05,-0.999999
76,75,-2.53151e-05,-2.22372e-05,-0.999999
76,76,-2.28348e-05,-2.28348e-05,-1
76,77,-1.95073e-05,-2.23059e-05,-1
76,78,-1.58342e-05,-2.09237e-05,-1
76,79,-1.21911e-05,-1.89867e-05,-1
76,80,-8.82809e-06,-1.67702e-05,-1
76,81,-5.88236e-06,-1.44978e-05,-1
76,82,-3.40188e-06,-1.23277e-05,-1
76,83,-1.3727e-06,-1.03556e-05,-1
76,84,2.54904e-07,-8.62559e-06,-1
76,85,1.54555e-06,-7.14456e-06,-1
76,86,2.56457e-06,-5.89702e-06,-1
76,87,3.37012e-06,-4.85631e-06,-1
76,88,4.01006e-06,-3.99237e-06,-1
76,89,4.52183e-06,-3.27626e-06,-1
76,90,4.93382e-06,-2.68221e-06,-1
76,91,5.26719e-06,-2.18828e-06,-1
76,92,5.53764e-06,-1.77609e-06,-1
76,93,5.75684e-06,-1.43037e-06,-1
76,94,5.93347e-06,-1.13834e-06,-1
76,95,6.07407e-06,-8.89229e-07,-1
76,96,6.18347e-06,-6.738e-07,-1
76,97,6.26526e-06,-4.84013e-07,-1
76,98,6.32199e-06,-3.1272e-07,-1
76,99,6.35537e-06,-1.53414e-07,-1
77,0,6.19114e-06,3.63496e-15,-1
77,1,6.17692e-06,1.98757e-07,-1
77,2,6.13383e-06,4.0443e-07,-1
77,3,6.0606e-06,6.24133e-07,-1
77,4,5.95498e-06,8.65383e-07,-1
77,5,5.81367e-06,1.13632e-06,-1
77,6,5.63207e-06,1.44594e-06,-1
77,7,5.40397e-06,1.80438e-06,-1
77,8,5.12116e-06,2.22322e-06,-1
77,9,4.77282e-06,2.71579e-06,-1
77,10,4.34476e-06,3.29748e-06,-1
77,11,3.8184e-06,3.98591e-06,-1
77,12,3.16973e-06,4.80078e-06,-1
77,13,2.36824e-06,5.76304e-06,-1
77,14,1.37639e-06,6.89295e-06,-1
77,15,1.5025e-07,8.20646e-06,-1
77,16,-1.35769e-06,9.7094e-06,-1
77,17,-3.19252e-06,1.13893e-05,-1
77,18,-5.38664e-06,1.32055e-05,-1
77,19,-7.9453e-06,1.50789e-05,-1
77,20,-1.08287e-05,1.68842e-05,-1
77,21,-1.39332e-05,1.84488e-05,-1
77,22,-1.7076e-05,1.956e-05,-1
77,23,-1.99858e-05,1.99858e-05,-1
77,24,-2.23059e-05,1.95073e-05,-1
77,25,-2.3608e-05,1.79636e-05,-1
77,26,-2.34214e-05,1.53071e-05,-1
77,27,-2.12722e-05,1.16691e-05,-0.999999
77,28,-1.67353e-05,7.44037e-06,-0.999997
77,29,-9.50018e-06,3.37445e-06,-0.999993
77,30,5.11835e-07,6.94365e-07,-0.999983
77,31,1.27659e-05,1.05159e-06,-0.999961
77,32,2.51703e-05,5.78988e-06,-0.999914
77,33,3.31041e-05,1.37404e-05,-0.999821
77,34,3.10982e-05,1.97698e-05,-0.999647
77,35,1.98795e-05,1.9357e-05,-0.999341
77,36,8.54703e-06,1.4292e-05,-0.998831
77,37,3.36171e-06,9.27966e-06,-0.99801
77,38,2.23431e-06,6.18698e-06,-0.996726
77,39,1.63575e-06,4.40499e-06,-0.994762
77,40,7.73087e-07,3.18688e-06,-0.991831
77,41,1.29799e-07,2.27086e-06,-0.987598
77,42,-1.19702e-07,1.6087e-06,-0.981731
77,43,-2.23074e-07,1.14094e-06,-0.97401
77,44,-2.5372e-07,8.01574e-07,-0.964454
77,45,-1.97575e-07,5.61603e-07,-0.953447
77,46,-1.56631e-07,3.9541e-07,-0.94179
77,47,-1.64329e-07,2.70226e-07,-0.930647
77,48,-1.73316e-07,1.66888e-07,-0.921361
77,49,-1.66516e-07,7.88565e-08,-0.915189
77,50,-1.60778e-07,1.17428e-15,-0.913024
77,51,-1.66516e-07,-7.88565e-08,-0.915189
77,52,-1.73316e-07,-1.66888e-07,-0.921361
77,53,-1.64329e-07,-2.70226e-07,-0.930647
77,54,-1.56631e-07,-3.9541e-07,-0.94179
77,55,-1.97575e-07,-5.61603e-07,-0.953447
77,56,-2.5372e-07,-8.01574e-07,-0.964454
77,57,-2.23074e-07,-1.14094e-06,-0.97401
77,58,-1.19702e-07,-1.6087e-06,-0.981731
77,59,1.29799e-07,-2.27086e-06,-0.987598
77,60,7.73087e-07,-3.18688e-06,-0.991831
77,61,1.63575e-06,-4.40499e-06,-0.994762
77,62,2.23431e-06,-6.18698e-06,-0.996726
77,63,3.36171e-06,-9.27966e-06,-0.99801
77,64,8.54703e-06,-1.4292e-05,-0.998831
77,65,1.98795e-05,-1.9357e-05,-0.999341
77,66,3.10982e-05,-1.97698e-05,-0.999647
77,67,3.31041e-05,-1.37404e-05,-0.999821
77,68,2.51703e-05,-5.78988e-06,-0.999914
77,69,1.27659e-05,-1.05159e-06,-0.999961
77,70,5.11835e-07,-6.94365e-07,-0.999983
77,71,-9.50018e-06,-3.37445e-06,-0.999993
77,72,-1.67353e-05,-7.44037e-06,-0.999997
77,73,-2.12722e-05,-1.16691e-05,-0.999999
77,74,-2.34214e-05,-1.53071e-05,-1
77,75,-2.3608e-05,-1.79636e-05,-1
77,76,-2.23059e-05,-1.95073e-05,-1
77,77,-1.99858e-05,-1.99858e-05,-1
77,78,-1.7076e-05,-1.956e-05,-1
77,79,-1.39332e-05,-1.84488e-05,-1
77,80,-1.08287e-05,-1.68842e-05,-1
77,81,-7.9453e-06,-1.50789e-05,-1
77,82,-5.38664e-06,-1.32055e-05,-1
77,83,-3.19252e-06,-1.13893e-05,-1
77,84,-1.35769e-06,-9.7094e-06,-1
77,85,1.5025e-07,-8.20646e-06,-1
77,86,1.37639e-06,-6.89295e-06,-1
77,87,2.36824e-06,-5.76304e-06,-1
77,88,3.16973e-06,-4.80078e-06,-1
77,89,3.8184e-06,-3.98591e-06,-1
77,90,4.34476e-06,-3.29748e-06,-1
77,91,4.77282e-06,-2.71579e-06,-1
77,92,5.12116e-06,-2.22322e-06,-1
77,93,5.40397e-06,-1.80438e-06,-1
77,94,5.63207e-06,-1.44594e-06,-1
77,95,5.81367e-06,-1.13632e-06,-1
77,96,5.95498e-06,-8.65383e-07,-1
77,97,6.0606e-06,-6.24133e-07,-1
77,98,6.13383e-06,-4.0443e-07,-1
77,99,6.17692e-06,-1.98757e-07,-1
78,0,5.97079e-06,4.46899e-15,-1
78,1,5.9529e-06,2.43597e-07,-1
78,2,5.89873e-06,4.94939e-07,-1
78,3,5.80669e-06,7.6195e-07,-1
78,4,5.67406e-06,1.05292e-06,-1
78,5,5.49683e-06,1.37668e-06,-1
78,6,5.26946e-06,1.74282e-06,-1
78,7,4.98458e-06,2.16188e-06,-1
78,8,4.63253e-06,2.64554e-06,-1
78,9,4.20087e-06,3.20671e-06,-1
78,10,3.67371e-06,3.85951e-06,-1
78,11,3.03108e-06,4.61895e-06,-1
78,12,2.2484e-06,5.50005e-06,-1
78,13,1.29641e-06,6.51611e-06,-1
78,14,1.42078e-07,7.67584e-06,-1
78,15,-1.24899e-06,8.979e-06,-1
78,16,-2.90789e-06,1.04105e-05,-1
78,17,-4.85493e-06,1.19335e-05,-1
78,18,-7.08934e-06,1.34823e-05,-1
78,19,-9.57683e-06,1.49572e-05,-1
78,20,-1.22367e-05,1.62238e-05,-1
78,21,-1.49311e-05,1.71177e-05,-1
78,22,-1.74593e-05,1.74593e-05,-1
78,23,-1.956e-05,1.7076e-05,-1
78,24,-2.09237e-05,1.58342e-05,-1
78,25,-2.12161e-05,1.36775e-05,-1
78,26,-2.01123e-05,1.06695e-05,-1
78,27,-1.73426e-05,7.03734e-06,-1
78,28,-1.2744e-05,3.21081e-06,-0.999999
78,29,-6.31441e-06,-1.51264e-07,-0.999998
78,30,1.7283e-06,-2.16345e-06,-0.999995
78,31,1.08404e-05,-1.81034e-06,-0.999988
78,32,1.98713e-05,1.70519e-06,-0.999973
78,33,2.6682e-05,8.09792e-06,-0.999944
78,34,2.83558e-05,1.48274e-05,-0.999888
78,35,2.33217e-05,1.78654e-05,-0.999787
78,36,1.4641e-05,1.57375e-05,-0.999614
78,37,7.94328e-06,1.12932e-05,-0.999336
78,38,4.93478e-06,7.71756e-06,-0.998912
78,39,3.39288e-06,5.57014e-06,-0.998292
78,40,1.81308e-06,4.12903e-06,-0.997417
78,41,4.7389e-07,2.98703e-06,-0.996225
78,42,-2.33031e-07,2.12596e-06,-0.994658
78,43,-5.66873e-07,1.51482e-06,-0.992683
78,44,-6.79355e-07,1.06476e-06,-0.990319
78,45,-5.70302e-07,7.48087e-07,-0.987659
78,46,-4.70034e-07,5.38981e-07,-0.984883
78,47,-4.84899e-07,3.79384e-07,-0.982253
78,48,-5.10028e-07,2.37162e-07,-0.980069
78,49,-4.94555e-07,1.11587e-07,-0.978621
78,50,-4.79825e-07,2.68417e-15,-0.978113
78,51,-4.94555e-07,-1.11587e-07,-0.978621
78,52,-5.10028e-07,-2.37162e-07,-0.980069
78,53,-4.84899e-07,-3.79384e-07,-0.982253
78,54,-4.70034e-07,-5.38981e-07,-0.984883
78,55,-5.70302e-07,-7.48087e-07,-0.987659
78,56,-6.79355e-07,-1.06476e-06,-0.990319
78,57,-5.66873e-07,-1.51482e-06,-0.992683
78,58,-2.33031e-07,-2.12596e-06,-0.994658
78,59,4.7389e-07,-2.98703e-06,-0.996225
78,60,1.81308e-06,-4.12903e-06,-0.997417
78,61,3.39288e-06,-5.57014e-06,-0.998292
78,62,4.93478e-06,-7.71756e-06,-0.998912
78,63,7.94328e-06,-1.12932e-05,-0.999336
78,64,1.4641e-05,-1.57375e-05,-0.999614
78,65,2.33217e-05,-1.78654e-05,-0.999787
78,66,2.83558e-05,-1.48274e-05,-0.999888
78,67,2.6682e-05,-8.09792e-06,-0.999944
78,68,1.98713e-05,-1.70519e-06,-0.999973
78,69,1.08404e-05,1.81034e-06,-0.999988
78,70,1.7283e-06,2.16345e-06,-0.999995
78,71,-6.31441e-06,1.51264e-07,-0.999998
78,72,-1.2744e-05,-3.21081e-06,-0.999999
78,73,-1.73426e-05,-7.03734e-06,-1
78,74,-2.01123e-05,-1.06695e-05,-1
78,75,-2.12161e-05,-1.36775e-05,-1
78,76,-2.09237e-05,-1.58342e-05,-1
78,77,-1.956e-05,-1.7076e-05,-1
78,78,-1.74593e-05,-1.74593e-05,-1
78,79,-1.49311e-05,-1.71177e-05,-1
78,80,-1.22367e-05,-1.62238e-05,-1
78,81,-9.57683e-06,-1.49572e-05,-1
78,82,-7.08934e-06,-1.34823e-05,-1
78,83,-4.85493e-06,-1.19335e-05,-1
78,84,-2.90789e-06,-1.04105e-05,-1
78,85,-1.24899e-06,-8.979e-06,-1
78,86,1.42078e-07,-7.67584e-06,-1
78,87,1.29641e-06,-6.51611e-06,-1
78,88,2.2484e-06,-5.50005e-06,-1
78,89,3.03108e-06,-4.61895e-06,-1
78,90,3.67371e-06,-3.85951e-06,-1
78,91,4.20087e-06,-3.20671e-06,-1
78,92,4.63253e-06,-2.64554e-06,-1
78,93,4.98458e-06,-2.16188e-06,-1
78,94,5.26946e-06,-1.74282e-06,-1
78,95,5.49683e-06,-1.37668e-06,-1
78,96,5.67406e-06,-1.05292e-06,-1
78,97,5.80669e-06,-7.6195e-07,-1
78,98,5.89873e-06,-4.94939e-07,-1
78,99,5.9529e-06,-2.43597e-07,-1
79,0,5.70635e-06,5.19181e-15,-1
79,1,5.68444e-06,2.86849e-07,-1
79,2,5.61811e-06,5.82025e-07,-1
79,3,5.50554e-06,8.94001e-07,-1
79,4,5.3436e-06,1.23153e-06,-1
79,5,5.12769e-06,1.60379e-06,-1
79,6,4.85155e-06,2.0205e-06,-1
79,7,4.50693e-06,2.49199e-06,-1
79,8,4.08328e-06,3.02921e-06,-1
79,9,3.56734e-06,3.6436e-06,-1
79,10,2.9428e-06,4.34665e-06,-1
79,11,2.1901e-06,5.14907e-06,-1
79,12,1.28667e-06,6.05934e-06,-1
79,13,2.07843e-07,7.08142e-06,-1
79,14,-1.07106e-06,8.21148e-06,-1
79,15,-2.57108e-06,9.43362e-06,-1
79,16,-4.30413e-06,1.0715e-05,-1
79,17,-6.26554e-06,1.2001e-05,-1
79,18,-8.42531e-06,1.32119e-05,-1
79,19,-1.07191e-05,1.4242e-05,-1
79,20,-1.30408e-05,1.49641e-05,-1
79,21,-1.52387e-05,1.52387e-05,-1
79,22,-1.71177e-05,1.49311e-05,-1
79,23,-1.84488e-05,1.39332e-05,-1
79,24,-1.89867e-05,1.21911e-05,-1
79,25,-1.84967e-05,9.73409e-06,-1
79,26,-1.67883e-05,6.70273e-06,-1
79,27,-1.37539e-05,3.3696e-06,-1
79,28,-9.40457e-06,1.45674e-07,-1
79,29,-3.89616e-06,-2.43727e-06,-0.999999
79,30,2.46259e-06,-3.77702e-06,-0.999998
79,31,9.20542e-06,-3.29731e-06,-0.999996
79,32,1.56699e-05,-6.3397e-07,-0.999992
79,33,2.08774e-05,4.03891e-06,-0.999984
79,34,2.35276e-05,9.56237e-06,-0.999967
79,35,2.2489e-05,1.37061e-05,-0.999937
79,36,1.80607e-05,1.45107e-05,-0.999883
79,37,1.26524e-05,1.23118e-05,-0.999794
79,38,8.618e-06,9.31628e-06,-0.999656
79,39,5.96179e-06,7.01872e-06,-0.999452
79,40,3.63436e-06,5.36889e-06,-0.999169
79,41,1.51352e-06,3.98218e-06,-0.998795
79,42,2.36637e-08,2.84467e-06,-0.998322
79,43,-8.62827e-07,1.99821e-06,-0.997751
79,44,-1.27469e-06,1.36864e-06,-0.997096
79,45,-1.24869e-06,9.37411e-07,-0.996387
79,46,-1.14652e-06,6.79816e-07,-0.99567
79,47,-1.20793e-06,4.91909e-07,-0.995007
79,48,-1.28993e-06,3.10192e-07,-0.994467
79,49,-1.28486e-06,1.43806e-07,-0.994113
79,50,-1.26353e-06,5.08966e-15,-0.993989
79,51,-1.28486e-06,-1.43806e-07,-0.994113
79,52,-1.28993e-06,-3.10192e-07,-0.994467
79,53,-1.20793e-06,-4.91909e-07,-0.995007
79,54,-1.14652e-06,-6.79816e-07,-0.99567
79,55,-1.24869e-06,-9.37411e-07,-0.996387
79,56,-1.27469e-06,-1.36864e-06,-0.997096
79,57,-8.62827e-07,-1.99821e-06,-0.997751
79,58,2.36638e-08,-2.84467e-06,-0.998322
79,59,1.51352e-06,-3.98218e-06,-0.998795
79,60,3.63436e-06,-5.36889e-06,-0.999169
79,61,5.96179e-06,-7.01872e-06,-0.999452
79,62,8.618e-06,-9.31628e-06,-0.999656
79,63,1.26524e-05,-1.23118e-05,-0.999794
79,64,1.80607e-05,-1.45107e-05,-0.999883
79,65,2.2489e-05,-1.37061e-05,-0.999937
79,66,2.35276e-05,-9.56237e-06,-0.999967
79,67,2.08774e-05,-4.03891e-06,-0.999984
79,68,1.56699e-05,6.3397e-07,-0.999992
79,69,9.20542e-06,3.29731e-06,-0.999996
79,70,2.46259e-06,3.77702e-06,-0.999998
79,71,-3.89616e-06,2.43727e-06,-0.999999
79,72,-9.40457e-06,-1.45674e-07,-1
79,73,-1.37539e-05,-3.3696e-06,-1
79,74,-1.67883e-05,-6.70273e-06,-1
79,75,-1.84967e-05,-9.73409e-06,-1
79,76,-1.89867e-05,-1.21911e-05,-1
79,77,-1.84488e-05,-1.39332e-05,-1
79,78,-1.71177e-05,-1.49311e-05,-1
79,79,-1.52387e-05,-1.52387e-05,-1
79,80,-1.30408e-05,-1.49641e-05,-1
79,81,-1.07191e-05,-1.4242e-05,-1
79,82,-8.42531e-06,-1.32119e-05,-1
79,83,-6.26554e-06,-1.2001e-05,-1
79,84,-4.30413e-06,-1.0715e-05,-1
79,85,-2.57108e-06,-9.43362e-06,-1
79,86,-1.07106e-06,-8.21148e-06,-1
79,87,2.07843e-07,-7.08142e-06,-1
79,88,1.28667e-06,-6.05934e-06,-1
79,89,2.1901e-06,-5.14907e-06,-1
79,90,2.9428e-06,-4.34665e-06,-1
79,91,3.56734e-06,-3.6436e-06,-1
79,92,4.08328e-06,-3.02921e-06,-1
79,93,4.50693e-06,-2.49199e-06,-1
79,94,4.85155e-06,-2.0205e-06,-1
79,95,5.12769e-06,-1.60379e-06,-1
79,96,5.3436e-06,-1.23153e-06,-1
79,97,5.50554e-06,-8.94001e-07,-1
79,98,5.61811e-06,-5.82025e-07,-1
79,99,5.68444e-06,-2.86849e-07,-1
80,0,5.39997e-06,5.97719e-15,-1
80,1,5.37381e-06,3.27289e-07,-1
80,2,5.29468e-06,6.63194e-07,-1
80,3,5.16058e-06,1.01642e-06,-1
80,4,4.9681e-06,1.39582e-06,-1
80,5,4.71228e-06,1.8105e-06,-1
80,6,4.38643e-06,2.26976e-06,-1
80,7,3.98196e-06,2.78307e-06,-1
80,8,3.48811e-06,3.35985e-06,-1
80,9,2.89187e-06,4.00903e-06,-1
80,10,2.17796e-06,4.7383e-06,-1
80,11,1.3292e-06,5.55291e-06,-1
80,12,3.27404e-07,6.45382e-06,-1
80,13,-8.44839e-07,7.43528e-06,-1
80,14,-2.20135e-06,8.48172e-06,-1
80,15,-3.7482e-06,9.56429e-06,-1
80,16,-5.47835e-06,1.06376e-05,-1
80,17,-7.36535e-06,1.16373e-05,-1
80,18,-9.35701e-06,1.24801e-05,-1
80,19,-1.13703e-05,1.30667e-05,-1
80,20,-1.32887e-05,1.32887e-05,-1
80,21,-1.49641e-05,1.30408e-05,-1
80,22,-1.62238e-05,1.22367e-05,-1
80,23,-1.68842e-05,1.08287e-05,-1
80,24,-1.67702e-05,8.82809e-06,-1
80,25,-1.574e-05,6.32446e-06,-1
80,26,-1.37125e-05,3.49852e-06,-1
80,27,-1.06923e-05,6.23927e-07,-1
80,28,-6.78608e-06,-1.94786e-06,-1
80,29,-2.20185e-06,-3.82384e-06,-1
80,30,2.77219e-06,-4.62542e-06,-0.999999
80,31,7.79793e-06,-4.06047e-06,-0.999999
80,32,1.25037e-05,-2.00981e-06,-0.999998
80,33,1.64496e-05,1.35885e-06,-0.999995
80,34,1.90726e-05,5.45758e-06,-0.999991
80,35,1.97712e-05,9.215e-06,-0.999982
80,36,1.82649e-05,1.13856e-05,-0.999967
80,37,1.51186e-05,1.14194e-05,-0.999942
80,38,1.15836e-05,1.00035e-05,-0.999901
80,39,8.47104e-06,8.27704e-06,-0.999839
80,40,5.70357e-06,6.73616e-06,-0.999751
80,41,3.12961e-06,5.30403e-06,-0.999633
80,42,9.64005e-07,3.967e-06,-0.999483
80,43,-6.01484e-07,2.82605e-06,-0.999303
80,44,-1.53097e-06,1.91218e-06,-0.9991
80,45,-1.874e-06,1.26935e-06,-0.998885
80,46,-1.98609e-06,8.95126e-07,-0.998673
80,47,-2.18812e-06,6.45038e-07,-0.99848
80,48,-2.39276e-06,4.05622e-07,-0.998326
80,49,-2.46259e-06,1.84813e-07,-0.998225
80,50,-2.46199e-06,8.32493e-15,-0.998191
80,51,-2.46259e-06,-1.84813e-07,-0.998225
80,52,-2.39276e-06,-4.05622e-07,-0.998326
80,53,-2.18812e-06,-6.45038e-07,-0.99848
80,54,-1.98609e-06,-8.95126e-07,-0.998673
80,55,-1.874e-06,-1.26935e-06,-0.998885
80,56,-1.53097e-06,-1.91218e-06,-0.9991
80,57,-6.01484e-07,-2.82605e-06,-0.999303
80,58,9.64005e-07,-3.967e-06,-0.999483
80,59,3.12961e-06,-5.30403e-06,-0.999633
80,60,5.70357e-06,-6.73616e-06,-0.999751
80,61,8.47104e-06,-8.27704e-06,-0.999839
80,62,1.15836e-05,-1.00035e-05,-0.999901
80,63,1.51186e-05,-1.14194e-05,-0.999942
80,64,1.82649e-05,-1.13856e-05,-0.999967
80,65,1.97712e-05,-9.215e-06,-0.999982
80,66,1.90726e-05,-5.45758e-06,-0.999991
80,67,1.64496e-05,-1.35885e-06,-0.999995
80,68,1.25037e-05,2.00981e-06,-0.999998
80,69,7.79793e-06,4.06047e-06,-0.999999
80,70,2.77219e-06,4.62542e-06,-0.999999
80,71,-2.20185e-06,3.82384e-06,-1
80,72,-6.78608e-06,1.94786e-06,-1
80,73,-1.06923e-05,-6.23927e-07,-1
80,74,-1.37125e-05,-3.49852e-06,-1
80,75,-1.574e-05,-6.32446e-06,-1
80,76,-1.67702e-05,-8.82809e-06,-1
80,77,-1.68842e-05,-1.08287e-05,-1
80,78,-1.62238e-05,-1.22367e-05,-1
80,79,-1.49641e-05,-1.30408e-05,-1
80,80,-1.32887e-05,-1.32887e-05,-1
80,81,-1.13703e-05,-1.30667e-05,-1
80,82,-9.35701e-06,-1.24801e-05,-1
80,83,-7.36535e-06,-1.16373e-05,-1
80,84,-5.47835e-06,-1.06376e-05,-1
80,85,-3.7482e-06,-9.56429e-06,-1
80,86,-2.20135e-06,-8.48172e-06,-1
80,87,-8.44839e-07,-7.43528e-06,-1
80,88,3.27404e-07,-6.45382e-06,-1
80,89,1.3292e-06,-5.55291e-06,-1
80,90,2.17796e-06,-4.7383e-06,-1
80,91,2.89187e-06,-4.00903e-06,-1
80,92,3.48811e-06,-3.35985e-06,-1
80,93,3.98196e-06,-2.78307e-06,-1
80,94,4.38643e-06,-2.26976e-06,-1
80,95,4.71228e-06,-1.8105e-06,-1
80,96,4.9681e-06,-1.39582e-06,-1
80,97,5.16058e-06,-1.01642e-06,-1
80,98,5.29468e-06,-6.63194e-07,-1
80,99,5.37381e-06,-3.27289e-07,-1
81,0,5.05507e-06,6.64441e-15,-1
81,1,5.0246e-06,3.63605e-07,-1
81,2,4.9325e-06,7.35773e-07,-1
81,3,4.77672e-06,1.12508e-06,-1
81,4,4.55373e-06,1.54009e-06,-1
81,5,4.2585e-06,1.98934e-06,-1
81,6,3.88438e-06,2.4812e-06,-1
81,7,3.423e-06,3.02361e-06,-1
81,8,2.8643e-06,3.62371e-06,-1
81,9,2.19665e-06,4.28715e-06,-1
81,10,1.40725e-06,5.01706e-06,-1
81,11,4.83003e-07,5.81268e-06,-1
81,12,-5.88027e-07,6.66747e-06,-1
81,13,-1.8144e-06,7.56685e-06,-1
81,14,-3.19816e-06,8.48579e-06,-1
81,15,-4.73088e-06,9.3865e-06,-1
81,16,-6.38914e-06,1.0217e-05,-1
81,17,-8.13007e-06,1.0911e-05,-1
81,18,-9.88768e-06,1.13907e-05,-1
81,19,-1.15712e-05,1.15712e-05,-1
81,20,-1.30667e-05,1.13703e-05,-1
81,21,-1.4242e-05,1.07191e-05,-1
81,22,-1.49572e-05,9.57683e-06,-1
81,23,-1.50789e-05,7.9453e-06,-1
81,24,-1.44978e-05,5.88236e-06,-1
81,25,-1.31489e-05,3.51075e-06,-1
81,26,-1.10289e-05,1.01884e-06,-1
81,27,-8.20739e-06,-1.35023e-06,-1
81,28,-4.82616e-06,-3.32316e-06,-1
81,29,-1.08252e-06,-4.63352e-06,-1
81,30,2.80046e-06,-5.06493e-06,-1
81,31,6.60683e-06,-4.49123e-06,-1
81,32,1.01412e-05,-2.90626e-06,-0.999999
81,33,1.32079e-05,-4.49832e-07,-0.999999
81,34,1.55547e-05,2.5609e-06,-0.999997
81,35,1.68514e-05,5.61064e-06,-0.999995
81,36,1.67947e-05,8.04276e-06,-0.999991
81,37,1.53461e-05,9.31649e-06,-0.999984
81,38,1.29137e-05,9.37429e-06,-0.999974
81,39,1.01214e-05,8.64965e-06,-0.999957
81,40,7.35274e-06,7.60651e-06,-0.999933
81,41,4.71344e-06,6.42834e-06,-0.999899
81,42,2.31232e-06,5.16623e-06,-0.999855
81,43,3.42367e-07,3.91413e-06,-0.999802
81,44,-1.05858e-06,2.79095e-06,-0.999741
81,45,-1.90714e-06,1.92162e-06,-0.999675
81,46,-2.41947e-06,1.35219e-06,-0.99961
81,47,-2.84458e-06,9.61535e-07,-0.999551
81,48,-3.19876e-06,6.11969e-07,-0.999503
81,49,-3.39234e-06,2.8645e-07,-0.999472
81,50,-3.44289e-06,1.16062e-14,-0.999462
81,51,-3.39234e-06,-2.8645e-07,-0.999472
81,52,-3.19876e-06,-6.11969e-07,-0.999503
81,53,-2.84458e-06,-9.61535e-07,-0.999551
81,54,-2.41947e-06,-1.35219e-06,-0.99961
81,55,-1.90714e-06,-1.92162e-06,-0.999675
81,56,-1.05858e-06,-2.79095e-06,-0.999741
81,57,3.42367e-07,-3.91413e-06,-0.999802
81,58,2.31232e-06,-5.16623e-06,-0.999855
81,59,4.71344e-06,-6.42834e-06,-0.999899
81,60,7.35274e-06,-7.60651e-06,-0.999933
81,61,1.01214e-05,-8.64965e-06,-0.999957
81,62,1.29137e-05,-9.37429e-06,-0.999974
81,63,1.53461e-05,-9.31649e-06,-0.999984
81,64,1.67947e-05,-8.04276e-06,-0.999991
81,65,1.68514e-05,-5.61064e-06,-0.999995
81,66,1.55547e-05,-2.5609e-06,-0.999997
81,67,1.32079e-05,4.49832e-07,-0.999999
81,68,1.01412e-05,2.90626e-06,-0.999999
81,69,6.60683e-06,4.49123e-06,-1
81,70,2.80046e-06,5.06493e-06,-1
81,71,-1.08252e-06,4.63352e-06,-1
81,72,-4.82616e-06,3.32316e-06,-1
81,73,-8.20739e-06,1.35023e-06,-1
81,74,-1.10289e-05,-1.01884e-06,-1
81,75,-1.31489e-05,-3.51075e-06,-1
81,76,-1.44978e-05,-5.88236e-06,-1
81,77,-1.50789e-05,-7.9453e-06,-1
81,78,-1.49572e-05,-9.57683e-06,-1
81,79,-1.4242e-05,-1.07191e-05,-1
81,80,-1.30667e-05,-1.13703e-05,-1
81,81,-1.15712e-05,-1.15712e-05,-1
81,82,-9.88768e-06,-1.13907e-05,-1
81,83,-8.13007e-06,-1.0911e-05,-1
81,84,-6.38914e-06,-1.0217e-05,-1
81,85,-4.73088e-06,-9.3865e-06,-1
81,86,-3.19816e-06,-8.48579e-06,-1
81,87,-1.8144e-06,-7.56685e-06,-1
81,88,-5.88027e-07,-6.66747e-06,-1
81,89,4.83003e-07,-5.81268e-06,-1
81,90,1.40725e-06,-5.01706e-06,-1
81,91,2.19665e-06,-4.28715e-06,-1
81,92,2.8643e-06,-3.62371e-06,-1
81,93,3.423e-06,-3.02361e-06,-1
81,94,3.88438e-06,-2.4812e-06,-1
81,95,4.2585e-06,-1.98934e-06,-1
81,96,4.55373e-06,-1.54009e-06,-1
81,97,4.77672e-06,-1.12508e-06,-1
81,98,4.9325e-06,-7.35773e-07,-1
81,99,5.0246e-06,-3.63605e-07,-1
82,0,4.67639e-06,7.24907e-15,-1
82,1,4.64172e-06,3.94454e-07,-1
82,2,4.53705e-06,7.97044e-07,-1
82,3,4.36035e-06,1.21583e-06,-1
82,4,4.10826e-06,1.65866e-06,-1
82,5,3.77603e-06,2.13305e-06,-1
82,6,3.35751e-06,2.6459e-06,-1
82,7,2.84529e-06,3.20309e-06,-1
82,8,2.23085e-06,3.80892e-06,-1
82,9,1.50501e-06,4.46527e-06,-1
82,10,6.58719e-07,5.1705e-06,-1
82,11,-3.15791e-07,5.91799e-06,-1
82,12,-1.4232e-06,6.69458e-06,-1
82,13,-2.66273e-06,7.47875e-06,-1
82,14,-4.02523e-06,8.2391e-06,-1
82,15,-5.48989e-06,8.93342e-06,-1
82,16,-7.021e-06,9.50886e-06,-1
82,17,-8.56546e-06,9.90376e-06,-1
82,18,-1.00517e-05,1.00517e-05,-1
82,19,-1.13907e-05,9.88768e-06,-1
82,20,-1.24801e-05,9.35701e-06,-1
82,21,-1.32119e-05,8.42531e-06,-1
82,22,-1.34823e-05,7.08934e-06,-1
82,23,-1.32055e-05,5.38664e-06,-1
82,24,-1.23277e-05,3.40188e-06,-1
82,25,-1.08396e-05,1.26743e-06,-1
82,26,-8.78481e-06,-8.43965e-07,-1
82,27,-6.25977e-06,-2.73578e-06,-1
82,28,-3.4027e-06,-4.21239e-06,-1
82,29,-3.72478e-07,-5.10772e-06,-1
82,30,2.67792e-06,-5.31069e-06,-1
82,31,5.62266e-06,-4.78045e-06,-1
82,32,8.36566e-06,-3.54887e-06,-1
82,33,1.0817e-05,-1.71572e-06,-1
82,34,1.2848e-05,5.48724e-07,-0.999999
82,35,1.42591e-05,2.98842e-06,-0.999999
82,36,1.48105e-05,5.25952e-06,-0.999998
82,37,1.43355e-05,6.9906e-06,-0.999996
82,38,1.28856e-05,7.93454e-06,-0.999993
82,39,1.07629e-05,8.10339e-06,-0.999989
82,40,8.34433e-06,7.70584e-06,-0.999983
82,41,5.89371e-06,6.95114e-06,-0.999974
82,42,3.57158e-06,5.96356e-06,-0.999963
82,43,1.52829e-06,4.84511e-06,-0.999949
82,44,-1.11598e-07,3.72904e-06,-0.999933
82,45,-1.32596e-06,2.75672e-06,-0.999915
82,46,-2.19516e-06,2.00333e-06,-0.999898
82,47,-2.8379e-06,1.42276e-06,-0.999881
82,48,-3.31182e-06,9.1794e-07,-0.999868
82,49,-3.60134e-06,4.45864e-07,-0.999859
82,50,-3.6961e-06,1.07318e-14,-0.999856
82,51,-3.60134e-06,-4.45864e-07,-0.999859
82,52,-3.31182e-06,-9.1794e-07,-0.999868
82,53,-2.8379e-06,-1.42276e-06,-0.999881
82,54,-2.19516e-06,-2.00333e-06,-0.999898
82,55,-1.32596e-06,-2.75672e-06,-0.999915
82,56,-1.11598e-07,-3.72904e-06,-0.999933
82,57,1.52829e-06,-4.84511e-06,-0.999949
82,58,3.57158e-06,-5.96356e-06,-0.999963
82,59,5.89371e-06,-6.95114e-06,-0.999974
82,60,8.34433e-06,-7.70584e-06,-0.999983
82,61,1.07629e-05,-8.10339e-06,-0.999989
82,62,1.28856e-05,-7.93454e-06,-0.999993
82,63,1.43355e-05,-6.9906e-06,-0.999996
82,64,1.48105e-05,-5.25952e-06,-0.999998
82,65,1.42591e-05,-2.98842e-06,-0.999999
82,66,1.2848e-05,-5.48724e-07,-0.999999
82,67,1.0817e-05,1.71572e-06,-1
82,68,8.36566e-06,3.54887e-06,-1
82,69,5.62266e-06,4.78045e-06,-1
82,70,2.67792e-06,5.31069e-06,-1
82,71,-3.72478e-07,5.10772e-06,-1
82,72,-3.4027e-06,4.21239e-06,-1
82,73,-6.25977e-06,2.73578e-06,-1
82,74,-8.78481e-06,8.43965e-07,-1
82,75,-1.08396e-05,-1.26743e-06,-1
82,76,-1.23277e-05,-3.40188e-06,-1
82,77,-1.32055e-05,-5.38664e-06,-1
82,78,-1.34823e-05,-7.08934e-06,-1
82,79,-1.32119e-05,-8.42531e-06,-1
82,80,-1.24801e-05,-9.35701e-06,-1
82,81,-1.13907e-05,-9.88768e-06,-1
82,82,-1.00517e-05,-1.00517e-05,-1
82,83,-8.56546e-06,-9.90376e-06,-1
82,84,-7.021e-06,-9.50886e-06,-1
82,85,-5.48989e-06,-8.93342e-06,-1
82,86,-4.02523e-06,-8.2391e-06,-1
82,87,-2.66273e-06,-7.47875e-06,-1
82,88,-1.4232e-06,-6.69458e-06,-1
82,89,-3.15791e-07,-5.91799e-06,-1
82,90,6.58719e-07,-5.1705e-06,-1
82,91,1.50501e-06,-4.46527e-06,-1
82,92,2.23085e-06,-3.80892e-06,-1
82,93,2.84529e-06,-3.20309e-06,-1
82,94,3.35751e-06,-2.6459e-06,-1
82,95,3.77603e-06,-2.13305e-06,-1
82,96,4.10826e-06,-1.65866e-06,-1
82,97,4.36035e-06,-1.21582e-06,-1
82,98,4.53705e-06,-7.97044e-07,-1
82,99,4.64172e-06,-3.94454e-07,-1
83,0,4.27002e-06,7.68694e-15,-1
83,1,4.23145e-06,4.18544e-07,-1
83,2,4.11515e-06,8.44414e-07,-1
83,3,3.91931e-06,1.28475e-06,-1
83,4,3.64096e-06,1.74629e-06,-1
83,5,3.27599e-06,2.2351e-06,-1
83,6,2.81933e-06,2.75618e-06,-1
83,7,2.26514e-06,3.31296e-06,-1
83,8,1.60726e-06,3.90662e-06,-1
83,9,8.3984e-07,4.53517e-06,-1
83,10,-4.16168e-08,5.19244e-06,-1
83,11,-1.03889e-06,5.86681e-06,-1
83,12,-2.14922e-06,6.53998e-06,-1
83,13,-3.3631e-06,7.18593e-06,-1
83,14,-4.6619e-06,7.77031e-06,-1
83,15,-6.01555e-06,8.25073e-06,-1
83,16,-7.38075e-06,8.57822e-06,-1
83,17,-8.70024e-06,8.70024e-06,-1
83,18,-9.90376e-06,8.56546e-06,-1
83,19,-1.0911e-05,8.13007e-06,-1
83,20,-1.16373e-05,7.36535e-06,-1
83,21,-1.2001e-05,6.26554e-06,-1
83,22,-1.19335e-05,4.85493e-06,-1
83,23,-1.13893e-05,3.19252e-06,-1
83,24,-1.03556e-05,1.3727e-06,-1
83,25,-8.85834e-06,-4.79596e-07,-1
83,26,-6.96256e-06,-2.22002e-06,-1
83,27,-4.76595e-06,-3.70146e-06,-1
83,28,-2.38441e-06,-4.79363e-06,-1
83,29,6.68279e-08,-5.40083e-06,-1
83,30,2.49116e-06,-5.47297e-06,-1
83,31,4.81982e-06,-5.00628e-06,-1
83,32,7.00619e-06,-4.03533e-06,-1
83,33,9.00302e-06,-2.62335e-06,-1
83,34,1.07318e-05,-8.61803e-07,-1
83,35,1.2061e-05,1.11624e-06,-1
83,36,1.28159e-05,3.11969e-06,-0.999999
83,37,1.28381e-05,4.90632e-06,-0.999999
83,38,1.20706e-05,6.23998e-06,-0.999998
83,39,1.06179e-05,6.98403e-06,-0.999997
83,40,8.71465e-06,7.15078e-06,-0.999996
83,41,6.61667e-06,6.85194e-06,-0.999994
83,42,4.52496e-06,6.21471e-06,-0.999991
83,43,2.58482e-06,5.35622e-06,-0.999988
83,44,9.00166e-07,4.39921e-06,-0.999984
83,45,-4.77741e-07,3.46147e-06,-0.99998
83,46,-1.54856e-06,2.6198e-06,-0.999975
83,47,-2.34377e-06,1.88697e-06,-0.999971
83,48,-2.90233e-06,1.22836e-06,-0.999968
83,49,-3.24116e-06,6.06405e-07,-0.999966
83,50,-3.35568e-06,5.87553e-15,-0.999965
83,51,-3.24116e-06,-6.06405e-07,-0.999966
83,52,-2.90233e-06,-1.22836e-06,-0.999968
83,53,-2.34377e-06,-1.88697e-06,-0.999971
83,54,-1.54856e-06,-2.6198e-06,-0.999975
83,55,-4.77741e-07,-3.46147e-06,-0.99998
83,56,9.00166e-07,-4.39921e-06,-0.999984
83,57,2.58482e-06,-5.35622e-06,-0.999988
83,58,4.52496e-06,-6.21471e-06,-0.999991
83,59,6.61667e-06,-6.85194e-06,-0.999994
83,60,8.71465e-06,-7.15078e-06,-0.999996
83,61,1.06179e-05,-6.98403e-06,-0.999997
83,62,1.20706e-05,-6.23998e-06,-0.999998
83,63,1.28381e-05,-4.90632e-06,-0.999999
83,64,1.28159e-05,-3.11969e-06,-0.999999
83,65,1.2061e-05,-1.11624e-06,-1
83,66,1.07318e-05,8.61803e-07,-1
83,67,9.00302e-06,2.62335e-06,-1
83,68,7.00619e-06,4.03533e-06,-1
83,69,4.81982e-06,5.00628e-06,-1
83,70,2.49116e-06,5.47297e-06,-1
83,71,6.68278e-08,5.40083e-06,-1
83,72,-2.38441e-06,4.79363e-06,-1
83,73,-4.76595e-06,3.70146e-06,-1
83,74,-6.96256e-06,2.22002e-06,-1
83,75,-8.85834e-06,4.79596e-07,-1
83,76,-1.03556e-05,-1.3727e-06,-1
83,77,-1.13893e-05,-3.19252e-06,-1
83,78,-1.19335e-05,-4.85493e-06,-1
83,79,-1.2001e-05,-6.26554e-06,-1
83,80,-1.16373e-05,-7.36535e-06,-1
83,81,-1.0911e-05,-8.13007e-06,-1
83,82,-9.90376e-06,-8.56546e-06,-1
83,83,-8.70024e-06,-8.70024e-06,-1
83,84,-7.38075e-06,-8.57822e-06,-1
83,85,-6.01555e-06,-8.25073e-06,-1
83,86,-4.6619e-06,-7.77031e-06,-1
83,87,-3.3631e-06,-7.18593e-06,-1
83,88,-2.14922e-06,-6.53998e-06,-1
83,89,-1.03889e-06,-5.86681e-06,-1
83,90,-4.16167e-08,-5.19244e-06,-1
83,91,8.3984e-07,-4.53517e-06,-1
83,92,1.60726e-06,-3.90662e-06,-1
83,93,2.26514e-06,-3.31296e-06,-1
83,94,2.81933e-06,-2.75618e-06,-1
83,95,3.27599e-06,-2.2351e-06,-1
83,96,3.64096e-06,-1.74629e-06,-1
83,97,3.91931e-06,-1.28475e-06,-1
83,98,4.11515e-06,-8.44414e-07,-1
83,99,4.23145e-06,-4.18544e-07,-1
84,0,3.84326e-06,8.06225e-15,-1
84,1,3.80129e-06,4.34729e-07,-1
84,2,3.67489e-06,8.75602e-07,-1
84,3,3.46263e-06,1.32848e-06,-1
84,4,3.16218e-06,1.79861e-06,-1
84,5,2.77049e-06,2.29028e-06,-1
84,6,2.284e-06,2.80631e-06,-1
84,7,1.69902e-06,3.34748e-06,-1
84,8,1.01233e-06,3.91184e-06,-1
84,9,2.21978e-07,4.49385e-06,-1
84,10,-6.71607e-07,5.08349e-06,-1
84,11,-1.66422e-06,5.66536e-06,-1
84,12,-2.74623e-06,6.21795e-06,-1
84,13,-3.90083e-06,6.71332e-06,-1
84,14,-5.10234e-06,7.11734e-06,-1
84,15,-6.31496e-06,7.39092e-06,-1
84,16,-7.49233e-06,7.49233e-06,-1
84,17,-8.57822e-06,7.38075e-06,-1
84,18,-9.50886e-06,7.021e-06,-1
84,19,-1.0217e-05,6.38914e-06,-1
84,20,-1.06376e-05,5.47835e-06,-1
84,21,-1.0715e-05,4.30413e-06,-1
84,22,-1.04105e-05,2.90789e-06,-1
84,23,-9.7094e-06,1.35769e-06,-1
84,24,-8.62559e-06,-2.54904e-07,-1
84,25,-7.20265e-06,-1.8223e-06,-1
84,26,-5.50968e-06,-3.23221e-06,-1
84,27,-3.632e-06,-4.38125e-06,-1
84,28,-1.65806e-06,-5.18773e-06,-1
84,29,3.34141e-07,-5.60038e-06,-1
84,30,2.28655e-06,-5.60017e-06,-1
84,31,4.16224e-06,-5.19517e-06,-1
84,32,5.9363e-06,-4.41145e-06,-1
84,33,7.57833e-06,-3.2864e-06,-1
84,34,9.03332e-06,-1.87023e-06,-1
84,35,1.021e-05,-2.3787e-07,-1
84,36,1.09868e-05,1.49498e-06,-1
84,37,1.12422e-05,3.16758e-06,-1
84,38,1.0901e-05,4.5968e-06,-1
84,39,9.97887e-06,5.62681e-06,-0.999999
84,40,8.59146e-06,6.1813e-06,-0.999999
84,41,6.91674e-06,6.27692e-06,-0.999998
84,42,5.1349e-06,5.99213e-06,-0.999998
84,43,3.3893e-06,5.42815e-06,-0.999997
84,44,1.78412e-06,4.68821e-06,-0.999996
84,45,3.90807e-07,3.86621e-06,-0.999995
84,46,-7.49467e-07,3.03371e-06,-0.999994
84,47,-1.62275e-06,2.23112e-06,-0.999993
84,48,-2.23595e-06,1.46668e-06,-0.999993
84,49,-2.602e-06,7.28035e-07,-0.999992
84,50,-2.72436e-06,-1.80004e-16,-0.999992
84,51,-2.602e-06,-7.28035e-07,-0.999992
84,52,-2.23595e-06,-1.46668e-06,-0.999993
84,53,-1.62275e-06,-2.23112e-06,-0.999993
84,54,-7.49467e-07,-3.03371e-06,-0.999994
84,55,3.90807e-07,-3.86621e-06,-0.999995
84,56,1.78412e-06,-4.68821e-06,-0.999996
84,57,3.3893e-06,-5.42815e-06,-0.999997
84,58,5.1349e-06,-5.99213e-06,-0.999998
84,59,6.91674e-06,-6.27692e-06,-0.999998
84,60,8.59146e-06,-6.1813e-06,-0.999999
84,61,9.97887e-06,-5.62681e-06,-0.999999
84,62,1.0901e-05,-4.5968e-06,-1
84,63,1.12422e-05,-3.16758e-06,-1
84,64,1.09868e-05,-1.49498e-06,-1
84,65,1.021e-05,2.3787e-07,-1
84,66,9.03332e-06,1.87023e-06,-1
84,67,7.57833e-06,3.2864e-06,-1
84,68,5.9363e-06,4.41145e-06,-1
84,69,4.16224e-06,5.19517e-06,-1
84,70,2.28655e-06,5.60017e-06,-1
84,71,3.34141e-07,5.60038e-06,-1
84,72,-1.65806e-06,5.18773e-06,-1
84,73,-3.632e-06,4.38125e-06,-1
84,74,-5.50968e-06,3.23221e-06,-1
84,75,-7.20265e-06,1.8223e-06,-1
84,76,-8.62559e-06,2.54904e-07,-1
84,77,-9.7094e-06,-1.35769e-06,-1
84,78,-1.04105e-05,-2.90789e-06,-1
84,79,-1.0715e-05,-4.30413e-06,-1
84,80,-1.06376e-05,-5.47835e-06,-1
84,81,-1.0217e-05,-6.38914e-06,-1
84,82,-9.50886e-06,-7.021e-06,-1
84,83,-8.57822e-06,-7.38075e-06,-1
84,84,-7.49233e-06,-7.49233e-06,-1
84,85,-6.31496e-06,-7.39092e-06,-1
84,86,-5.10234e-06,-7.11734e-06,-1
84,87,-3.90083e-06,-6.71332e-06,-1
84,88,-2.74623e-06,-6.21795e-06,-1
84,89,-1.66422e-06,-5.66536e-06,-1
84,90,-6.71607e-07,-5.08349e-06,-1
84,91,2.21978e-07,-4.49385e-06,-1
84,92,1.01233e-06,-3.91184e-06,-1
84,93,1.69902e-06,-3.34748e-06,-1
84,94,2.284e-06,-2.80631e-06,-1
84,95,2.77049e-06,-2.29028e-06,-1
84,96,3.16218e-06,-1.79861e-06,-1
84,97,3.46263e-06,-1.32848e-06,-1
84,98,3.67489e-06,-8.75602e-07,-1
84,99,3.80129e-06,-4.34729e-07,-1
85,0,3.40445e-06,8.1248e-15,-1
85,1,3.35975e-06,4.42101e-07,-1
85,2,3.22531e-06,8.88839e-07,-1
85,3,3.00021e-06,1.34448e-06,-1
85,4,2.68303e-06,1.81251e-06,-1
85,5,2.27205e-06,2.29519e-06,-1
85,6,1.7656e-06,2.79305e-06,-1
85,7,1.16256e-06,3.30427e-06,-1
85,8,4.62973e-07,3.82403e-06,-1
85,9,-3.31036e-07,4.34382e-06,-1
85,10,-1.21421e-06,4.85079e-06,-1
85,11,-2.1769e-06,5.32723e-06,-1
85,12,-3.20378e-06,5.7504e-06,-1
85,13,-4.27262e-06,6.0928e-06,-1
85,14,-5.35341e-06,6.32311e-06,-1
85,15,-6.40803e-06,6.40803e-06,-1
85,16,-7.39092e-06,6.31496e-06,-1
85,17,-8.25073e-06,6.01555e-06,-1
85,18,-8.93342e-06,5.48989e-06,-1
85,19,-9.3865e-06,4.73088e-06,-1
85,20,-9.56429e-06,3.7482e-06,-1
85,21,-9.43362e-06,2.57108e-06,-1
85,22,-8.979e-06,1.24899e-06,-1
85,23,-8.20646e-06,-1.5025e-07,-1
85,24,-7.14456e-06,-1.54555e-06,-1
85,25,-5.8421e-06,-2.8503e-06,-1
85,26,-4.36207e-06,-3.98195e-06,-1
85,27,-2.77267e-06,-4.87132e-06,-1
85,28,-1.13745e-06,-5.4696e-06,-1
85,29,4.92835e-07,-5.75092e-06,-1
85,30,2.08368e-06,-5.70997e-06,-1
85,31,3.61412e-06,-5.35586e-06,-1
85,32,5.06805e-06,-4.70559e-06,-1
85,33,6.42245e-06,-3.78093e-06,-1
85,34,7.63651e-06,-2.61169e-06,-1
85,35,8.64644e-06,-1.24503e-06,-1
85,36,9.36964e-06,2.43271e-07,-1
85,37,9.71964e-06,1.74373e-06,-1
85,38,9.63098e-06,3.12216e-06,-1
85,39,9.08597e-06,4.24559e-06,-1
85,40,8.13016e-06,5.01683e-06,-1
85,41,6.86589e-06,5.39919e-06,-1
85,42,5.42278e-06,5.41652e-06,-0.999999
85,43,3.92671e-06,5.13093e-06,-0.999999
85,44,2.48229e-06,4.61815e-06,-0.999999
85,45,1.17205e-06,3.95238e-06,-0.999999
85,46,5.6632e-08,3.19802e-06,-0.999999
85,47,-8.25963e-07,2.40407e-06,-0.999998
85,48,-1.45787e-06,1.60063e-06,-0.999998
85,49,-1.83635e-06,7.9918e-07,-0.999998
85,50,-1.96231e-06,-4.76356e-15,-0.999998
85,51,-1.83635e-06,-7.9918e-07,-0.999998
85,52,-1.45787e-06,-1.60063e-06,-0.999998
85,53,-8.25963e-07,-2.40407e-06,-0.999998
85,54,5.6632e-08,-3.19802e-06,-0.999999
85,55,1.17205e-06,-3.95238e-06,-0.999999
85,56,2.48229e-06,-4.61815e-06,-0.999999
85,57,3.92671e-06,-5.13093e-06,-0.999999
85,58,5.42278e-06,-5.41652e-06,-0.999999
85,59,6.86589e-06,-5.39919e-06,-1
85,60,8.13016e-06,-5.01683e-06,-1
85,61,9.08597e-06,-4.24559e-06,-1
85,62,9.63098e-06,-3.12216e-06,-1
85,63,9.71964e-06,-1.74373e-06,-1
85,64,9.36964e-06,-2.43271e-07,-1
85,65,8.64644e-06,1.24503e-06,-1
85,66,7.63651e-06,2.61169e-06,-1
85,67,6.42245e-06,3.78093e-06,-1
85,68,5.06805e-06,4.70559e-06,-1
85,69,3.61412e-06,5.35586e-06,-1
85,70,2.08368e-06,5.70997e-06,-1
85,71,4.92835e-07,5.75092e-06,-1
85,72,-1.13745e-06,5.4696e-06,-1
85,73,-2.77267e-06,4.87132e-06,-1
85,74,-4.36207e-06,3.98195e-06,-1
85,75,-5.8421e-06,2.8503e-06,-1
85,76,-7.14456e-06,1.54555e-06,-1
85,77,-8.20646e-06,1.5025e-07,-1
85,78,-8.979e-06,-1.24899e-06,-1
85,79,-9.43362e-06,-2.57108e-06,-1
85,80,-9.56429e-06,-3.7482e-06,-1
85,81,-9.3865e-06,-4.73088e-06,-1
85,82,-8.93342e-06,-5.48989e-06,-1
85,83,-8.25073e-06,-6.01555e-06,-1
85,84,-7.39092e-06,-6.31496e-06,-1
85,85,-6.40803e-06,-6.40803e-06,-1
85,86,-5.35341e-06,-6.32311e-06,-1
85,87,-4.27262e-06,-6.0928e-06,-1
85,88,-3.20378e-06,-5.7504e-06,-1
85,89,-2.1769e-06,-5.32723e-06,-1
85,90,-1.21421e-06,-4.85079e-06,-1
85,91,-3.31036e-07,-4.34382e-06,-1
85,92,4.62973e-07,-3.82403e-06,-1
85,93,1.16256e-06,-3.30427e-06,-1
85,94,1.7656e-06,-2.79305e-06,-1
85,95,2.27205e-06,-2.29519e-06,-1
85,96,2.68303e-06,-1.81251e-06,-1
85,97,3.00021e-06,-1.34448e-06,-1
85,98,3.22531e-06,-8.88839e-07,-1
85,99,3.35975e-06,-4.42101e-07,-1
86,0,2.96271e-06,8.1109e-15,-1
86,1,2.91609e-06,4.40089e-07,-1
86,2,2.77611e-06,8.83054e-07,-1
86,3,2.54245e-06,1.33133e-06,-1
86,4,2.21476e-06,1.78647e-06,-1
86,5,1.79291e-06,2.24864e-06,-1
86,6,1.27735e-06,2.7161e-06,-1
86,7,6.69671e-07,3.18466e-06,-1
86,8,-2.67441e-08,3.64713e-06,-1
86,9,-8.05871e-07,4.09284e-06,-1
86,10,-1.65812e-06,4.50725e-06,-1
86,11,-2.56939e-06,4.87186e-06,-1
86,12,-3.52014e-06,5.16447e-06,-1
86,13,-4.48482e-06,5.35995e-06,-1
86,14,-5.43164e-06,5.43164e-06,-1
86,15,-6.32311e-06,5.35341e-06,-1
86,16,-7.11734e-06,5.10234e-06,-1
86,17,-7.77031e-06,4.6619e-06,-1
86,18,-8.2391e-06,4.02523e-06,-1
86,19,-8.48579e-06,3.19816e-06,-1
86,20,-8.48172e-06,2.20135e-06,-1
86,21,-8.21148e-06,1.07106e-06,-1
86,22,-7.67584e-06,-1.42078e-07,-1
86,23,-6.89295e-06,-1.37639e-06,-1
86,24,-5.89702e-06,-2.56457e-06,-1
86,25,-4.73451e-06,-3.64043e-06,-1
86,26,-3.45799e-06,-4.54578e-06,-1
86,27,-2.11904e-06,-5.23597e-06,-1
86,28,-7.61785e-07,-5.68272e-06,-1
86,29,5.81045e-07,-5.87347e-06,-1
86,30,1.88825e-06,-5.80789e-06,-1
86,31,3.14638e-06,-5.49301e-06,-1
86,32,4.3431e-06,-4.93942e-06,-1
86,33,5.45998e-06,-4.16066e-06,-1
86,34,6.4668e-06,-3.17666e-06,-1
86,35,7.31948e-06,-2.02035e-06,-1
86,36,7.96252e-06,-7.44663e-07,-1
86,37,8.33659e-06,5.7387e-07,-1
86,38,8.39114e-06,1.83883e-06,-1
86,39,8.09955e-06,2.94708e-06,-1
86,40,7.47196e-06,3.80893e-06,-1
86,41,6.55889e-06,4.36789e-06,-1
86,42,5.44236e-06,4.60984e-06,-1
86,43,4.21907e-06,4.55769e-06,-1
86,44,2.98354e-06,4.25694e-06,-1
86,45,1.81922e-06,3.76189e-06,-1
86,46,7.94308e-07,3.1269e-06,-1
86,47,-4.05528e-08,2.40049e-06,-1
86,48,-6.52777e-07,1.62135e-06,-1
86,49,-1.02446e-06,8.15904e-07,-1
86,50,-1.14886e-06,-7.52554e-15,-1
86,51,-1.02446e-06,-8.15904e-07,-1
86,52,-6.52777e-07,-1.62135e-06,-1
86,53,-4.05528e-08,-2.40049e-06,-1
86,54,7.94308e-07,-3.1269e-06,-1
86,55,1.81922e-06,-3.76189e-06,-1
86,56,2.98354e-06,-4.25694e-06,-1
86,57,4.21907e-06,-4.55769e-06,-1
86,58,5.44236e-06,-4.60984e-06,-1
86,59,6.55889e-06,-4.36789e-06,-1
86,60,7.47196e-06,-3.80893e-06,-1
86,61,8.09955e-06,-2.94708e-06,-1
86,62,8.39114e-06,-1.83883e-06,-1
86,63,8.33659e-06,-5.7387e-07,-1
86,64,7.96252e-06,7.44663e-07,-1
86,65,7.31948e-06,2.02035e-06,-1
86,66,6.4668e-06,3.17666e-06,-1
86,67,5.45998e-06,4.16066e-06,-1
86,68,4.3431e-06,4.93942e-06,-1
86,69,3.14638e-06,5.49301e-06,-1
86,70,1.88825e-06,5.80789e-06,-1
86,71,5.81045e-07,5.87347e-06,-1
86,72,-7.61785e-07,5.68272e-06,-1
86,73,-2.11904e-06,5.23597e-06,-1
86,74,-3.45799e-06,4.54578e-06,-1
86,75,-4.73451e-06,3.64043e-06,-1
86,76,-5.89702e-06,2.56457e-06,-1
86,77,-6.89295e-06,1.37639e-06,-1
86,78,-7.67584e-06,1.42078e-07,-1
86,79,-8.21148e-06,-1.07106e-06,-1
86,80,-8.48172e-06,-2.20135e-06,-1
86,81,-8.48579e-06,-3.19816e-06,-1
86,82,-8.2391e-06,-4.02523e-06,-1
86,83,-7.77031e-06,-4.6619e-06,-1
86,84,-7.11734e-06,-5.10234e-06,-1
86,85,-6.32311e-06,-5.35341e-06,-1
86,86,-5.43164e-06,-5.43164e-06,-1
86,87,-4.48482e-06,-5.35995e-06,-1
86,88,-3.52014e-06,-5.16447e-06,-1
86,89,-2.56939e-06,-4.87186e-06,-1
86,90,-1.65812e-06,-4.50725e-06,-1
86,91,-8.05871e-07,-4.09284e-06,-1
86,92,-2.6744e-08,-3.64713e-06,-1
86,93,6.69671e-07,-3.18466e-06,-1
86,94,1.27735e-06,-2.7161e-06,-1
86,95,1.79291e-06,-2.24864e-06,-1
86,96,2.21476e-06,-1.78647e-06,-1
86,97,2.54245e-06,-1.33133e-06,-1
86,98,2.77611e-06,-8.83054e-07,-1
86,99,2.91609e-06,-4.40089e-07,-1
87,0,2.52752e-06,7.9441e-15,-1
87,1,2.47991e-06,4.28529e-07,-1
87,2,2.33717e-06,8.58013e-07,-1
87,3,2.09969e-06,1.28894e-06,-1
87,4,1.76828e-06,1.72085e-06,-1
87,5,1.34447e-06,2.15185e-06,-1
87,6,8.30905e-07,2.57816e-06,-1
87,7,2.3184e-07,2.99361e-06,-1
87,8,-4.46216e-07,3.38929e-06,-1
87,9,-1.19381e-06,3.75321e-06,-1
87,10,-1.99786e-06,4.07033e-06,-1
87,11,-2.84096e-06,4.32269e-06,-1
87,12,-3.70102e-06,4.49009e-06,-1
87,13,-4.55112e-06,4.55112e-06,-1
87,14,-5.35995e-06,4.48482e-06,-1
87,15,-6.0928e-06,4.27262e-06,-1
87,16,-6.71332e-06,3.90083e-06,-1
87,17,-7.18593e-06,3.3631e-06,-1
87,18,-7.47875e-06,2.66273e-06,-1
87,19,-7.56685e-06,1.8144e-06,-1
87,20,-7.43528e-06,8.44839e-07,-1
87,21,-7.08142e-06,-2.07843e-07,-1
87,22,-6.51611e-06,-1.29641e-06,-1
87,23,-5.76304e-06,-2.36824e-06,-1
87,24,-4.85631e-06,-3.37012e-06,-1
87,25,-3.83632e-06,-4.25335e-06,-1
87,26,-2.74464e-06,-4.97813e-06,-1
87,27,-1.61905e-06,-5.51623e-06,-1
87,28,-4.89887e-07,-5.85142e-06,-1
87,29,6.21328e-07,-5.97766e-06,-1
87,30,1.70064e-06,-5.896e-06,-1
87,31,2.73824e-06,-5.61129e-06,-1
87,32,3.72407e-06,-5.13052e-06,-1
87,33,4.6436e-06,-4.46326e-06,-1
87,34,5.47504e-06,-3.62455e-06,-1
87,35,6.18842e-06,-2.63912e-06,-1
87,36,6.74685e-06,-1.54553e-06,-1
87,37,7.11017e-06,-3.98415e-07,-1
87,38,7.24118e-06,7.33091e-07,-1
87,39,7.11411e-06,1.7718e-06,-1
87,40,6.72352e-06,2.64352e-06,-1
87,41,6.09028e-06,3.28988e-06,-1
87,42,5.26187e-06,3.67801e-06,-1
87,43,4.30556e-06,3.80326e-06,-1
87,44,3.29787e-06,3.68462e-06,-1
87,45,2.31423e-06,3.35638e-06,-1
87,46,1.42198e-06,2.8604e-06,-1
87,47,6.76153e-07,2.2399e-06,-1
87,48,1.17465e-07,1.53478e-06,-1
87,49,-2.27092e-07,7.78955e-07,-1
87,50,-3.43366e-07,-8.86111e-15,-1
87,51,-2.27092e-07,-7.78955e-07,-1
87,52,1.17465e-07,-1.53478e-06,-1
87,53,6.76153e-07,-2.2399e-06,-1
87,54,1.42198e-06,-2.8604e-06,-1
87,55,2.31423e-06,-3.35638e-06,-1
87,56,3.29787e-06,-3.68462e-06,-1
87,57,4.30556e-06,-3.80326e-06,-1
87,58,5.26187e-06,-3.67801e-06,-1
87,59,6.09028e-06,-3.28988e-06,-1
87,60,6.72352e-06,-2.64352e-06,-1
87,61,7.11411e-06,-1.7718e-06,-1
87,62,7.24118e-06,-7.33091e-07,-1
87,63,7.11017e-06,3.98415e-07,-1
87,64,6.74685e-06,1.54553e-06,-1
87,65,6.18842e-06,2.63912e-06,-1
87,66,5.47504e-06,3.62455e-06,-1
87,67,4.6436e-06,4.46326e-06,-1
87,68,3.72407e-06,5.13052e-06,-1
87,69,2.73824e-06,5.61129e-06,-1
87,70,1.70064e-06,5.896e-06,-1
87,71,6.21328e-07,5.97766e-06,-1
87,72,-4.89887e-07,5.85142e-06,-1
87,73,-1.61905e-06,5.51623e-06,-1
87,74,-2.74464e-06,4.97813e-06,-1
87,75,-3.83632e-06,4.25335e-06,-1
87,76,-4.85631e-06,3.37012e-06,-1
87,77,-5.76304e-06,2.36824e-06,-1
87,78,-6.51611e-06,1.29641e-06,-1
87,79,-7.08142e-06,2.07843e-07,-1
87,80,-7.43528e-06,-8.44839e-07,-1
87,81,-7.56685e-06,-1.8144e-06,-1
87,82,-7.47875e-06,-2.66273e-06,-1
87,83,-7.18593e-06,-3.3631e-06,-1
87,84,-6.71332e-06,-3.90083e-06,-1
87,85,-6.0928e-06,-4.27262e-06,-1
87,86,-5.35995e-06,-4.48482e-06,-1
87,87,-4.55112e-06,-4.55112e-06,-1
87,88,-3.70102e-06,-4.49009e-06,-1
87,89,-2.84096e-06,-4.32269e-06,-1
87,90,-1.99786e-06,-4.07033e-06,-1
87,91,-1.19381e-06,-3.75321e-06,-1
87,92,-4.46216e-07,-3.38929e-06,-1
87,93,2.3184e-07,-2.99361e-06,-1
87,94,8.30905e-07,-2.57816e-06,-1
87,95,1.34447e-06,-2.15185e-06,-1
87,96,1.76828e-06,-1.72085e-06,-1
87,97,2.09969e-06,-1.28894e-06,-1
87,98,2.33717e-06,-8.58013e-07,-1
87,99,2.47991e-06,-4.28529e-07,-1
88,0,2.10833e-06,7.66609e-15,-1
88,1,2.0607e-06,4.07716e-07,-1
88,2,1.91815e-06,8.14411e-07,-1
88,3,1.68178e-06,1.2186e-06,-1
88,4,1.35356e-06,1.61789e-06,-1
88,5,9.36672e-07,2.0085e-06,-1
88,6,4.3581e-07,2.3849e-06,-1
88,7,-1.42335e-07,2.73946e-06,-1
88,8,-7.88583e-07,3.06219e-06,-1
88,9,-1.49075e-06,3.34075e-06,-1
88,10,-2.2332e-06,3.56054e-06,-1
88,11,-2.99658e-06,3.70527e-06,-1
88,12,-3.75773e-06,3.75773e-06,-1
88,13,-4.49009e-06,3.70102e-06,-1
88,14,-5.16447e-06,3.52014e-06,-1
88,15,-5.7504e-06,3.20378e-06,-1
88,16,-6.21795e-06,2.74623e-06,-1
88,17,-6.53998e-06,2.14922e-06,-1
88,18,-6.69458e-06,1.4232e-06,-1
88,19,-6.66747e-06,5.88027e-07,-1
88,20,-6.45382e-06,-3.27404e-07,-1
88,21,-6.05934e-06,-1.28667e-06,-1
88,22,-5.50005e-06,-2.2484e-06,-1
88,23,-4.80078e-06,-3.16973e-06,-1
88,24,-3.99237e-06,-4.01006e-06,-1
88,25,-3.10808e-06,-4.73451e-06,-1
88,26,-2.17973e-06,-5.31631e-06,-1
88,27,-1.23469e-06,-5.73774e-06,-1
88,28,-2.94007e-07,-5.9894e-06,-1
88,29,6.27587e-07,-6.06839e-06,-1
88,30,1.52017e-06,-5.9759e-06,-1
88,31,2.3761e-06,-5.71551e-06,-1
88,32,3.18725e-06,-5.29244e-06,-1
88,33,3.9427e-06,-4.71443e-06,-1
88,34,4.62724e-06,-3.99375e-06,-1
88,35,5.22094e-06,-3.14974e-06,-1
88,36,5.69947e-06,-2.21122e-06,-1
88,37,6.03581e-06,-1.21785e-06,-1
88,38,6.20328e-06,-2.19537e-07,-1
88,39,6.18027e-06,7.26512e-07,-1
88,40,5.95612e-06,1.56164e-06,-1
88,41,5.5367e-06,2.23339e-06,-1
88,42,4.94749e-06,2.7032e-06,-1
88,43,4.23229e-06,2.95148e-06,-1
88,44,3.44793e-06,2.97844e-06,-1
88,45,2.65658e-06,2.80111e-06,-1
88,46,1.91865e-06,2.4482e-06,-1
88,47,1.28742e-06,1.95489e-06,-1
88,48,8.0585e-07,1.35848e-06,-1
88,49,5.0473e-07,6.95429e-07,-1
88,50,4.02359e-07,-9.19504e-15,-1
88,51,5.0473e-07,-6.95429e-07,-1
88,52,8.0585e-07,-1.35848e-06,-1
88,53,1.28742e-06,-1.95489e-06,-1
88,54,1.91865e-06,-2.4482e-06,-1
88,55,2.65658e-06,-2.80111e-06,-1
88,56,3.44793e-06,-2.97844e-06,-1
88,57,4.23229e-06,-2.95148e-06,-1
88,58,4.94749e-06,-2.7032e-06,-1
88,59,5.5367e-06,-2.23339e-06,-1
88,60,5.95612e-06,-1.56164e-06,-1
88,61,6.18027e-06,-7.26512e-07,-1
88,62,6.20328e-06,2.19537e-07,-1
88,63,6.03581e-06,1.21785e-06,-1
88,64,5.69947e-06,2.21122e-06,-1
88,65,5.22094e-06,3.14974e-06,-1
88,66,4.62724e-06,3.99375e-06,-1
88,67,3.9427e-06,4.71443e-06,-1
88,68,3.18725e-06,5.29244e-06,-1
88,69,2.3761e-06,5.71551e-06,-1
88,70,1.52017e-06,5.9759e-06,-1
88,71,6.27587e-07,6.06839e-06,-1
88,72,-2.94007e-07,5.9894e-06,-1
88,73,-1.23469e-06,5.73774e-06,-1
88,74,-2.17973e-06,5.31631e-06,-1
88,75,-3.10808e-06,4.73451e-06,-1
88,76,-3.99237e-06,4.01006e-06,-1
88,77,-4.80078e-06,3.16973e-06,-1
88,78,-5.50005e-06,2.2484e-06,-1
88,79,-6.05934e-06,1.28667e-06,-1
88,80,-6.45382e-06,3.27404e-07,-1
88,81,-6.66747e-06,-5.88027e-07,-1
88,82,-6.69458e-06,-1.4232e-06,-1
88,83,-6.53998e-06,-2.14922e-06,-1
88,84,-6.21795e-06,-2.74623e-06,-1
88,85,-5.7504e-06,-3.20378e-06,-1
88,86,-5.16447e-06,-3.52014e-06,-1
88,87,-4.49009e-06,-3.70102e-06,-1
88,88,-3.75773e-06,-3.75773e-06,-1
88,89,-2.99658e-06,-3.70527e-06,-1
88,90,-2.2332e-06,-3.56054e-06,-1
88,91,-1.49075e-06,-3.34075e-06,-1
88,92,-7.88583e-07,-3.06219e-06,-1
88,93,-1.42335e-07,-2.73946e-06,-1
88,94,4.3581e-07,-2.3849e-06,-1
88,95,9.36672e-07,-2.0085e-06,-1
88,96,1.35356e-06,-1.61789e-06,-1
88,97,1.68178e-06,-1.2186e-06,-1
88,98,1.91815e-06,-8.14411e-07,-1
88,99,2.0607e-06,-4.07716e-07,-1
89,0,1.71405e-06,7.31163e-15,-1
89,1,1.66739e-06,3.78417e-07,-1
89,2,1.52797e-06,7.5389e-07,-1
89,3,1.29755e-06,1.12306e-06,-1
89,4,9.79202e-07,1.48173e-06,-1
89,5,5.77572e-07,1.82453e-06,-1
89,6,9.91557e-08,2.14456e-06,-1
89,7,-4.47346e-07,2.43327e-06,-1
89,8,-1.05068e-06,2.68028e-06,-1
89,9,-1.69675e-06,2.87362e-06,-1
89,10,-2.36842e-06,3.00001e-06,-1
89,11,-3.04554e-06,3.04554e-06,-1
89,12,-3.70527e-06,2.99658e-06,-1
89,13,-4.32269e-06,2.84096e-06,-1
89,14,-4.87186e-06,2.56939e-06,-1
89,15,-5.32723e-06,2.1769e-06,-1
89,16,-5.66536e-06,1.66422e-06,-1
89,17,-5.86681e-06,1.03889e-06,-1
89,18,-5.91799e-06,3.15791e-07,-1
89,19,-5.81268e-06,-4.83003e-07,-1
89,20,-5.55291e-06,-1.3292e-06,-1
89,21,-5.14907e-06,-2.1901e-06,-1
89,22,-4.61895e-06,-3.03108e-06,-1
89,23,-3.98591e-06,-3.8184e-06,-1
89,24,-3.27626e-06,-4.52183e-06,-1
89,25,-2.51647e-06,-5.11681e-06,-1
89,26,-1.73058e-06,-5.58547e-06,-1
89,27,-9.38426e-07,-5.91664e-06,-1
89,28,-1.54986e-07,-6.1048e-06,-1
89,29,6.09198e-07,-6.14861e-06,-1
89,30,1.34669e-06,-6.04932e-06,-1
89,31,2.05149e-06,-5.8099e-06,-1
89,32,2.71733e-06,-5.43485e-06,-1
89,33,3.33644e-06,-4.93095e-06,-1
89,34,3.89865e-06,-4.30855e-06,-1
89,35,4.39096e-06,-3.58308e-06,-1
89,36,4.79757e-06,-2.77641e-06,-1
89,37,5.10043e-06,-1.91771e-06,-1
89,38,5.28076e-06,-1.04346e-06,-1
89,39,5.32178e-06,-1.96088e-07,-1
89,40,5.21256e-06,5.78902e-07,-1
89,41,4.95229e-06,1.2375e-06,-1
89,42,4.55361e-06,1.74259e-06,-1
89,43,4.04372e-06,2.06882e-06,-1
89,44,3.46226e-06,2.20562e-06,-1
89,45,2.8569e-06,2.15735e-06,-1
89,46,2.27765e-06,1.94117e-06,-1
89,47,1.77171e-06,1.58359e-06,-1
89,48,1.37943e-06,1.11702e-06,-1
89,49,1.13136e-06,5.76952e-07,-1
89,50,1.04652e-06,-9.49397e-15,-1
89,51,1.13136e-06,-5.76952e-07,-1
89,52,1.37943e-06,-1.11702e-06,-1
89,53,1.77171e-06,-1.58359e-06,-1
89,54,2.27765e-06,-1.94117e-06,-1
89,55,2.8569e-06,-2.15735e-06,-1
89,56,3.46226e-06,-2.20562e-06,-1
89,57,4.04372e-06,-2.06882e-06,-1
89,58,4.55361e-06,-1.74259e-06,-1
89,59,4.95229e-06,-1.2375e-06,-1
89,60,5.21256e-06,-5.78902e-07,-1
89,61,5.32178e-06,1.96088e-07,-1
89,62,5.28076e-06,1.04346e-06,-1
89,63,5.10043e-06,1.91771e-06,-1
89,64,4.79757e-06,2.77641e-06,-1
89,65,4.39096e-06,3.58308e-06,-1
89,66,3.89865e-06,4.30855e-06,-1
89,67,3.33644e-06,4.93095e-06,-1
89,68,2.71733e-06,5.43485e-06,-1
89,69,2.05149e-06,5.8099e-06,-1
89,70,1.34669e-06,6.04932e-06,-1
89,71,6.09198e-07,6.14861e-06,-1
89,72,-1.54986e-07,6.1048e-06,-1
89,73,-9.38426e-07,5.91664e-06,-1
89,74,-1.73058e-06,5.58547e-06,-1
89,75,-2.51647e-06,5.11681e-06,-1
89,76,-3.27626e-06,4.52183e-06,-1
89,77,-3.98591e-06,3.8184e-06,-1
89,78,-4.61895e-06,3.03108e-06,-1
89,79,-5.14907e-06,2.1901e-06,-1
89,80,-5.55291e-06,1.3292e-06,-1
89,81,-5.81268e-06,4.83003e-07,-1
89,82,-5.91799e-06,-3.15791e-07,-1
89,83,-5.86681e-06,-1.03889e-06,-1
89,84,-5.66536e-06,-1.66422e-06,-1
89,85,-5.32723e-06,-2.1769e-06,-1
89,86,-4.87186e-06,-2.56939e-06,-1
89,87,-4.32269e-06,-2.84096e-06,-1
89,88,-3.70527e-06,-2.99658e-06,-1
89,89,-3.04554e-06,-3.04554e-06,-1
89,90,-2.36842e-06,-3.00001e-06,-1
89,91,-1.69675e-06,-2.87362e-06,-1
89,92,-1.05068e-06,-2.68028e-06,-1
89,93,-4.47346e-07,-2.43327e-06,-1
89,94,9.91557e-08,-2.14456e-06,-1
89,95,5.77572e-07,-1.82453e-06,-1
89,96,9.79202e-07,-1.48173e-06,-1
89,97,1.29755e-06,-1.12306e-06,-1
89,98,1.52797e-06,-7.5389e-07,-1
89,99,1.66739e-06,-3.78417e-07,-1
90,0,1.35264e-06,6.88767e-15,-1
90,1,1.30788e-06,3.41849e-07,-1
90,2,1.17436e-06,6.78982e-07,-1
90,3,9.544e-07,1.00633e-06,-1
90,4,6.52014e-07,1.31818e-06,-1
90,5,2.73048e-07,1.60784e-06,-1
90,6,-1.74593e-07,1.86751e-06,-1
90,7,-6.80726e-07,2.0882e-06,-1
90,8,-1.23272e-06,2.25977e-06,-1
90,9,-1.8154e-06,2.37121e-06,-1
90,10,-2.41112e-06,2.41112e-06,-1
90,11,-3.00001e-06,2.36842e-06,-1
90,12,-3.56054e-06,2.2332e-06,-1
90,13,-4.07033e-06,1.99786e-06,-1
90,14,-4.50725e-06,1.65812e-06,-1
90,15,-4.85079e-06,1.21421e-06,-1
90,16,-5.08349e-06,6.71607e-07,-1
90,17,-5.19244e-06,4.16167e-08,-1
90,18,-5.1705e-06,-6.58719e-07,-1
90,19,-5.01706e-06,-1.40725e-06,-1
90,20,-4.7383e-06,-2.17796e-06,-1
90,21,-4.34665e-06,-2.9428e-06,-1
90,22,-3.85951e-06,-3.67371e-06,-1
90,23,-3.29748e-06,-4.34476e-06,-1
90,24,-2.68221e-06,-4.93382e-06,-1
90,25,-2.03441e-06,-5.42375e-06,-1
90,26,-1.37217e-06,-5.80262e-06,-1
90,27,-7.10058e-07,-6.06337e-06,-1
90,28,-5.90156e-08,-6.20279e-06,-1
90,29,5.73137e-07,-6.22046e-06,-1
90,30,1.18073e-06,-6.11778e-06,-1
90,31,1.75915e-06,-5.89755e-06,-1
90,32,2.3039e-06,-5.56397e-06,-1
90,33,2.80975e-06,-5.12316e-06,-1
90,34,3.27024e-06,-4.58393e-06,-1
90,35,3.67719e-06,-3.95865e-06,-1
90,36,4.02052e-06,-3.26408e-06,-1
90,37,4.28836e-06,-2.52196e-06,-1
90,38,4.46785e-06,-1.75922e-06,-1
90,39,4.54667e-06,-1.00754e-06,-1
90,40,4.51558e-06,-3.01804e-07,-1
90,41,4.3714e-06,3.22468e-07,-1
90,42,4.11983e-06,8.32808e-07,-1
90,43,3.77705e-06,1.2037e-06,-1
90,44,3.36951e-06,1.41986e-06,-1
90,45,2.93162e-06,1.4779e-06,-1
90,46,2.50204e-06,1.38624e-06,-1
90,47,2.11944e-06,1.16353e-06,-1
90,48,1.8184e-06,8.36317e-07,-1
90,49,1.62615e-06,4.36666e-07,-1
90,50,1.56008e-06,-9.79284e-15,-1
90,51,1.62615e-06,-4.36666e-07,-1
90,52,1.8184e-06,-8.36317e-07,-1
90,53,2.11944e-06,-1.16353e-06,-1
90,54,2.50204e-06,-1.38624e-06,-1
90,55,2.93162e-06,-1.4779e-06,-1
90,56,3.36951e-06,-1.41986e-06,-1
90,57,3.77705e-06,-1.2037e-06,-1
90,58,4.11983e-06,-8.32808e-07,-1
90,59,4.3714e-06,-3.22468e-07,-1
90,60,4.51558e-06,3.01804e-07,-1
90,61,4.54667e-06,1.00754e-06,-1
90,62,4.46785e-06,1.75922e-06,-1
90,63,4.28836e-06,2.52196e-06,-1
90,64,4.02052e-06,3.26408e-06,-1
90,65,3.67719e-06,3.95865e-06,-1
90,66,3.27024e-06,4.58393e-06,-1
90,67,2.80975e-06,5.12316e-06,-1
90,68,2.3039e-06,5.56397e-06,-1
90,69,1.75915e-06,5.89755e-06,-1
90,70,1.18073e-06,6.11778e-06,-1
90,71,5.73137e-07,6.22046e-06,-1
90,72,-5.90156e-08,6.20279e-06,-1
90,73,-7.10058e-07,6.06337e-06,-1
90,74,-1.37217e-06,5.80262e-06,-1
90,75,-2.03441e-06,5.42375e-06,-1
90,76,-2.68221e-06,4.93382e-06,-1
90,77,-3.29748e-06,4.34476e-06,-1
90,78,-3.85951e-06,3.67371e-06,-1
90,79,-4.34665e-06,2.9428e-06,-1
90,80,-4.7383e-06,2.17796e-06,-1
90,81,-5.01706e-06,1.40725e-06,-1
90,82,-5.1705e-06,6.58719e-07,-1
90,83,-5.19244e-06,-4.16167e-08,-1
90,84,-5.08349e-06,-6.71607e-07,-1
90,85,-4.85079e-06,-1.21421e-06,-1
90,86,-4.50725e-06,-1.65812e-06,-1
90,87,-4.07033e-06,-1.99786e-06,-1
90,88,-3.56054e-06,-2.2332e-06,-1
90,89,-3.00001e-06,-2.36842e-06,-1
90,90,-2.41112e-06,-2.41112e-06,-1
90,91,-1.8154e-06,-2.37121e-06,-1
90,92,-1.23272e-06,-2.25977e-06,-1
90,93,-6.80726e-07,-2.0882e-06,-1
90,94,-1.74593e-07,-1.86751e-06,-1
90,95,2.73048e-07,-1.60784e-06,-1
90,96,6.52014e-07,-1.31818e-06,-1
90,97,9.544e-07,-1.00633e-06,-1
90,98,1.17436e-06,-6.78982e-07,-1
90,99,1.30788e-06,-3.41849e-07,-1
91,0,1.03062e-06,6.31775e-15,-1
91,1,9.88595e-07,2.99627e-07,-1
91,2,8.63448e-07,5.92988e-07,-1
91,3,6.57941e-07,8.73567e-07,-1
91,4,3.76768e-07,1.13438e-06,-1
91,5,2.66464e-08,1.36783e-06,-1
91,6,-3.8357e-07,1.5656e-06,-1
91,7,-8.42809e-07,1.71871e-06,-1
91,8,-1.33777e-06,1.81771e-06,-1
91,9,-1.85301e-06,1.85301e-06,-1
91,10,-2.37121e-06,1.8154e-06,-1
91,11,-2.87362e-06,1.69675e-06,-1
91,12,-3.34075e-06,1.49075e-06,-1
91,13,-3.75321e-06,1.19381e-06,-1
91,14,-4.09284e-06,8.05871e-07,-1
91,15,-4.34382e-06,3.31036e-07,-1
91,16,-4.49385e-06,-2.21978e-07,-1
91,17,-4.53517e-06,-8.3984e-07,-1
91,18,-4.46527e-06,-1.50501e-06,-1
91,19,-4.28715e-06,-2.19665e-06,-1
91,20,-4.00903e-06,-2.89187e-06,-1
91,21,-3.6436e-06,-3.56734e-06,-1
91,22,-3.20671e-06,-4.20087e-06,-1
91,23,-2.71579e-06,-4.77282e-06,-1
91,24,-2.18828e-06,-5.26719e-06,-1
91,25,-1.64023e-06,-5.67204e-06,-1
91,26,-1.08531e-06,-5.97945e-06,-1
91,27,-5.34408e-07,-6.18498e-06,-1
91,28,4.30645e-09,-6.2869e-06,-1
91,29,5.24927e-07,-6.28546e-06,-1
91,30,1.02316e-06,-6.18232e-06,-1
91,31,1.49563e-06,-5.98026e-06,-1
91,32,1.93932e-06,-5.6833e-06,-1
91,33,2.351e-06,-5.29697e-06,-1
91,34,2.72684e-06,-4.82873e-06,-1
91,35,3.06196e-06,-4.28853e-06,-1
91,36,3.35017e-06,-3.68927e-06,-1
91,37,3.58394e-06,-3.0473e-06,-1
91,38,3.75475e-06,-2.38269e-06,-1
91,39,3.85402e-06,-1.71912e-06,-1
91,40,3.87474e-06,-1.08314e-06,-1
91,41,3.81341e-06,-5.02604e-07,-1
91,42,3.67216e-06,-4.31263e-09,-1
91,43,3.46028e-06,3.88899e-07,-1
91,44,3.19466e-06,6.60977e-07,-1
91,45,2.89887e-06,8.04768e-07,-1
91,46,2.60097e-06,8.22979e-07,-1
91,47,2.33035e-06,7.27906e-07,-1
91,48,2.11437e-06,5.40196e-07,-1
91,49,1.97515e-06,2.87023e-07,-1
91,50,1.92708e-06,-1.01404e-14,-1
91,51,1.97515e-06,-2.87023e-07,-1
91,52,2.11437e-06,-5.40196e-07,-1
91,53,2.33035e-06,-7.27906e-07,-1
91,54,2.60097e-06,-8.22979e-07,-1
91,55,2.89887e-06,-8.04768e-07,-1
91,56,3.19466e-06,-6.60977e-07,-1
91,57,3.46028e-06,-3.88899e-07,-1
91,58,3.67216e-06,4.31262e-09,-1
91,59,3.81341e-06,5.02604e-07,-1
91,60,3.87474e-06,1.08314e-06,-1
91,61,3.85402e-06,1.71912e-06,-1
91,62,3.75475e-06,2.38269e-06,-1
91,63,3.58394e-06,3.0473e-06,-1
91,64,3.35017e-06,3.68927e-06,-1
91,65,3.06196e-06,4.28853e-06,-1
91,66,2.72684e-06,4.82873e-06,-1
91,67,2.351e-06,5.29697e-06,-1
91,68,1.93932e-06,5.6833e-06,-1
91,69,1.49563e-06,5.98026e-06,-1
91,70,1.02316e-06,6.18232e-06,-1
91,71,5.24927e-07,6.28546e-06,-1
91,72,4.30645e-09,6.2869e-06,-1
91,73,-5.34408e-07,6.18498e-06,-1
91,74,-1.08531e-06,5.97945e-06,-1
91,75,-1.64023e-06,5.67204e-06,-1
91,76,-2.18828e-06,5.26719e-06,-1
91,77,-2.71579e-06,4.77282e-06,-1
91,78,-3.20671e-06,4.20087e-06,-1
91,79,-3.6436e-06,3.56734e-06,-1
91,80,-4.00903e-06,2.89187e-06,-1
91,81,-4.28715e-06,2.19665e-06,-1
91,82,-4.46527e-06,1.50501e-06,-1
91,83,-4.53517e-06,8.3984e-07,-1
91,84,-4.49385e-06,2.21978e-07,-1
91,85,-4.34382e-06,-3.31036e-07,-1
91,86,-4.09284e-06,-8.05871e-07,-1
91,87,-3.75321e-06,-1.19381e-06,-1
91,88,-3.34075e-06,-1.49075e-06,-1
91,89,-2.87362e-06,-1.69675e-06,-1
91,90,-2.37121e-06,-1.8154e-06,-1
91,91,-1.85301e-06,-1.85301e-06,-1
91,92,-1.33777e-06,-1.81771e-06,-1
91,93,-8.42809e-07,-1.71871e-06,-1
91,94,-3.8357e-07,-1.5656e-06,-1
91,95,2.66464e-08,-1.36783e-06,-1
91,96,3.76768e-07,-1.13438e-06,-1
91,97,6.57941e-07,-8.73567e-07,-1
91,98,8.63448e-07,-5.92988e-07,-1
91,99,9.88595e-07,-2.99627e-07,-1
92,0,7.52735e-07,5.77563e-15,-1
92,1,7.14172e-07,2.53676e-07,-1
92,2,5.99494e-07,4.99805e-07,-1
92,3,4.11749e-07,7.3071e-07,-1
92,4,1.56043e-07,9.38474e-07,-1
92,5,-1.60422e-07,1.11489e-06,-1
92,6,-5.28341e-07,1.25151e-06,-1
92,7,-9.36347e-07,1.33974e-06,-1
92,8,-1.37113e-06,1.37113e-06,-1
92,9,-1.81771e-06,1.33777e-06,-1
92,10,-2.25977e-06,1.23272e-06,-1
92,11,-2.68028e-06,1.05068e-06,-1
92,12,-3.06219e-06,7.88583e-07,-1
92,13,-3.38929e-06,4.46216e-07,-1
92,14,-3.64713e-06,2.6744e-08,-1
92,15,-3.82403e-06,-4.62973e-07,-1
92,16,-3.91184e-06,-1.01233e-06,-1
92,17,-3.90662e-06,-1.60726e-06,-1
92,18,-3.80892e-06,-2.23085e-06,-1
92,19,-3.62371e-06,-2.8643e-06,-1
92,20,-3.35985e-06,-3.48811e-06,-1
92,21,-3.02921e-06,-4.08328e-06,-1
92,22,-2.64554e-06,-4.63253e-06,-1
92,23,-2.22322e-06,-5.12116e-06,-1
92,24,-1.77609e-06,-5.53764e-06,-1
92,25,-1.31656e-06,-5.87372e-06,-1
92,26,-8.55043e-07,-6.12418e-06,-1
92,27,-3.99771e-07,-6.28636e-06,-1
92,28,4.30693e-08,-6.35957e-06,-1
92,29,4.69005e-07,-6.34459e-06,-1
92,30,8.74855e-07,-6.24332e-06,-1
92,31,1.2583e-06,-6.05861e-06,-1
92,32,1.6175e-06,-5.79426e-06,-1
92,33,1.9507e-06,-5.45522e-06,-1
92,34,2.25587e-06,-5.04778e-06,-1
92,35,2.5304e-06,-4.57989e-06,-1
92,36,2.77075e-06,-4.06153e-06,-1
92,37,2.97241e-06,-3.50504e-06,-1
92,38,3.13005e-06,-2.9254e-06,-1
92,39,3.23803e-06,-2.34025e-06,-1
92,40,3.29143e-06,-1.76957e-06,-1
92,41,3.28727e-06,-1.2347e-06,-1
92,42,3.22601e-06,-7.56813e-07,-1
92,43,3.11267e-06,-3.54912e-07,-1
92,44,2.95753e-06,-4.35925e-08,-1
92,45,2.77587e-06,1.68914e-07,-1
92,46,2.58676e-06,2.82074e-07,-1
92,47,2.41095e-06,3.03488e-07,-1
92,48,2.26838e-06,2.48413e-07,-1
92,49,2.17555e-06,1.38508e-07,-1
92,50,2.14334e-06,-1.04879e-14,-1
92,51,2.17555e-06,-1.38508e-07,-1
92,52,2.26838e-06,-2.48413e-07,-1
92,53,2.41095e-06,-3.03488e-07,-1
92,54,2.58676e-06,-2.82074e-07,-1
92,55,2.77587e-06,-1.68914e-07,-1
92,56,2.95753e-06,4.35925e-08,-1
92,57,3.11267e-06,3.54912e-07,-1
92,58,3.22601e-06,7.56813e-07,-1
92,59,3.28727e-06,1.2347e-06,-1
92,60,3.29143e-06,1.76957e-06,-1
92,61,3.23803e-06,2.34025e-06,-1
92,62,3.13005e-06,2.9254e-06,-1
92,63,2.97241e-06,3.50504e-06,-1
92,64,2.77075e-06,4.06153e-06,-1
92,65,2.5304e-06,4.57989e-06,-1
92,66,2.25587e-06,5.04778e-06,-1
92,67,1.9507e-06,5.45522e-06,-1
92,68,1.6175e-06,5.79426e-06,-1
92,69,1.2583e-06,6.05861e-06,-1
92,70,8.74855e-07,6.24332e-06,-1
92,71,4.69005e-07,6.34459e-06,-1
92,72,4.30693e-08,6.35957e-06,-1
92,73,-3.99771e-07,6.28636e-06,-1
92,74,-8.55043e-07,6.12418e-06,-1
92,75,-1.31656e-06,5.87372e-06,-1
92,76,-1.77609e-06,5.53764e-06,-1
92,77,-2.22322e-06,5.12116e-06,-1
92,78,-2.64554e-06,4.63253e-06,-1
92,79,-3.02921e-06,4.08328e-06,-1
92,80,-3.35985e-06,3.48811e-06,-1
92,81,-3.62371e-06,2.8643e-06,-1
92,82,-3.80892e-06,2.23085e-06,-1
92,83,-3.90662e-06,1.60726e-06,-1
92,84,-3.91184e-06,1.01233e-06,-1
92,85,-3.82403e-06,4.62973e-07,-1
92,86,-3.64713e-06,-2.6744e-08,-1
92,87,-3.38929e-06,-4.46216e-07,-1
92,88,-3.06219e-06,-7.88583e-07,-1
92,89,-2.68028e-06,-1.05068e-06,-1
92,90,-2.25977e-06,-1.23272e-06,-1
92,91,-1.81771e-06,-1.33777e-06,-1
92,92,-1.37113e-06,-1.37113e-06,-1
92,93,-9.36347e-07,-1.33974e-06,-1
92,94,-5.28341e-07,-1.25151e-06,-1
92,95,-1.60422e-07,-1.11489e-06,-1
92,96,1.56043e-07,-9.38474e-07,-1
92,97,4.11749e-07,-7.3071e-07,-1
92,98,5.99494e-07,-4.99805e-07,-1
92,99,7.14172e-07,-2.53675e-07,-1
93,0,5.21718e-07,5.11536e-15,-1
93,1,4.87188e-07,2.06123e-07,-1
93,2,3.84646e-07,4.03712e-07,-1
93,3,2.17241e-07,5.84217e-07,-1
93,4,-9.79425e-09,7.39088e-07,-1
93,5,-2.89172e-07,8.5983e-07,-1
93,6,-6.11626e-07,9.38128e-07,-1
93,7,-9.66052e-07,9.66052e-07,-1
93,8,-1.33974e-06,9.36347e-07,-1
93,9,-1.71871e-06,8.42809e-07,-1
93,10,-2.0882e-06,6.80726e-07,-1
93,11,-2.43327e-06,4.47346e-07,-1
93,12,-2.73946e-06,1.42335e-07,-1
93,13,-2.99361e-06,-2.3184e-07,-1
93,14,-3.18466e-06,-6.69671e-07,-1
93,15,-3.30427e-06,-1.16256e-06,-1
93,16,-3.34748e-06,-1.69902e-06,-1
93,17,-3.31296e-06,-2.26514e-06,-1
93,18,-3.20309e-06,-2.84529e-06,-1
93,19,-3.02361e-06,-3.423e-06,-1
93,20,-2.78307e-06,-3.98196e-06,-1
93,21,-2.49199e-06,-4.50693e-06,-1
93,22,-2.16188e-06,-4.98458e-06,-1
93,23,-1.80438e-06,-5.40397e-06,-1
93,24,-1.43037e-06,-5.75684e-06,-1
93,25,-1.04943e-06,-6.03753e-06,-1
93,26,-6.69521e-07,-6.24272e-06,-1
93,27,-2.9693e-07,-6.37098e-06,-1
93,28,6.36476e-08,-6.42243e-06,-1
93,29,4.08858e-07,-6.39826e-06,-1
93,30,7.36423e-07,-6.30059e-06,-1
93,31,1.04486e-06,-6.13228e-06,-1
93,32,1.3332e-06,-5.89689e-06,-1
93,33,1.60071e-06,-5.59881e-06,-1
93,34,1.84661e-06,-5.24328e-06,-1
93,35,2.06975e-06,-4.83665e-06,-1
93,36,2.26842e-06,-4.38663e-06,-1
93,37,2.4402e-06,-3.90247e-06,-1
93,38,2.58201e-06,-3.3953e-06,-1
93,39,2.69044e-06,-2.87812e-06,-1
93,40,2.76226e-06,-2.36568e-06,-1
93,41,2.79527e-06,-1.87392e-06,-1
93,42,2.78917e-06,-1.41896e-06,-1
93,43,2.74645e-06,-1.01574e-06,-1
93,44,2.67291e-06,-6.76407e-07,-1
93,45,2.57779e-06,-4.08701e-07,-1
93,46,2.47305e-06,-2.14687e-07,-1
93,47,2.37221e-06,-9.00563e-08,-1
93,48,2.28857e-06,-2.41785e-08,-1
93,49,2.23336e-06,-9.0059e-10,-1
93,50,2.21408e-06,-1.0891e-14,-1
93,51,2.23336e-06,9.00568e-10,-1
93,52,2.28857e-06,2.41785e-08,-1
93,53,2.37221e-06,9.00563e-08,-1
93,54,2.47305e-06,2.14687e-07,-1
93,55,2.57779e-06,4.08701e-07,-1
93,56,2.67291e-06,6.76407e-07,-1
93,57,2.74645e-06,1.01574e-06,-1
93,58,2.78917e-06,1.41896e-06,-1
93,59,2.79527e-06,1.87392e-06,-1
93,60,2.76226e-06,2.36568e-06,-1
93,61,2.69044e-06,2.87812e-06,-1
93,62,2.58201e-06,3.3953e-06,-1
93,63,2.4402e-06,3.90247e-06,-1
93,64,2.26842e-06,4.38663e-06,-1
93,65,2.06975e-06,4.83665e-06,-1
93,66,1.84661e-06,5.24328e-06,-1
93,67,1.60071e-06,5.59881e-06,-1
93,68,1.3332e-06,5.89689e-06,-1
93,69,1.04486e-06,6.13228e-06,-1
93,70,7.36423e-07,6.30059e-06,-1
93,71,4.08858e-07,6.39826e-06,-1
93,72,6.36476e-08,6.42243e-06,-1
93,73,-2.9693e-07,6.37098e-06,-1
93,74,-6.69521e-07,6.24272e-06,-1
93,75,-1.04943e-06,6.03753e-06,-1
93,76,-1.43037e-06,5.75684e-06,-1
93,77,-1.80438e-06,5.40397e-06,-1
93,78,-2.16188e-06,4.98458e-06,-1
93,79,-2.49199e-06,4.50693e-06,-1
93,80,-2.78307e-06,3.98196e-06,-1
93,81,-3.02361e-06,3.423e-06,-1
93,82,-3.20309e-06,2.84529e-06,-1
93,83,-3.31296e-06,2.26514e-06,-1
93,84,-3.34748e-06,1.69902e-06,-1
93,85,-3.30427e-06,1.16256e-06,-1
93,86,-3.18466e-06,6.69671e-07,-1
93,87,-2.99361e-06,2.3184e-07,-1
93,88,-2.73946e-06,-1.42335e-07,-1
93,89,-2.43327e-06,-4.47346e-07,-1
93,90,-2.0882e-06,-6.80726e-07,-1
93,91,-1.71871e-06,-8.42809e-07,-1
93,92,-1.33974e-06,-9.36347e-07,-1
93,93,-9.66052e-07,-9.66052e-07,-1
93,94,-6.11626e-07,-9.38128e-07,-1
93,95,-2.89172e-07,-8.5983e-07,-1
93,96,-9.79425e-09,-7.39088e-07,-1
93,97,2.17241e-07,-5.84217e-07,-1
93,98,3.84646e-07,-4.03712e-07,-1
93,99,4.87188e-07,-2.06123e-07,-1
94,0,3.38097e-07,4.33694e-15,-1
94,1,3.0803e-07,1.59191e-07,-1
94,2,2.18858e-07,3.09138e-07,-1
94,3,7.3653e-08,4.40697e-07,-1
94,4,-1.22512e-07,5.44952e-07,-1
94,5,-3.62643e-07,6.13362e-07,-1
94,6,-6.37965e-07,6.37965e-07,-1
94,7,-9.38128e-07,6.11626e-07,-1
94,8,-1.25151e-06,5.28341e-07,-1
94,9,-1.5656e-06,3.8357e-07,-1
94,10,-1.86751e-06,1.74593e-07,-1
94,11,-2.14456e-06,-9.91557e-08,-1
94,12,-2.3849e-06,-4.3581e-07,-1
94,13,-2.57816e-06,-8.30905e-07,-1
94,14,-2.7161e-06,-1.27735e-06,-1
94,15,-2.79305e-06,-1.7656e-06,-1
94,16,-2.80631e-06,-2.284e-06,-1
94,17,-2.75618e-06,-2.81933e-06,-1
94,18,-2.6459e-06,-3.35751e-06,-1
94,19,-2.4812e-06,-3.88438e-06,-1
94,20,-2.26976e-06,-4.38643e-06,-1
94,21,-2.0205e-06,-4.85155e-06,-1
94,22,-1.74282e-06,-5.26946e-06,-1
94,23,-1.44594e-06,-5.63207e-06,-1
94,24,-1.13834e-06,-5.93347e-06,-1
94,25,-8.27399e-07,-6.16989e-06,-1
94,26,-5.19206e-07,-6.33933e-06,-1
94,27,-2.18538e-07,-6.4413e-06,-1
94,28,7.10534e-08,-6.47648e-06,-1
94,29,3.47097e-07,-6.44645e-06,-1
94,30,6.08023e-07,-6.35344e-06,-1
94,31,8.52969e-07,-6.20029e-06,-1
94,32,1.08158e-06,-5.99033e-06,-1
94,33,1.2938e-06,-5.72736e-06,-1
94,34,1.4896e-06,-5.41577e-06,-1
94,35,1.66882e-06,-5.0606e-06,-1
94,36,1.83092e-06,-4.66771e-06,-1
94,37,1.97487e-06,-4.24402e-06,-1
94,38,2.09916e-06,-3.79761e-06,-1
94,39,2.20192e-06,-3.33789e-06,-1
94,40,2.28125e-06,-2.87546e-06,-1
94,41,2.33562e-06,-2.42183e-06,-1
94,42,2.3645e-06,-1.9888e-06,-1
94,43,2.36883e-06,-1.58756e-06,-1
94,44,2.35152e-06,-1.22754e-06,-1
94,45,2.31754e-06,-9.15273e-07,-1
94,46,2.27367e-06,-6.53343e-07,-1
94,47,2.22781e-06,-4.39698e-07,-1
94,48,2.18793e-06,-2.67526e-07,-1
94,49,2.16089e-06,-1.25735e-07,-1
94,50,2.15134e-06,-1.14122e-14,-1
94,51,2.16089e-06,1.25735e-07,-1
94,52,2.18793e-06,2.67526e-07,-1
94,53,2.22781e-06,4.39698e-07,-1
94,54,2.27367e-06,6.53343e-07,-1
94,55,2.31754e-06,9.15273e-07,-1
94,56,2.35152e-06,1.22754e-06,-1
94,57,2.36883e-06,1.58756e-06,-1
94,58,2.3645e-06,1.9888e-06,-1
94,59,2.33562e-06,2.42183e-06,-1
94,60,2.28125e-06,2.87546e-06,-1
94,61,2.20192e-06,3.33789e-06,-1
94,62,2.09916e-06,3.79761e-06,-1
94,63,1.97487e-06,4.24402e-06,-1
94,64,1.83092e-06,4.66771e-06,-1
94,65,1.66882e-06,5.0606e-06,-1
94,66,1.4896e-06,5.41577e-06,-1
94,67,1.2938e-06,5.72736e-06,-1
94,68,1.08158e-06,5.99033e-06,-1
94,69,8.52969e-07,6.20029e-06,-1
94,70,6.08023e-07,6.35344e-06,-1
94,71,3.47097e-07,6.44645e-06,-1
94,72,7.10534e-08,6.47648e-06,-1
94,73,-2.18538e-07,6.4413e-06,-1
94,74,-5.19206e-07,6.33933e-06,-1
94,75,-8.27399e-07,6.16989e-06,-1
94,76,-1.13834e-06,5.93347e-06,-1
94,77,-1.44594e-06,5.63207e-06,-1
94,78,-1.74282e-06,5.26946e-06,-1
94,79,-2.0205e-06,4.85155e-06,-1
94,80,-2.26976e-06,4.38643e-06,-1
94,81,-2.4812e-06,3.88438e-06,-1
94,82,-2.6459e-06,3.35751e-06,-1
94,83,-2.75618e-06,2.81933e-06,-1
94,84,-2.80631e-06,2.284e-06,-1
94,85,-2.79305e-06,1.7656e-06,-1
94,86,-2.7161e-06,1.27735e-06,-1
94,87,-2.57816e-06,8.30905e-07,-1
94,88,-2.3849e-06,4.3581e-07,-1
94,89,-2.14456e-06,9.91557e-08,-1
94,90,-1.86751e-06,-1.74593e-07,-1
94,91,-1.5656e-06,-3.8357e-07,-1
94,92,-1.25151e-06,-5.28341e-07,-1
94,93,-9.38128e-07,-6.11626e-07,-1
94,94,-6.37965e-07,-6.37965e-07,-1
94,95,-3.62643e-07,-6.13362e-07,-1
94,96,-1.22512e-07,-5.44952e-07,-1
94,97,7.3653e-08,-4.40697e-07,-1
94,98,2.18858e-07,-3.09138e-07,-1
94,99,3.0803e-07,-1.59191e-07,-1
95,0,2.00179e-07,3.59326e-15,-1
95,1,1.74874e-07,1.15072e-07,-1
95,2,9.99103e-08,2.20435e-07,-1
95,3,-2.18814e-08,3.06588e-07,-1
95,4,-1.85851e-07,3.6446e-07,-1
95,5,-3.85642e-07,3.85642e-07,-1
95,6,-6.13362e-07,3.62643e-07,-1
95,7,-8.5983e-07,2.89172e-07,-1
95,8,-1.11489e-06,1.60422e-07,-1
95,9,-1.36783e-06,-2.66464e-08,-1
95,10,-1.60784e-06,-2.73048e-07,-1
95,11,-1.82453e-06,-5.77572e-07,-1
95,12,-2.0085e-06,-9.36672e-07,-1
95,13,-2.15185e-06,-1.34447e-06,-1
95,14,-2.24864e-06,-1.79291e-06,-1
95,15,-2.29519e-06,-2.27205e-06,-1
95,16,-2.29028e-06,-2.77049e-06,-1
95,17,-2.2351e-06,-3.27599e-06,-1
95,18,-2.13305e-06,-3.77603e-06,-1
95,19,-1.98934e-06,-4.2585e-06,-1
95,20,-1.8105e-06,-4.71228e-06,-1
95,21,-1.60379e-06,-5.12769e-06,-1
95,22,-1.37668e-06,-5.49683e-06,-1
95,23,-1.13632e-06,-5.81367e-06,-1
95,24,-8.89229e-07,-6.07407e-06,-1
95,25,-6.41023e-07,-6.27555e-06,-1
95,26,-3.96315e-07,-6.41713e-06,-1
95,27,-1.58702e-07,-6.49899e-06,-1
95,28,6.91718e-08,-6.52227e-06,-1
95,29,2.85528e-07,-6.48878e-06,-1
95,30,4.89331e-07,-6.40088e-06,-1
95,31,6.80153e-07,-6.26132e-06,-1
95,32,8.58023e-07,-6.07318e-06,-1
95,33,1.02326e-06,-5.83978e-06,-1
95,34,1.17632e-06,-5.56476e-06,-1
95,35,1.31756e-06,-5.25208e-06,-1
95,36,1.44717e-06,-4.90619e-06,-1
95,37,1.56499e-06,-4.53211e-06,-1
95,38,1.67052e-06,-4.13557e-06,-1
95,39,1.76293e-06,-3.72313e-06,-1
95,40,1.8412e-06,-3.30213e-06,-1
95,41,1.90438e-06,-2.88054e-06,-1
95,42,1.95188e-06,-2.46658e-06,-1
95,43,1.98378e-06,-2.06821e-06,-1
95,44,2.00116e-06,-1.69235e-06,-1
95,45,2.0062e-06,-1.34414e-06,-1
95,46,2.0021e-06,-1.02616e-06,-1
95,47,1.99281e-06,-7.37916e-07,-1
95,48,1.98242e-06,-4.75676e-07,-1
95,49,1.97452e-06,-2.32709e-07,-1
95,50,1.9716e-06,-1.18015e-14,-1
95,51,1.97452e-06,2.32709e-07,-1
95,52,1.98242e-06,4.75676e-07,-1
95,53,1.99281e-06,7.37916e-07,-1
95,54,2.0021e-06,1.02616e-06,-1
95,55,2.0062e-06,1.34414e-06,-1
95,56,2.00116e-06,1.69235e-06,-1
95,57,1.98378e-06,2.06821e-06,-1
95,58,1.95188e-06,2.46658e-06,-1
95,59,1.90438e-06,2.88054e-06,-1
95,60,1.8412e-06,3.30213e-06,-1
95,61,1.76293e-06,3.72313e-06,-1
95,62,1.67052e-06,4.13557e-06,-1
95,63,1.56499e-06,4.53211e-06,-1
95,64,1.44717e-06,4.90619e-06,-1
95,65,1.31756e-06,5.25208e-06,-1
95,66,1.17632e-06,5.56476e-06,-1
95,67,1.02326e-06,5.83978e-06,-1
95,68,8.58023e-07,6.07318e-06,-1
95,69,6.80153e-07,6.26132e-06,-1
95,70,4.89331e-07,6.40088e-06,-1
95,71,2.85528e-07,6.48878e-06,-1
95,72,6.91718e-08,6.52227e-06,-1
95,73,-1.58702e-07,6.49899e-06,-1
95,74,-3.96315e-07,6.41713e-06,-1
95,75,-6.41023e-07,6.27555e-06,-1
95,76,-8.89229e-07,6.07407e-06,-1
95,77,-1.13632e-06,5.81367e-06,-1
95,78,-1.37668e-06,5.49683e-06,-1
95,79,-1.60379e-06,5.12769e-06,-1
95,80,-1.8105e-06,4.71228e-06,-1
95,81,-1.98934e-06,4.2585e-06,-1
95,82,-2.13305e-06,3.77603e-06,-1
95,83,-2.2351e-06,3.27599e-06,-1
95,84,-2.29028e-06,2.77049e-06,-1
95,85,-2.29519e-06,2.27205e-06,-1
95,86,-2.24864e-06,1.79291e-06,-1
95,87,-2.15185e-06,1.34447e-06,-1
95,88,-2.0085e-06,9.36672e-07,-1
95,89,-1.82453e-06,5.77572e-07,-1
95,90,-1.60784e-06,2.73048e-07,-1
95,91,-1.36783e-06,2.66464e-08,-1
95,92,-1.11489e-06,-1.60422e-07,-1
95,93,-8.5983e-07,-2.89172e-07,-1
95,94,-6.13362e-07,-3.62643e-07,-1
95,95,-3.85642e-07,-3.85642e-07,-1
95,96,-1.85851e-07,-3.6446e-07,-1
95,97,-2.18814e-08,-3.06588e-07,-1
95,98,9.99103e-08,-2.20435e-07,-1
95,99,1.74874e-07,-1.15072e-07,-1
96,0,1.04132e-07,2.83569e-15,-1
96,1,8.37755e-08,7.58185e-08,-1
96,2,2.35282e-08,1.4166e-07,-1
96,3,-7.41643e-08,1.87848e-07,-1
96,4,-2.05304e-07,2.05304e-07,-1
96,5,-3.6446e-07,1.85851e-07,-1
96,6,-5.44952e-07,1.22512e-07,-1
96,7,-7.39088e-07,9.79425e-09,-1
96,8,-9.38474e-07,-1.56043e-07,-1
96,9,-1.13438e-06,-3.76768e-07,-1
96,10,-1.31818e-06,-6.52014e-07,-1
96,11,-1.48173e-06,-9.79202e-07,-1
96,12,-1.61789e-06,-1.35356e-06,-1
96,13,-1.72085e-06,-1.76828e-06,-1
96,14,-1.78647e-06,-2.21476e-06,-1
96,15,-1.81251e-06,-2.68303e-06,-1
96,16,-1.79861e-06,-3.16218e-06,-1
96,17,-1.74629e-06,-3.64096e-06,-1
96,18,-1.65866e-06,-4.10826e-06,-1
96,19,-1.54009e-06,-4.55373e-06,-1
96,20,-1.39582e-06,-4.9681e-06,-1
96,21,-1.23153e-06,-5.3436e-06,-1
96,22,-1.05292e-06,-5.67406e-06,-1
96,23,-8.65383e-07,-5.95499e-06,-1
96,24,-6.738e-07,-6.18347e-06,-1
96,25,-4.82341e-07,-6.35802e-06,-1
96,26,-2.94421e-07,-6.47836e-06,-1
96,27,-1.12686e-07,-6.54519e-06,-1
96,28,6.09497e-08,-6.55996e-06,-1
96,29,2.25245e-07,-6.52468e-06,-1
96,30,3.79549e-07,-6.44177e-06,-1
96,31,5.23708e-07,-6.31388e-06,-1
96,32,6.57955e-07,-6.14385e-06,-1
96,33,7.82785e-07,-5.93461e-06,-1
96,34,8.98832e-07,-5.68917e-06,-1
96,35,1.00673e-06,-5.41066e-06,-1
96,36,1.10702e-06,-5.10237e-06,-1
96,37,1.20001e-06,-4.76784e-06,-1
96,38,1.28578e-06,-4.411e-06,-1
96,39,1.36411e-06,-4.03619e-06,-1
96,40,1.43458e-06,-3.64821e-06,-1
96,41,1.49661e-06,-3.25224e-06,-1
96,42,1.54967e-06,-2.8537e-06,-1
96,43,1.5934e-06,-2.4579e-06,-1
96,44,1.62783e-06,-2.06967e-06,-1
96,45,1.65347e-06,-1.69286e-06,-1
96,46,1.67133e-06,-1.32986e-06,-1
96,47,1.68281e-06,-9.81279e-07,-1
96,48,1.68949e-06,-6.45786e-07,-1
96,49,1.69281e-06,-3.20219e-07,-1
96,50,1.69379e-06,-1.2149e-14,-1
96,51,1.69281e-06,3.20219e-07,-1
96,52,1.68949e-06,6.45786e-07,-1
96,53,1.68281e-06,9.81279e-07,-1
96,54,1.67133e-06,1.32986e-06,-1
96,55,1.65347e-06,1.69286e-06,-1
96,56,1.62783e-06,2.06967e-06,-1
96,57,1.5934e-06,2.4579e-06,-1
96,58,1.54967e-06,2.8537e-06,-1
96,59,1.49661e-06,3.25224e-06,-1
96,60,1.43458e-06,3.6482e-06,-1
96,61,1.36411e-06,4.03619e-06,-1
96,62,1.28578e-06,4.411e-06,-1
96,63,1.20001e-06,4.76784e-06,-1
96,64,1.10702e-06,5.10237e-06,-1
96,65,1.00673e-06,5.41066e-06,-1
96,66,8.98832e-07,5.68917e-06,-1
96,67,7.82785e-07,5.93461e-06,-1
96,68,6.57955e-07,6.14385e-06,-1
96,69,5.23708e-07,6.31388e-06,-1
96,70,3.79549e-07,6.44177e-06,-1
96,71,2.25245e-07,6.52468e-06,-1
96,72,6.09497e-08,6.55996e-06,-1
96,73,-1.12686e-07,6.54519e-06,-1
96,74,-2.94421e-07,6.47836e-06,-1
96,75,-4.82341e-07,6.35802e-06,-1
96,76,-6.738e-07,6.18347e-06,-1
96,77,-8.65383e-07,5.95498e-06,-1
96,78,-1.05292e-06,5.67406e-06,-1
96,79,-1.23153e-06,5.3436e-06,-1
96,80,-1.39582e-06,4.9681e-06,-1
96,81,-1.54009e-06,4.55373e-06,-1
96,82,-1.65866e-06,4.10826e-06,-1
96,83,-1.74629e-06,3.64096e-06,-1
96,84,-1.79861e-06,3.16218e-06,-1
96,85,-1.81251e-06,2.68303e-06,-1
96,86,-1.78647e-06,2.21476e-06,-1
96,87,-1.72085e-06,1.76828e-06,-1
96,88,-1.61789e-06,1.35356e-06,-1
96,89,-1.48173e-06,9.79202e-07,-1
96,90,-1.31818e-06,6.52014e-07,-1
96,91,-1.13438e-06,3.76768e-07,-1
96,92,-9.38474e-07,1.56043e-07,-1
96,93,-7.39088e-07,-9.79425e-09,-1
96,94,-5.44952e-07,-1.22512e-07,-1
96,95,-3.6446e-07,-1.85851e-07,-1
96,96,-2.05304e-07,-2.05304e-07,-1
96,97,-7.41643e-08,-1.87848e-07,-1
96,98,2.35282e-08,-1.4166e-07,-1
96,99,8.37755e-08,-7.58185e-08,-1
97,0,4.41697e-08,2.00861e-15,-1
97,1,2.88622e-08,4.32488e-08,-1
97,2,-1.64067e-08,7.63925e-08,-1
97,3,-8.96971e-08,8.96971e-08,-1
97,4,-1.87848e-07,7.41643e-08,-1
97,5,-3.06588e-07,2.18814e-08,-1
97,6,-4.40697e-07,-7.3653e-08,-1
97,7,-5.84217e-07,-2.17241e-07,-1
97,8,-7.3071e-07,-4.11749e-07,-1
97,9,-8.73567e-07,-6.57941e-07,-1
97,10,-1.00633e-06,-9.544e-07,-1
97,11,-1.12306e-06,-1.29755e-06,-1
97,12,-1.2186e-06,-1.68178e-06,-1
97,13,-1.28894e-06,-2.09969e-06,-1
97,14,-1.33133e-06,-2.54245e-06,-1
97,15,-1.34448e-06,-3.00021e-06,-1
97,16,-1.32848e-06,-3.46263e-06,-1
97,17,-1.28475e-06,-3.91931e-06,-1
97,18,-1.21582e-06,-4.36035e-06,-1
97,19,-1.12508e-06,-4.77672e-06,-1
97,20,-1.01642e-06,-5.16058e-06,-1
97,21,-8.94001e-07,-5.50554e-06,-1
97,22,-7.6195e-07,-5.80669e-06,-1
97,23,-6.24133e-07,-6.0606e-06,-1
97,24,-4.84013e-07,-6.26526e-06,-1
97,25,-3.44548e-07,-6.41985e-06,-1
97,26,-2.08149e-07,-6.52462e-06,-1
97,27,-7.66709e-08,-6.58061e-06,-1
97,28,4.85646e-08,-6.58952e-06,-1
97,29,1.66732e-07,-6.5535e-06,-1
97,30,2.77447e-07,-6.47497e-06,-1
97,31,3.80702e-07,-6.35651e-06,-1
97,32,4.76792e-07,-6.20077e-06,-1
97,33,5.66224e-07,-6.01033e-06,-1
97,34,6.49633e-07,-5.78774e-06,-1
97,35,7.27688e-07,-5.53545e-06,-1
97,36,8.01008e-07,-5.2559e-06,-1
97,37,8.7009e-07,-4.95153e-06,-1
97,38,9.3525e-07,-4.62486e-06,-1
97,39,9.96588e-07,-4.27858e-06,-1
97,40,1.05399e-06,-3.91558e-06,-1
97,41,1.10714e-06,-3.53898e-06,-1
97,42,1.1556e-06,-3.15204e-06,-1
97,43,1.19888e-06,-2.7581e-06,-1
97,44,1.23652e-06,-2.36034e-06,-1
97,45,1.26822e-06,-1.96157e-06,-1
97,46,1.29382e-06,-1.56401e-06,-1
97,47,1.31339e-06,-1.16903e-06,-1
97,48,1.32709e-06,-7.77095e-07,-1
97,49,1.33518e-06,-3.87793e-07,-1
97,50,1.33785e-06,-1.24756e-14,-1
97,51,1.33518e-06,3.87793e-07,-1
97,52,1.32709e-06,7.77095e-07,-1
97,53,1.31339e-06,1.16903e-06,-1
97,54,1.29382e-06,1.56401e-06,-1
97,55,1.26822e-06,1.96157e-06,-1
97,56,1.23652e-06,2.36034e-06,-1
97,57,1.19888e-06,2.7581e-06,-1
97,58,1.1556e-06,3.15204e-06,-1
97,59,1.10714e-06,3.53898e-06,-1
97,60,1.05399e-06,3.91558e-06,-1
97,61,9.96588e-07,4.27858e-06,-1
97,62,9.3525e-07,4.62486e-06,-1
97,63,8.7009e-07,4.95153e-06,-1
97,64,8.01008e-07,5.2559e-06,-1
97,65,7.27688e-07,5.53545e-06,-1
97,66,6.49633e-07,5.78774e-06,-1
97,67,5.66224e-07,6.01033e-06,-1
97,68,4.76792e-07,6.20077e-06,-1
97,69,3.80702e-07,6.35651e-06,-1
97,70,2.77447e-07,6.47497e-06,-1
97,71,1.66732e-07,6.5535e-06,-1
97,72,4.85646e-08,6.58952e-06,-1
97,73,-7.66709e-08,6.58061e-06,-1
97,74,-2.08149e-07,6.52462e-06,-1
97,75,-3.44548e-07,6.41985e-06,-1
97,76,-4.84013e-07,6.26526e-06,-1
97,77,-6.24133e-07,6.0606e-06,-1
97,78,-7.6195e-07,5.80669e-06,-1
97,79,-8.94001e-07,5.50554e-06,-1
97,80,-1.01642e-06,5.16058e-06,-1
97,81,-1.12508e-06,4.77672e-06,-1
97,82,-1.21582e-06,4.36035e-06,-1
97,83,-1.28475e-06,3.91931e-06,-1
97,84,-1.32848e-06,3.46263e-06,-1
97,85,-1.34448e-06,3.00021e-06,-1
97,86,-1.33133e-06,2.54245e-06,-1
97,87,-1.28894e-06,2.09969e-06,-1
97,88,-1.2186e-06,1.68178e-06,-1
97,89,-1.12306e-06,1.29755e-06,-1
97,90,-1.00633e-06,9.544e-07,-1
97,91,-8.73567e-07,6.57941e-07,-1
97,92,-7.3071e-07,4.11749e-07,-1
97,93,-5.84217e-07,2.17241e-07,-1
97,94,-4.40697e-07,7.3653e-08,-1
97,95,-3.06588e-07,-2.18814e-08,-1
97,96,-1.87848e-07,-7.41643e-08,-1
97,97,-8.96971e-08,-8.96971e-08,-1
97,98,-1.64067e-08,-7.63925e-08,-1
97,99,2.88622e-08,-4.32488e-08,-1
98,0,1.28319e-08,1.32054e-15,-1
98,1,2.61764e-09,1.88606e-08,-1
98,2,-2.75717e-08,2.75717e-08,-1
98,3,-7.63925e-08,1.64067e-08,-1
98,4,-1.4166e-07,-2.35282e-08,-1
98,5,-2.20435e-07,-9.99103e-08,-1
98,6,-3.09138e-07,-2.18858e-07,-1
98,7,-4.03712e-07,-3.84646e-07,-1
98,8,-4.99805e-07,-5.99494e-07,-1
98,9,-5.92988e-07,-8.63448e-07,-1
98,10,-6.78982e-07,-1.17436e-06,-1
98,11,-7.5389e-07,-1.52797e-06,-1
98,12,-8.14411e-07,-1.91815e-06,-1
98,13,-8.58013e-07,-2.33717e-06,-1
98,14,-8.83054e-07,-2.77611e-06,-1
98,15,-8.88839e-07,-3.22531e-06,-1
98,16,-8.75602e-07,-3.67489e-06,-1
98,17,-8.44414e-07,-4.11515e-06,-1
98,18,-7.97044e-07,-4.53705e-06,-1
98,19,-7.35773e-07,-4.9325e-06,-1
98,20,-6.63194e-07,-5.29468e-06,-1
98,21,-5.82025e-07,-5.61811e-06,-1
98,22,-4.94939e-07,-5.89873e-06,-1
98,23,-4.0443e-07,-6.13383e-06,-1
98,24,-3.1272e-07,-6.32199e-06,-1
98,25,-2.21705e-07,-6.46284e-06,-1
98,26,-1.32923e-07,-6.55697e-06,-1
98,27,-4.75503e-08,-6.60568e-06,-1
98,28,3.35846e-08,-6.61082e-06,-1
98,29,1.09981e-07,-6.57461e-06,-1
98,30,1.81433e-07,-6.49948e-06,-1
98,31,2.47987e-07,-6.38796e-06,-1
98,32,3.09893e-07,-6.24253e-06,-1
98,33,3.67555e-07,-6.06554e-06,-1
98,34,4.21471e-07,-5.85919e-06,-1
98,35,4.72177e-07,-5.62547e-06,-1
98,36,5.2019e-07,-5.36621e-06,-1
98,37,5.65958e-07,-5.08304e-06,-1
98,38,6.09817e-07,-4.77753e-06,-1
98,39,6.51953e-07,-4.45121e-06,-1
98,40,6.92384e-07,-4.10564e-06,-1
98,41,7.30956e-07,-3.74247e-06,-1
98,42,7.67358e-07,-3.36351e-06,-1
98,43,8.01151e-07,-2.9707e-06,-1
98,44,8.31819e-07,-2.56606e-06,-1
98,45,8.58822e-07,-2.1517e-06,-1
98,46,8.81648e-07,-1.72965e-06,-1
98,47,8.99855e-07,-1.30184e-06,-1
98,48,9.13097e-07,-8.69987e-07,-1
98,49,9.21135e-07,-4.356e-07,-1
98,50,9.23829e-07,-1.26841e-14,-1
98,51,9.21135e-07,4.356e-07,-1
98,52,9.13097e-07,8.69987e-07,-1
98,53,8.99855e-07,1.30184e-06,-1
98,54,8.81648e-07,1.72965e-06,-1
98,55,8.58822e-07,2.1517e-06,-1
98,56,8.31819e-07,2.56606e-06,-1
98,57,8.01151e-07,2.9707e-06,-1
98,58,7.67358e-07,3.36351e-06,-1
98,59,7.30956e-07,3.74247e-06,-1
98,60,6.92384e-07,4.10564e-06,-1
98,61,6.51953e-07,4.45121e-06,-1
98,62,6.09817e-07,4.77753e-06,-1
98,63,5.65958e-07,5.08304e-06,-1
98,64,5.2019e-07,5.36621e-06,-1
98,65,4.72177e-07,5.62547e-06,-1
98,66,4.21471e-07,5.85919e-06,-1
98,67,3.67555e-07,6.06554e-06,-1
98,68,3.09893e-07,6.24253e-06,-1
98,69,2.47987e-07,6.38796e-06,-1
98,70,1.81433e-07,6.49948e-06,-1
98,71,1.09981e-07,6.57461e-06,-1
98,72,3.35846e-08,6.61082e-06,-1
98,73,-4.75503e-08,6.60568e-06,-1
98,74,-1.32923e-07,6.55697e-06,-1
98,75,-2.21705e-07,6.46284e-06,-1
98,76,-3.1272e-07,6.32199e-06,-1
98,77,-4.0443e-07,6.13383e-06,-1
98,78,-4.94939e-07,5.89873e-06,-1
98,79,-5.82025e-07,5.61811e-06,-1
98,80,-6.63194e-07,5.29468e-06,-1
98,81,-7.35773e-07,4.9325e-06,-1
98,82,-7.97044e-07,4.53705e-06,-1
98,83,-8.44414e-07,4.11515e-06,-1
98,84,-8.75602e-07,3.67489e-06,-1
98,85,-8.88839e-07,3.22531e-06,-1
98,86,-8.83054e-07,2.77611e-06,-1
98,87,-8.58013e-07,2.33717e-06,-1
98,88,-8.14411e-07,1.91815e-06,-1
98,89,-7.5389e-07,1.52797e-06,-1
98,90,-6.78982e-07,1.17436e-06,-1
98,91,-5.92988e-07,8.63448e-07,-1
98,92,-4.99805e-07,5.99494e-07,-1
98,93,-4.03712e-07,3.84646e-07,-1
98,94,-3.09138e-07,2.18858e-07,-1
98,95,-2.20435e-07,9.99103e-08,-1
98,96,-1.4166e-07,2.35282e-08,-1
98,97,-7.63925e-08,-1.64067e-08,-1
98,98,-2.75717e-08,-2.75717e-08,-1
98,99,2.61764e-09,-1.88606e-08,-1
99,0,1.33869e-09,5.28217e-16,-1
99,1,-3.76912e-09,3.76912e-09,-1
99,2,-1.88606e-08,-2.61763e-09,-1
99,3,-4.32488e-08,-2.88622e-08,-1
99,4,-7.58185e-08,-8.37755e-08,-1
99,5,-1.15072e-07,-1.74874e-07,-1
99,6,-1.59191e-07,-3.0803e-07,-1
99,7,-2.06123e-07,-4.87188e-07,-1
99,8,-2.53675e-07,-7.14172e-07,-1
99,9,-2.99627e-07,-9.88595e-07,-1
99,10,-3.41849e-07,-1.30788e-06,-1
99,11,-3.78417e-07,-1.66739e-06,-1
99,12,-4.07716e-07,-2.0607e-06,-1
99,13,-4.28529e-07,-2.47991e-06,-1
99,14,-4.40089e-07,-2.91609e-06,-1
99,15,-4.42101e-07,-3.35975e-06,-1
99,16,-4.34729e-07,-3.80129e-06,-1
99,17,-4.18544e-07,-4.23145e-06,-1
99,18,-3.94454e-07,-4.64172e-06,-1
99,19,-3.63605e-07,-5.0246e-06,-1
99,20,-3.27289e-07,-5.37381e-06,-1
99,21,-2.86849e-07,-5.68444e-06,-1
99,22,-2.43597e-07,-5.9529e-06,-1
99,23,-1.98757e-07,-6.17692e-06,-1
99,24,-1.53414e-07,-6.35537e-06,-1
99,25,-1.08494e-07,-6.48819e-06,-1
99,26,-6.47458e-08,-6.57613e-06,-1
99,27,-2.27402e-08,-6.62065e-06,-1
99,28,1.71248e-08,-6.62368e-06,-1
99,29,5.46137e-08,-6.58749e-06,-1
99,30,8.96379e-08,-6.51452e-06,-1
99,31,1.22236e-07,-6.40724e-06,-1
99,32,1.5255e-07,-6.26804e-06,-1
99,33,1.808e-07,-6.09913e-06,-1
99,34,2.07259e-07,-5.90251e-06,-1
99,35,2.3222e-07,-5.67987e-06,-1
99,36,2.55973e-07,-5.43268e-06,-1
99,37,2.78778e-07,-5.1621e-06,-1
99,38,3.00838e-07,-4.86914e-06,-1
99,39,3.22282e-07,-4.55461e-06,-1
99,40,3.43148e-07,-4.21931e-06,-1
99,41,3.63373e-07,-3.86403e-06,-1
99,42,3.82795e-07,-3.4897e-06,-1
99,43,4.01165e-07,-3.09745e-06,-1
99,44,4.18157e-07,-2.68863e-06,-1
99,45,4.33407e-07,-2.26491e-06,-1
99,46,4.46532e-07,-1.82825e-06,-1
99,47,4.57172e-07,-1.38088e-06,-1
99,48,4.65015e-07,-9.2526e-07,-1
99,49,4.69821e-07,-4.64045e-07,-1
99,50,4.7144e-07,-1.28509e-14,-1
99,51,4.69821e-07,4.64045e-07,-1
99,52,4.65015e-07,9.2526e-07,-1
99,53,4.57172e-07,1.38088e-06,-1
99,54,4.46532e-07,1.82825e-06,-1
99,55,4.33407e-07,2.26491e-06,-1
99,56,4.18157e-07,2.68863e-06,-1
99,57,4.01165e-07,3.09745e-06,-1
99,58,3.82795e-07,3.4897e-06,-1
99,59,3.63373e-07,3.86403e-06,-1
99,60,3.43148e-07,4.21931e-06,-1
99,61,3.22282e-07,4.55461e-06,-1
99,62,3.00838e-07,4.86914e-06,-1
99,63,2.78778e-07,5.1621e-06,-1
99,64,2.55973e-07,5.43268e-06,-1
99,65,2.3222e-07,5.67987e-06,-1
99,66,2.07259e-07,5.90251e-06,-1
99,67,1.808e-07,6.09913e-06,-1
99,68,1.5255e-07,6.26804e-06,-1
99,69,1.22236e-07,6.40724e-06,-1
99,70,8.96379e-08,6.51452e-06,-1
99,71,5.46137e-08,6.58749e-06,-1
99,72,1.71248e-08,6.62368e-06,-1
99,73,-2.27402e-08,6.62065e-06,-1
99,74,-6.47458e-08,6.57613e-06,-1
99,75,-1.08494e-07,6.48819e-06,-1
99,76,-1.53414e-07,6.35537e-06,-1
99,77,-1.98757e-07,6.17692e-06,-1
99,78,-2.43597e-07,5.9529e-06,-1
99,79,-2.86849e-07,5.68444e-06,-1
99,80,-3.27289e-07,5.37381e-06,-1
99,81,-3.63605e-07,5.0246e-06,-1
99,82,-3.94454e-07,4.64172e-06,-1
99,83,-4.18544e-07,4.23145e-06,-1
99,84,-4.34729e-07,3.80129e-06,-1
99,85,-4.42101e-07,3.35975e-06,-1
99,86,-4.40089e-07,2.91609e-06,-1
99,87,-4.28529e-07,2.47991e-06,-1
99,88,-4.07716e-07,2.0607e-06,-1
99,89,-3.78417e-07,1.66739e-06,-1
99,90,-3.41849e-07,1.30788e-06,-1
99,91,-2.99627e-07,9.88595e-07,-1
99,92,-2.53675e-07,7.14172e-07,-1
99,93,-2.06123e-07,4.87188e-07,-1
99,94,-1.59191e-07,3.0803e-07,-1
99,95,-1.15072e-07,1.74874e-07,-1
99,96,-7.58185e-08,8.37755e-08,-1
99,97,-4.32488e-08,2.88622e-08,-1
99,98,-1.88606e-08,2.61763e-09,-1
99,99,-3.76912e-09,-3.76912e-09,-1
